ISO_C3,start,end,avg_level,trend_annual,Pvalue,avg_vol_withinYr,avg_vol_btwYr,inter_quartile,mad
AFG,0.408852320328,0.439664118,0.40401121499186443,5.874581739100031e-4,0.28936128706711883,0.3454179687518644,0.07193937942061107,0.07988892600000003,0.056343305877828216
AGO,1.138581192768,1.020534498564,1.0536705365959322,-7.025056800490544e-4,0.3993039681472119,0.9094004307376271,0.10794468728354645,0.14864381628000012,0.08533972962677391
ALB,1.129592786064,1.099541186676,1.0607345908515253,-5.747538961823872e-4,0.6409354329404473,0.6437646998216949,0.15925521970076184,0.20590531859999994,0.1266228549635852
ARE,0.065738717454,0.0731928506472,0.08092307447715254,-2.6403060968626936e-4,0.48441505768726656,0.14796493529308474,0.04885678088677104,0.063347747088,0.03607145315478081
ARG,0.860357592996,0.9666618352440001,0.9308035525322034,0.0017832635794155615,0.05289401905251364,0.4740093770583051,0.12091307468708269,0.14624341811999986,0.0944006153127492
ARM,0.447312221592,0.472173126276,0.4590316733837288,7.34121598534163e-4,0.24329720557029044,0.29801914997898304,0.08172133874527245,0.09509481672000003,0.06348858902154553
AUS,0.893702128368,0.807531266928,0.8550769251823729,-0.002943400513956776,0.003595893536272353,0.3370111501138983,0.13544745040126224,0.16700128272000003,0.10865359018741741
AUT,1.027075855356,1.05568880598,1.0057330010440677,0.001158448474260662,0.12086056732022477,0.45752322762711867,0.09744834311998456,0.1279795037399999,0.07453649271505887
AZE,0.4404984234,0.41629763778,0.42525964840677966,-4.831566507422788e-4,0.3179709129219833,0.222147441219661,0.06273944567114197,0.08601530112,0.048960795270853195
BDI,1.30126542888,1.267269383304,1.2467340946413559,-8.134124548685114e-4,0.3527048330737942,0.8982283746081356,0.11343122497694373,0.10745599163999997,0.08432532803672507
BEL,0.849673307016,0.834374145444,0.838242562779661,5.02017570641749e-4,0.5653010186499181,0.3821540630440678,0.11288638841624711,0.15876249497999995,0.08999382049116919
BEN,1.229258079312,1.10062986402,1.0916885823905085,-7.12684434578628e-4,0.5664588608461489,0.8446437172250848,0.16073502966967707,0.16534605996000018,0.11635074269950013
BFA,0.8767752449280001,0.84985467774,0.7983377361355932,1.2008883982233127e-4,0.8567788755556849,0.9676116868413559,0.08591906581035513,0.11489628624000003,0.06974010377939674
BGD,2.14087589688,2.07016085544,2.155162884874576,-0.0012000568245937916,0.5826459961892403,2.1482126769966103,0.2823188388647938,0.40718885939999994,0.22716695123769035
BGR,0.612931031412,0.66483098544,0.6145047072955933,7.46373827572183e-4,0.31891827520411,0.31075094816135596,0.09710728646377602,0.12329851746000009,0.07522951231280667
BHS,1.29789951612,1.3818228378,1.3199119162128814,0.002250903767656309,0.10523079176377141,0.8487290369186441,0.18147407041201608,0.2502996527999999,0.14913408082845164
BIH,1.077169609812,1.103289347832,1.042897051600678,8.359479248556181e-4,0.473850390119847,0.4829818230711864,0.15102815567677497,0.20687482806000013,0.12179996612538929
BLR,0.611465423748,0.636525643116,0.618551516121356,8.346327079672617e-4,0.11943385172629722,0.3113999777227119,0.06994502939756779,0.09406755024000002,0.05763784898854353
BLZ,1.79131724784,1.98730196916,1.9291298616610169,0.002467904169889027,0.24007783580665326,1.278822382299661,0.2728735603912085,0.32375428740000034,0.21334866946279804
BOL,0.741381979104,0.8228612024640001,0.8212361463925424,5.279286279485661e-4,0.4923705830095694,0.6403095814800001,0.09948496438434735,0.10271832636,0.07541229796343578
BRA,1.448745983196,1.44475369296,1.4874581513349152,2.1923368831559259e-4,0.8063209214858861,0.6838701150630508,0.11547566749785287,0.1600846440000001,0.09199037241873026
BRN,2.98992843012,3.28016850408,3.0766140036,0.005725190812109833,0.07925637433290113,1.4350951643552543,0.426925970834049,0.6759876780000003,0.35285957288135594
BTN,2.19493657716,2.23500609276,2.2924316956271187,1.4901884437166653e-4,0.9350316737249624,2.4531590317220338,0.23602354974501155,0.29512403279999955,0.1941109622368285
BWA,0.40509859884,0.411231126108,0.42282730964135595,-7.349487547679703e-4,0.33077113032443106,0.46706859020542374,0.09797184353684654,0.14401040022,0.0819910142304855
CAF,1.503179892,1.45193749092,1.4332465879322034,-7.213104949620189e-4,0.29727033160025035,1.0532547916454238,0.08977563912898422,0.1046443572000002,0.0695667911806952
CAN,0.886030569096,1.00404307578,0.9552290190122034,0.0018127942467843358,1.5939293604047309e-4,0.22066001115254238,0.06593594667181586,0.09312785664,0.052063218334179845
CHE,1.312385531196,1.2895499443560001,1.3212464083871187,4.542453199391939e-4,0.7126488921684632,0.5810255077545763,0.15932811465944197,0.2196580751999999,0.13034142828472278
CHL,0.602312787912,0.48547727260800005,0.6181789296833898,-0.002069282231593238,0.11539744951988908,0.6321766491030508,0.17155516079474992,0.2354869503,0.13818559943724218
CHN,0.969178321404,0.995880127104,0.9719080226766101,1.977643726359038e-4,0.6841325109935346,0.6705738905776271,0.06280536697757629,0.07288530665999993,0.0487907901728239
CIV,1.5718401342000001,1.422222644184,1.4389507940847457,-0.0019224102473758273,0.13508231337028467,0.9622085884718644,0.16773302564711362,0.12363800460000007,0.11286519918735997
CMR,1.83075953616,1.61560354272,1.7191535261288136,-0.0019343589169374916,0.10638016855919953,1.2856842483742372,0.15645606520036173,0.17474124839999972,0.11547435916874461
COD,1.5387067669199999,1.47731462196,1.4607342388677966,-0.0013184416108474309,0.04096169428590821,0.5594080231688136,0.08482635515807951,0.10481638980000008,0.06553358588359666
COG,1.51127128464,1.51858585272,1.491684532480678,0.0013922759026815197,0.2014939963458029,1.107421139780339,0.14174441419581932,0.21341424779999985,0.11727452831117494
COL,1.74674748876,1.8298600059599999,1.8289792986915254,0.001963821937977764,0.33091678405950253,0.7579321973227119,0.26186415086142667,0.31193978460000005,0.19877032399701236
COM,1.90446002628,1.79903002788,1.7902034162135594,-0.004264991270566863,0.05875880850329847,1.286669073317288,0.29596422094621333,0.3394000097999996,0.2221662783057742
CPV,0.40898000852399996,0.340270001604,0.31697797000922034,-1.8995924221786882e-4,0.8277430202598985,0.48030936600427115,0.1127306753905835,0.13585000211999998,0.0878404486219684
CRI,3.130350825,2.76936595572,2.975184426020339,-0.005332847596516743,0.059280589820492495,1.7740389165254238,0.37080569929849494,0.5407808964000003,0.30701299669796034
CUB,1.357931877252,1.39915080174,1.359719308759322,0.0016740774775967006,0.24359441727020864,0.956391417781017,0.18647197588553635,0.29606873328000005,0.15294397488744615
CYP,0.48010343690400004,0.44586710082000003,0.43403255227322035,-4.69810542592624e-4,0.5591227704523445,0.5097901500671186,0.10399253478200744,0.14442478560000005,0.085937896278081
CZE,0.681061586184,0.670567122336,0.6587468062271187,8.463310942372308e-5,0.8871988392753994,0.3300555858772881,0.07703618513780527,0.11668129668000005,0.06212148206781959
DEU,0.749616528756,0.700837257768,0.7259217993376271,-8.389758002103302e-5,0.9029053585931018,0.28346343150101694,0.08879540141930188,0.12127188156000002,0.07053410885198504
DJI,0.27776425746,0.274088950668,0.2502748397304407,2.3353833583592354e-4,0.7247894509816292,0.27261529724094913,0.08568749402511965,0.10544452769999996,0.06732068505107727
DNK,0.689743029564,0.704152321356,0.6689492349579661,9.794819019591024e-4,0.15879204590491655,0.317822051259661,0.09053035562394955,0.12734343504,0.07295089077786841
DOM,1.335895118016,1.345480035432,1.3890179546644068,0.00136645446903333,0.45841231512280145,0.7968388173681356,0.23850973247464802,0.2652140975999999,0.18045257189336397
DZA,0.46697024052,0.467541168084,0.46277324307254236,-3.9107134485099037e-4,0.5544418426737813,0.33927063119389833,0.0855456937190403,0.12714952151999998,0.07059852212097673
ECU,1.149456135852,1.466905092528,1.300429537981017,0.004091476517568677,0.12410560896122853,1.0391324698250848,0.34711070304120645,0.47842580322000017,0.2806064801787992
EGY,0.0538198433016,0.046765070112,0.05139020598447457,-2.0439049369724895e-4,0.12465177805397909,0.07249802308677966,0.017364630678842176,0.021787821636,0.014017243514364838
ERI,0.340813114896,0.330608088456,0.3367784328833898,-5.638380311957724e-4,0.4335989276399368,0.4677936147355932,0.09321560531381906,0.13214061234000002,0.07173423257712151
ESP,0.6622020754919999,0.612865661316,0.6271154336827118,-0.0011618167151887864,0.10743587854452373,0.36185340645355935,0.09424763290316579,0.13434391278000002,0.07751628427828784
EST,0.594889058916,0.688169984016,0.6539387111227118,0.001859786804928125,0.005130264631440759,0.3276184107416949,0.08878569751831654,0.10501711710000006,0.07130509763520827
ETH,1.164116027328,1.180513063956,1.1157910774820339,9.664134117829337e-5,0.9088891984492888,0.8886512723308474,0.10903224445869937,0.14638660859999986,0.08837851500403332
FIN,0.5570164068,0.60736467738,0.586565515258983,9.97869917260095e-4,0.07318282789359372,0.2895917293322034,0.07292950736908518,0.09839464206000015,0.05790789125998277
FJI,2.7819115338000002,3.17849087508,2.9554425939254236,0.005593043509620181,0.3225182470610858,2.1763200583525424,0.7330714299113547,0.8877593321999999,0.5495244692725079
FRA,0.827550000612,0.825361176876,0.8366040001749152,2.7033661767376504e-5,0.9664999584329945,0.30552392588338984,0.08310345139329091,0.1458055253399999,0.06903622731550703
FRO,1.5844500265199999,1.65649002876,1.6242813855864406,0.0030910813465809613,0.07392720934855025,0.7732050588081356,0.22648049481138688,0.29450002200000025,0.16697173488606726
GAB,2.08681712304,1.9664730912,2.0038769098779663,-8.717885790297779e-4,0.5465513538013798,1.3423606545498306,0.18697476505882268,0.24949580879999944,0.14456892321562767
GBR,0.869375182068,0.923739236748,0.8883467547640678,0.0017739756138585696,0.018744377653262194,0.3839707042718644,0.09983035166105801,0.1309460670599999,0.07877510068060903
GEO,0.996624906948,0.993354879048,1.001235867957966,4.4134462753710977e-4,0.6162298708382153,0.37113500605423727,0.11381333046469273,0.1582426090200001,0.09014178422809534
GHA,1.3156617796680001,1.1876236547880001,1.1799647002515254,-0.0016327002874997343,0.19099463387492255,0.7795269751505085,0.16242148127929665,0.14583115151999992,0.11100346000029876
GIN,1.99401447876,1.87080703104,1.8198675804,-0.0016313304475511405,0.19008298356163553,1.873673293220339,0.16195692386211968,0.18303647820000024,0.12466766623728814
GMB,1.167377227044,1.041116613336,0.9912042338705085,-9.517427712729299e-4,0.5364076982025275,1.5139128920684746,0.19908168940124824,0.27699179123999995,0.16248249279409369
GNB,1.78794410316,1.60269728184,1.563575309001356,-0.0014102377075651325,0.433535441285285,2.1660192702915255,0.23311324232447872,0.28964943359999995,0.19408553231731113
GNQ,2.52573484188,2.24194160832,2.376912480935593,-3.940442829222672e-4,0.8739765765320082,1.3036567667247456,0.3207805981564812,0.3124492061999993,0.23096938784900883
GRC,0.624885975144,0.629897156364,0.597938211301017,-2.2925790342257234e-4,0.7402618231247959,0.42009283316745766,0.08932792888216921,0.10048440438000006,0.0679758173074404
GRL,0.626354105124,0.650226965388,0.6514008372427118,3.9105282854937177e-4,0.6044477015231623,0.2722191185044068,0.09757822131229593,0.12481212215999993,0.07905183768944556
GTM,2.82683041188,2.66322111624,2.6308915720271187,-0.0013931552055639377,0.5822812801669579,2.1038798333288136,0.3274301626274916,0.43073104140000007,0.25803176577673076
GUY,2.43554821536,2.50582279356,2.5607173862440678,0.0014356491609817633,0.6727004520413193,1.5831586901633898,0.43910210740272637,0.6162157601999994,0.36175247120942255
HND,1.93213813224,1.80269310552,1.830933520881356,-7.573331315487855e-4,0.7045764741162379,1.2398141118122035,0.2580454509001997,0.3270850919999999,0.20534970212766446
HRV,1.065777767496,1.0586322081719999,1.0084033859552541,2.2163600969490492e-4,0.8259776050132128,0.45992044807322036,0.1301740139636489,0.16329866261999992,0.10270160074500428
HTI,1.450988565852,1.4676747683640001,1.4598590814142374,6.902897963109563e-4,0.7952939900731274,1.1176062605064407,0.3436085077043144,0.4978535369999999,0.2719460500131227
HUN,0.5966453709,0.613438315752,0.5797873076705085,6.567737954342281e-4,0.35176231714983364,0.30587268648,0.09141007687362467,0.10487192016000013,0.06953947199234703
IDN,2.33497404324,2.52578439816,2.4662637546915254,0.0025809721416013426,0.33261953772250086,1.1705460767572882,0.3453615108041975,0.5338714356,0.28545322095099107
IND,1.163180190636,1.17746715204,1.1544627866725423,-3.184942818866056e-4,0.6687937563634649,1.2195034551945763,0.09619500920430508,0.15640668767999988,0.08121675605563919
IRL,1.023858900984,1.0818445764,1.046438822420339,0.0019143263598550616,0.015203969696377977,0.46876004285288136,0.10448262775057485,0.14056461521999997,0.08231012392781385
IRN,0.277181625,0.256403767092,0.2782318796237288,-6.131796584710797e-4,0.11756167919415271,0.2264575720759322,0.051131522041071804,0.06680737272000004,0.04087446504434359
IRQ,0.236208738072,0.201250162548,0.21839344733694915,-7.992913924909453e-4,0.01651518019412508,0.223557049059661,0.04414557086719178,0.05862500640000001,0.03693871238740592
ISL,0.861396877692,0.9936265260720001,0.9514308257247458,0.0024567998918854595,0.005755476395565119,0.39326998680406783,0.11876618936171066,0.14052667200000013,0.0953639737487159
ISR,0.491163880188,0.427658721648,0.46305658876881356,-0.0016695265188638223,0.0602716578156508,0.6270684825925423,0.11652352384825837,0.15042655680000017,0.09401813597777652
ITA,0.8880428741759999,0.87943122312,0.9029641841715255,-8.121697554810299e-4,0.2958724175958209,0.3784332822223729,0.10079483611441062,0.1475480698799999,0.08237492782035048
JAM,2.4143039508,2.42948074536,2.3636505139322033,0.0012154227411338768,0.7994114349085172,1.5849727157715254,0.6176969839001081,0.6831027215999999,0.49627940741350185
JOR,0.286280234556,0.253080666324,0.2756100098481356,-0.001004563914340153,0.07489253564919929,0.3905499496942373,0.07384207497600094,0.08824931399999997,0.058863313518529164
JPN,1.60247259096,1.70957538492,1.6213325634874576,0.0013926116675067244,0.31600399138802987,0.860071559180339,0.18010809030362704,0.20868777299999985,0.14166146237674232
KAZ,0.333816773304,0.345825363888,0.3306870044298305,5.268958718223268e-4,0.08830697488832392,0.12049939966494916,0.04042630514904137,0.04371654216000004,0.03105172248523987
KEN,1.274988388692,1.337934918444,1.1782894312881356,3.11203799915907e-4,0.8484411145343308,0.7063980196311864,0.2102715068836188,0.2831510878800001,0.1608999719437403
KGZ,0.438520395168,0.445030821588,0.4333301899708475,7.564329099310177e-4,0.23631623185526268,0.27831604004338983,0.08297857296722312,0.0765510291,0.06141159961027293
KHM,1.72120149012,1.7591237341200001,1.7292913287254237,8.016658471070026e-4,0.6064137122120035,1.436147367301017,0.2011279339190607,0.2955589620000001,0.1632948058114335
KIR,0.864810011472,1.04600000004,1.0449339101288135,0.0012065513391934287,0.7369790187380776,0.8750321904406779,0.4640371072566705,0.176149989,0.27542534089289283
KOR,1.408964206536,1.3375857908639999,1.3678195419294916,3.028239937206721e-4,0.8655381145780584,1.3274104078006779,0.23091846170697947,0.2789723136000002,0.18294925434249928
KWT,0.0992003544924,0.0901828703496,0.11051987065586441,-1.956775805680761e-4,0.5031232770480136,0.16549589894522035,0.037804388937853435,0.05575054403400001,0.031163729020467684
LAO,1.77060376548,1.7476655756400001,1.7611594169491525,-9.65572561542488e-5,0.9447572769769828,1.5574099249830509,0.1799100604359946,0.26606846640000015,0.1518428220720483
LBN,0.793045744452,0.682176309924,0.7029819981172881,-0.002109011462987746,0.08657944621990284,0.8343899215850847,0.16095663375862349,0.1962166691399999,0.12421254272411376
LBR,2.77672627164,2.55826080384,2.508023898162712,-0.0011325007126359054,0.612922375458181,1.8310724955457627,0.28933729266846636,0.3488152590000002,0.2167478168494111
LBY,0.1869383514552,0.18283157952360002,0.19749352916318644,-5.185459336130971e-4,0.10873583793919896,0.22776135764257627,0.04221676948030667,0.05137719606000002,0.032953849808501
LKA,2.14343132244,1.9379155510800001,1.9365561891661016,-0.002111997555043738,0.33907896450215347,1.317288085016949,0.286379323543791,0.37126634219999977,0.22009128984682558
LSO,0.764301015552,0.69280408038,0.7799827566528814,-0.001508513483747518,0.1968219467358214,0.6603757653376271,0.1520124551565858,0.22399531055999988,0.12702068783179546
LTU,0.628974490368,0.689516580732,0.6611632159952542,0.0010006316040210431,0.10389792695351202,0.3163767318122034,0.08037146655224116,0.10003999403999997,0.0654449379836139
LUX,0.85079001378,0.79580001126,0.8322271337654238,-1.960140656177548e-4,0.8390718723603259,0.3869782500528814,0.12463541072186067,0.18300001212000017,0.10102574242955474
LVA,0.590805822708,0.6841978736159999,0.6513528397586441,0.0015271695074061985,0.015684542600537088,0.3137880000223729,0.08372203950228432,0.10024346651999994,0.06452677569900604
MAR,0.468979540896,0.40209675459599997,0.4084268510277966,-0.0012803553221134118,0.12624671297681503,0.4050913040908475,0.10922705190391731,0.12669374760000002,0.0849929790050675
MDA,0.5535148017720001,0.5221672159440001,0.5356994487457627,-8.460190266768176e-4,0.16548845866964432,0.3054451869437288,0.07943027874547856,0.1215685002000001,0.06601713120179258
MDG,1.6274881641599999,1.53833630652,1.650738758481356,-0.0024453003426066606,0.08388521099454391,1.3439373700515254,0.1850598987954539,0.19276203419999982,0.13644277216409076
MEX,0.968092569408,1.013286766464,0.9679492353559322,6.925796477568601e-4,0.2848426993208496,0.891050438698983,0.08402888281385702,0.10840109513999996,0.06751722644318299
MKD,0.693362113872,0.697765079868,0.6663440703254238,-1.3958634690124037e-4,0.8570088799348781,0.3385269396061017,0.10003115008513616,0.12880324115999997,0.07868770050863544
MLI,0.791568527628,0.77208679878,0.7220653061369492,1.3024619997195787e-4,0.847413003739824,0.9299745642650847,0.08740357333512469,0.11718069606000003,0.07196321450730249
MMR,2.29329987552,2.18769289224,2.1698469845288137,-0.0014142235556282373,0.5040885906655803,2.2882423325898307,0.2738405989786378,0.3888639006000001,0.2186974302143062
MNE,1.364928733512,1.373085427368,1.3151283455247458,4.8033910136524366e-4,0.7538765003265215,0.702978417620339,0.1978786439940043,0.27294157259999996,0.16283528317141052
MNG,0.294010297308,0.265609259004,0.273609241940339,-7.033219672776199e-4,0.021722216212591856,0.3186173764535593,0.04048904144375405,0.04965070110000003,0.031388153770548696
MOZ,1.016567106888,0.9893642503560001,1.0056164115722035,-0.001173110213077745,0.2747493331059851,0.910915357419661,0.13940413086677667,0.19437860202,0.10957180822393565
MRT,0.294645323364,0.257276761824,0.24005011000067797,-5.346161292342915e-5,0.9016713317771888,0.38700189939661017,0.05586905159507085,0.08696056085999998,0.04490246253490376
MUS,1.86330003312,1.79287002936,1.8747356230474577,-0.003831998915523061,0.2418616887780018,1.4720238726101695,0.42529012588011145,0.3496500065999999,0.3145325533902901
MWI,1.119677315928,1.065972778944,1.0680348126366102,-0.001673633701332534,0.1931900208877445,1.2162254229538982,0.16730548488415317,0.22593358104000005,0.13114216583813848
MYS,2.6553337314,2.64542420184,2.5950629860067798,0.0027132894666277016,0.15079776280408214,0.8600211128847458,0.2460526540792095,0.4093849368,0.20950137020304507
NAM,0.385376051508,0.39367133982,0.3886013002820339,-2.0387598342958376e-4,0.8090630376885435,0.49428112061898305,0.10895882270836563,0.09495419159999996,0.07752799573244469
NCL,1.3655866781519999,1.2482299002719999,1.3119642700657628,-0.002131868906188144,0.38289890800551785,0.9188550201498306,0.31649640411283864,0.39169295561999995,0.24378584304489515
NER,0.524622554064,0.483000629856,0.46057183339525426,-6.482440404439854e-5,0.9161284122027544,0.6855556925837288,0.07947428621845369,0.1109792697,0.0632493254697156
NGA,1.45444055124,1.332850533576,1.3626551074535593,-7.29464650716559e-4,0.4098486113640537,1.1335839064881357,0.1146152048123394,0.1488934625999998,0.09089089835775925
NIC,1.7952861006,1.57624568088,1.6660520181559322,-0.003083312400210446,0.07938163183582742,1.4695031219145762,0.23001511708023223,0.33007865459999985,0.18834933200114912
NLD,0.8201369204760001,0.783543290532,0.790410912699661,4.6980510181649865e-4,0.5763535230744659,0.3683406938013559,0.10870974980218136,0.13241775624000007,0.086623881414605
NOR,1.2083624067,1.334626830528,1.274302238062373,0.003194529303661044,0.002740144829468213,0.5174244187138983,0.1431930183262874,0.22387595820000006,0.11683871820520542
NPL,1.59942497532,1.517819224932,1.5776815067023728,-0.0025253415457206453,0.151374659914425,1.8217600221376271,0.22932633781925157,0.26258923320000016,0.16503706806853205
NZL,1.3321407949919999,1.2649194666599999,1.2727008866338982,-0.0017583586855897265,0.06842232285623122,0.48321181194305085,0.12641830215966066,0.14850581819999986,0.09840050337121514
OMN,0.1111774896972,0.1002888139488,0.11269922406386441,-5.273913241346667e-4,0.28281971056208044,0.1728125907597966,0.06372146362922021,0.07531520023800001,0.050571873157534045
PAK,0.418498349868,0.48474768844800004,0.45880115838508473,8.35766211268284e-4,0.21073445277113306,0.45436331599932206,0.08681369036601508,0.1324055631,0.07242235293821316
PAN,2.33109816324,2.2635184649999998,2.3508602620271186,-5.672846602688762e-4,0.7681789220313411,1.580139704044068,0.24856883357252502,0.3037495565999997,0.18958231877736278
PER,0.567592436616,0.564294395448,0.569387774359322,1.6382891121216188e-4,0.8037040030923264,0.4129139496976271,0.0851193610975375,0.12344263362000008,0.06949663689011203
PHL,2.27054599164,2.554621926,2.394897560827119,0.005917605060666304,0.014949519511214735,1.369463409459661,0.32220886250356795,0.35145431700000085,0.24881860058626828
PNG,2.88624692136,2.8836832206,2.8334216218983053,1.778452399532828e-4,0.9106068731432905,0.7154237166162711,0.2045194128192094,0.2015182662000008,0.14819703840206838
POL,0.645684737604,0.624841670604,0.6139462337511864,-2.8924808016365087e-4,0.6196788825604889,0.3120486669254237,0.07532497085362012,0.10167988662000005,0.06174081178976156
PRI,2.04892128456,2.35516793628,2.0864107407864405,0.0063939415500176315,0.03562755713775559,1.1161438951728813,0.4005853242621867,0.4759336956000002,0.31889552258730247
PRK,1.137014330844,1.01062942392,1.0431983959911864,-0.0017041940087831823,0.1621493758361549,1.1137300481064407,0.1587605787101809,0.23868208572000027,0.12564427535014072
PRT,0.930537958344,0.910519477872,0.8851625415315254,-4.157495716656951e-4,0.7672711088589376,0.7517291875667796,0.18143922763650777,0.2536811107800001,0.14906891048900892
PRY,1.472307937152,1.65435752316,1.5506965253552543,0.003150830392201101,0.10965777936068648,0.783648865381017,0.25717416145538524,0.3449514756000003,0.21013319560857224
PSE,0.424525124412,0.3792013986,0.41108506636677966,-0.0014968172827679726,0.07694018375250193,0.574211454219661,0.11077585892251861,0.16214972604000005,0.08971093239402471
PYF,1.81922002248,1.499310032244,1.6103288430772882,-0.00548563393629217,0.03905614697248711,1.5645156366589832,0.349694865839151,0.4383499955999999,0.2726801548731744
QAT,0.0653178280692,0.0666588278736,0.07056075746501694,-5.5274607038922946e-5,0.8660645316580696,0.1397940306522712,0.04231686715603538,0.048962945784,0.03179313486784947
ROU,0.6321766558199999,0.642813645504,0.6291539376610169,2.4705652475276343e-4,0.716026276563009,0.32565265903525425,0.08773284514238526,0.1313104973399999,0.07265174017316862
RUS,0.56295278976,0.5847045378,0.5741656105891525,6.45056684346001e-4,0.027296584917884708,0.20602492728020338,0.03854764555014556,0.04720264829999987,0.029898518659166904
RWA,1.263298805556,1.2975980626199999,1.2261120011105084,8.018974724956348e-5,0.9393879680100908,0.7161700396067796,0.13615593350999453,0.11830193465999983,0.09397304953882214
SAU,0.0892313393412,0.0833771285448,0.08641460792277966,-1.7358191408416078e-4,0.2955280695654925,0.08568891336061017,0.021527285776808475,0.030134983554000003,0.016980839843203675
SDN,0.36737975226,0.35625180112800003,0.33054823660474575,1.408165872098305e-4,0.7534458856711376,0.47259872080881354,0.05790564350169213,0.07329823908,0.044166365176512505
SEN,0.739864797252,0.647383180188,0.6174656862508474,-5.918772422209065e-4,0.5715246673945602,0.9787165657138983,0.13524539385841136,0.19841468982,0.1109514870002413
SLB,3.3959172792,3.2058522804,3.218169895261017,-0.0031445372669316554,0.26404526159962743,1.0902235785661016,0.36550198047844,0.10019543760000049,0.21968983737500733
SLE,2.72302319976,2.53668066108,2.518139689484746,-0.0025429656162711755,0.09378803481470013,2.4106637155728814,0.19836159228178407,0.2641867794000001,0.15077673642125825
SLV,1.828776462,1.71341219748,1.7126606229559322,-7.786655679485801e-4,0.7120683484518839,1.7546147946915254,0.27254403495602,0.40677513,0.22061006193714447
SOM,0.439075860168,0.38928993514800003,0.36453843534711866,-7.517631731221169e-4,0.32491533726962196,0.4012169422230508,0.09901755108085873,0.1344160875599999,0.07792247931798908
SRB,0.7290680256600001,0.743556537444,0.7177379388325423,5.269725109900447e-4,0.5116691515754366,0.3420849463220339,0.10387155629087831,0.1492275047999999,0.08127013229936227
SSD,1.016680082304,0.982425600708,0.9701452562867797,3.620860321332678e-4,0.5952193867058422,0.8574811943694916,0.0880985307693784,0.08831265456000004,0.06736918218270611
SUR,1.99172992896,2.1795889818,2.1680883449084747,0.0019799487654002797,0.41814883473260567,1.2127276538949152,0.31664131904393616,0.4138432674000003,0.25633797053743185
SVK,0.801455348076,0.8096561667719999,0.7758272105735593,4.623265804979337e-4,0.5417935833691108,0.39883270914711866,0.09799532565465104,0.10513417691999993,0.074173421676162
SVN,1.4436831096,1.4717593348559999,1.378619250638644,4.027370922290953e-4,0.7380819300038781,0.66062458788,0.15556842669291635,0.15070752480000005,0.1132805832420569
SWE,0.602629888224,0.650325698328,0.6239515446528814,0.0014072939724652368,0.008885292734889541,0.29148734327186443,0.07155804605803961,0.10282621127999991,0.057896307701281235
SWZ,0.798257075556,0.819305450688,0.8703763652867796,-5.501237707960453e-4,0.7004926402299378,0.8118051102101695,0.1847637753590346,0.21880962522000003,0.13884737963513932
SYR,0.454076880636,0.408432221244,0.4095704517661017,-0.0010149248119813046,0.13133344632412824,0.4203663963477966,0.08771903436123099,0.11800427459999996,0.06860614414586613
TCD,0.768631690176,0.7470610887720001,0.7076402912298305,1.5442930284514564e-4,0.8196611547674232,0.9219165746257627,0.08747322836475992,0.12264672042000013,0.07021650499677104
TGO,1.27827297312,1.182135600936,1.1532907255240679,-6.797369916680438e-4,0.5720880415382437,0.8398808149566102,0.1555486728209366,0.1458819722400002,0.11131385310501576
THA,1.5354818029200001,1.50754429692,1.4772593687776272,-6.960620275159292e-5,0.9509780537256008,1.1007372896338983,0.14617562239811663,0.15662796479999996,0.11124288018546394
TJK,0.48894400585200004,0.499837581684,0.4874503030922034,8.312164577814081e-4,0.2176888992973585,0.43523155003118646,0.08764340036255121,0.10937649066000005,0.06604520061580006
TKM,0.17774329498799998,0.172605088212,0.17086194065491525,-2.1169442679837305e-4,0.4322993131120175,0.15906633069559323,0.03489984807193711,0.04328034749999998,0.027175611011272624
TLS,1.308856340988,1.313115601884,1.2490217000440678,8.855940824785534e-5,0.9697255111908927,1.184623035663051,0.30125912086156315,0.33662866956000004,0.22976058074909508
TTO,1.76326188024,1.7210872050000001,1.7778757004542374,-0.0011192048506604552,0.4980537209064858,1.0938828446176272,0.2136935704298426,0.3259600091999997,0.17710688227084176
TUN,0.380079942804,0.40131455226,0.40285884927050847,3.5547370569241685e-5,0.9573967376669021,0.3274839281186441,0.0859107258520467,0.13632732347999998,0.07178938021272047
TUR,0.6600284097119999,0.667276228812,0.634103702780339,1.3176839445936786e-4,0.8206902475988976,0.39345817675932204,0.07507306890685064,0.11067731454000007,0.06139640043557597
TZA,1.214574776064,1.163998790892,1.1319780365877965,-0.0010804725463518026,0.2989221753044414,0.7535025083857627,0.1349337465505077,0.1533335116800001,0.10609091668495259
UGA,1.366032232344,1.5092057620800001,1.3273160261064407,0.0021379255789620855,0.07615158633672593,0.6305609557972881,0.15781122768724432,0.1823922318000002,0.12137700197715598
UKR,0.570425931048,0.548108813256,0.5630036475457627,-1.8722279278318767e-4,0.7050948292926138,0.24404645397559321,0.06390976061017459,0.07757138442,0.05031311420276933
URY,1.044557378448,1.217441087688,1.1666670198101694,0.0028697158213816525,0.06415079902574045,0.5996292601240678,0.20319190904038464,0.2899870887,0.16073599222931342
USA,0.904809130032,1.044325462824,0.9789531840813559,0.0020540268605540746,4.145685816115355e-4,0.20857510241105084,0.07929430408985122,0.11115121451999999,0.06188207152422868
UZB,0.321467633328,0.32240803007999996,0.3176010184616949,5.673197236095758e-4,0.2633112306522206,0.26525113616338986,0.06584164095413533,0.07179719490000003,0.0464605113720655
VCT,1.62823002948,1.644380026332,1.6090390072088137,0.0014485038658211427,0.4227466958807975,0.982826744540339,0.23394080471476117,0.2918500103999999,0.18624493572134448
VEN,1.17474827952,1.086264880872,1.1438489799701694,-7.34240453800148e-4,0.5901138812147121,0.7419339856230508,0.17620433930807425,0.19879643808000003,0.13747513036019535
VIR,2.15859003204,2.39469004932,2.219091567498305,0.0065997197747516565,0.04471035779588129,1.1820847550318645,0.4320659369991722,0.5957500433999998,0.34864505049307676
VNM,1.79696430576,1.91365237272,1.863894944237288,0.0012772950553361152,0.3977770612810977,1.3983871606901694,0.1956345696627293,0.27601150800000007,0.16268339283792013
VUT,2.91879761484,2.67088514484,2.5775049758684747,-0.005208516044002114,0.19895212796936024,1.3567691280284746,0.5273230876816346,0.5597728086,0.39057786836835384
WSM,3.04269003744,3.2187900714,3.092555983342373,0.0025453189150204734,0.5302060604666485,1.7377277551159322,0.524442001089688,0.6720999792,0.40213893123929906
YEM,0.38666968879200003,0.30152087544,0.3004312732718644,-6.240017963459561e-4,0.3796588991045433,0.2717201210359322,0.0920150870189148,0.05811887856000009,0.06123952870117783
ZAF,0.667681663716,0.635908657908,0.6918099919240678,-0.0010510735016107658,0.16726657885456908,0.4862242343064407,0.09909014442327511,0.1389956805599999,0.07987659847749497
ZMB,1.034986024704,0.973162566072,0.9782134145145762,-0.0013850808559462044,0.16462073821409057,1.1543753141918645,0.12977900748379878,0.16910964095999992,0.10249846783004886
ZWE,0.698996724744,0.690243006612,0.7218027499505085,-8.595302483459996e-4,0.4823113073666112,0.8769542836657627,0.1582895347228149,0.19642245893999988,0.12570737752829647
