estimator,L,year,j05,j95,p_joint,panel
AFE,0,2021,-1.1321518710966094e-5,6.42543310109711e-5,0.886,L = 0
AFE,0,2022,-3.325171939702054e-5,1.914968004399497e-4,0.886,L = 0
AFE,0,2023,-6.410383568607457e-5,3.8071078925427373e-4,0.886,L = 0
AFE,0,2024,-1.0623444862262742e-4,6.306377728688694e-4,0.886,L = 0
AFE,0,2025,-1.5609930250795045e-4,9.396141809589197e-4,0.886,L = 0
AFE,0,2026,-2.3724892312073642e-4,0.0012840068968627768,0.886,L = 0
AFE,0,2027,-3.0001541965385956e-4,0.0017033052599271345,0.886,L = 0
AFE,0,2028,-3.822233250970364e-4,0.0021790827869052508,0.886,L = 0
AFE,0,2029,-4.655678380191264e-4,0.0027106203043361305,0.886,L = 0
AFE,0,2030,-5.292871864627179e-4,0.0032972402021731514,0.886,L = 0
AFE,0,2031,-6.71980979428327e-4,0.003890404389283641,0.886,L = 0
AFE,0,2032,-7.713536849380197e-4,0.004582571288165454,0.886,L = 0
AFE,0,2033,-8.723236320817894e-4,0.005319150943892896,0.886,L = 0
AFE,0,2034,-9.729685579046687e-4,0.006129447285746081,0.886,L = 0
AFE,0,2035,-0.0010404756185536767,0.006996353220294092,0.886,L = 0
AFE,0,2036,-0.0012025909962507576,0.007834949321811535,0.886,L = 0
AFE,0,2037,-0.0012472492455440354,0.008847957001344152,0.886,L = 0
AFE,0,2038,-0.001274533976639125,0.00993307272171321,0.886,L = 0
AFE,0,2039,-0.0012761125367704352,0.011066621086554932,0.886,L = 0
AFE,0,2040,-0.0012457816001722908,0.0122714643360446,0.886,L = 0
AFE,0,2041,-0.0013823694235181594,0.013318219428550469,0.886,L = 0
AFE,0,2042,-0.0012236721472274445,0.014493047427547203,0.886,L = 0
AFE,0,2043,-0.0010170522765625349,0.01575429114623925,0.886,L = 0
AFE,0,2044,-0.00083587617281524675,0.017184609576796336,0.886,L = 0
AFE,0,2045,-7.197890341244512e-4,0.01852425513463945,0.886,L = 0
AFE,0,2046,-8.129448610193539e-4,0.01973902278298474,0.886,L = 0
AFE,0,2047,-7.732109901418149e-4,0.021253186328390912,0.886,L = 0
AFE,0,2048,-5.345313392611122e-4,0.022854996919426294,0.886,L = 0
AFE,0,2049,-2.444474944151498e-4,0.024735094673399835,0.886,L = 0
AFE,0,2050,-1.6805355953107934e-5,0.026698970137223676,0.886,L = 0
AFE,0,2051,-2.424235902786935e-5,0.028304962016061253,0.886,L = 0
AFE,0,2052,2.232975062252019e-4,0.029988866353023027,0.886,L = 0
AFE,0,2053,4.951328149426404e-4,0.032089351047716645,0.886,L = 0
AFE,0,2054,7.910178177354907e-4,0.03425289273800081,0.886,L = 0
AFE,0,2055,0.001018371617538039,0.036369022986109056,0.886,L = 0
AFE,0,2056,8.850019563103056e-4,0.03808092857899799,0.886,L = 0
AFE,0,2057,0.0011677541221982116,0.040350716900527314,0.886,L = 0
AFE,0,2058,0.0014860904524648725,0.04264783316408361,0.886,L = 0
AFE,0,2059,0.001888591884144237,0.044626214498331276,0.886,L = 0
AFE,0,2060,0.0021865705480507212,0.04703486639355299,0.886,L = 0
AFE,0,2061,0.002072190493986959,0.04916256656838932,0.886,L = 0
AFE,0,2062,0.0021221136663934492,0.05131977157668667,0.886,L = 0
AFE,0,2063,0.00232885692956752,0.05350688580421482,0.886,L = 0
AFE,0,2064,0.002622807784795951,0.05572257778456367,0.886,L = 0
AFE,0,2065,0.0029358363710123973,0.058239753648263455,0.886,L = 0
AFE,0,2066,0.002855562302091316,0.06089576289010225,0.886,L = 0
AFE,0,2067,0.0031814757120343182,0.06372040146591165,0.886,L = 0
AFE,0,2068,0.0035268184234320964,0.06643291283716479,0.886,L = 0
AFE,0,2069,0.0038519840820350737,0.06955987455170615,0.886,L = 0
AFE,0,2070,0.0039431639566030775,0.07262167442182765,0.886,L = 0
AFE,0,2071,0.0033097115598155007,0.07510023048909896,0.886,L = 0
AFE,0,2072,0.003134784598156378,0.07721530863290008,0.886,L = 0
AFE,0,2073,0.0029290093978728902,0.07937401175836818,0.886,L = 0
AFE,0,2074,0.002766225559407082,0.08264517308476096,0.886,L = 0
AFE,0,2075,0.002977743534263633,0.08599804853384727,0.886,L = 0
AFE,0,2076,0.0026417937833942873,0.08966911943657035,0.886,L = 0
AFE,0,2077,0.0030569371847996483,0.0929134246310828,0.886,L = 0
AFE,0,2078,0.0031784570311095784,0.09694898616943423,0.886,L = 0
AFE,0,2079,0.0031193486616655328,0.10074373239005192,0.886,L = 0
AFE,0,2080,0.0029466931206438398,0.10383016370274192,0.886,L = 0
AFE,0,2081,0.0015431419716985307,0.10592573098092836,0.886,L = 0
AFE,0,2082,0.0015212056208045786,0.10845790794300662,0.886,L = 0
AFE,0,2083,0.0014608568257035675,0.11134010522764523,0.886,L = 0
AFE,0,2084,8.980873275944775e-4,0.11577848314891757,0.886,L = 0
AFE,0,2085,8.025527657770664e-4,0.12053501385005519,0.886,L = 0
AFE,0,2086,-0.0016806616389473505,0.12402809890202725,0.886,L = 0
AFE,0,2087,-0.0019779032301150954,0.1275062652708529,0.886,L = 0
AFE,0,2088,-0.0022927262857048857,0.13172010013066388,0.886,L = 0
AFE,0,2089,-0.0027921226385162505,0.13738536486398278,0.886,L = 0
AFE,0,2090,-0.003980639769248405,0.1431782081753337,0.886,L = 0
AFE,0,2091,-0.0068742181500512645,0.15029767102519748,0.886,L = 0
AFE,0,2092,-0.00810362515518263,0.15489402164937377,0.886,L = 0
AFE,0,2093,-0.009148505826180545,0.15965759906852744,0.886,L = 0
AFE,0,2094,-0.011616197656717708,0.1689306328649711,0.886,L = 0
AFE,0,2095,-0.013489029422152018,0.17404617782462353,0.886,L = 0
AFE,0,2096,-0.016427518313739935,0.17943326923800995,0.886,L = 0
AFE,0,2097,-0.017298723031926037,0.18494618098937132,0.886,L = 0
AFE,0,2098,-0.01951468568740088,0.19209583364575508,0.886,L = 0
AFE,0,2099,-0.020832281037999074,0.1972393020351503,0.886,L = 0
AFE,0,2100,-0.022052355777417248,0.2056934855721498,0.886,L = 0
AFE,1,2021,-1.9882909879498362e-5,6.253305561458311e-5,0.702,L = 1
AFE,1,2022,-7.085977587444335e-5,1.7445261682174084e-4,0.702,L = 1
AFE,1,2023,-1.6095985023730218e-4,3.4054618479645294e-4,0.702,L = 1
AFE,1,2024,-3.0127092335294203e-4,5.55990662555394e-4,0.702,L = 1
AFE,1,2025,-4.681205294439161e-4,8.326015032573961e-4,0.702,L = 1
AFE,1,2026,-6.826759718156993e-4,0.0011384190080495342,0.702,L = 1
AFE,1,2027,-9.572809227672285e-4,0.0015055298923054403,0.702,L = 1
AFE,1,2028,-0.0012252245715431264,0.001901794263975652,0.702,L = 1
AFE,1,2029,-0.001522501826087541,0.0023579617449416587,0.702,L = 1
AFE,1,2030,-0.0018608344425005805,0.0028594215035800037,0.702,L = 1
AFE,1,2031,-0.0022592617391968273,0.003396514689173318,0.702,L = 1
AFE,1,2032,-0.002637482538832342,0.003987473226565782,0.702,L = 1
AFE,1,2033,-0.003085859944902375,0.004615528901674389,0.702,L = 1
AFE,1,2034,-0.0035668472760907954,0.00528149643116539,0.702,L = 1
AFE,1,2035,-0.004079539695031059,0.005983864776992149,0.702,L = 1
AFE,1,2036,-0.004647051289916465,0.006718086347200239,0.702,L = 1
AFE,1,2037,-0.005189746606914852,0.0075001018002860105,0.702,L = 1
AFE,1,2038,-0.005747795775173626,0.008316613658361524,0.702,L = 1
AFE,1,2039,-0.006319717413920684,0.009165603902352703,0.702,L = 1
AFE,1,2040,-0.006905700188827363,0.010048385152544498,0.702,L = 1
AFE,1,2041,-0.007557666796760054,0.010898320105979211,0.702,L = 1
AFE,1,2042,-0.008178128510520582,0.011923348629788154,0.702,L = 1
AFE,1,2043,-0.008804193315080248,0.012922312766709942,0.702,L = 1
AFE,1,2044,-0.0095535698179373,0.013978346541788764,0.702,L = 1
AFE,1,2045,-0.010362469596702084,0.015046531864690156,0.702,L = 1
AFE,1,2046,-0.011197086657831172,0.016087189296185536,0.702,L = 1
AFE,1,2047,-0.012025724953961436,0.017280513823640178,0.702,L = 1
AFE,1,2048,-0.012843202674441478,0.018515764361001396,0.702,L = 1
AFE,1,2049,-0.01373661210643568,0.019688671939105864,0.702,L = 1
AFE,1,2050,-0.014645646574209076,0.020841905205371825,0.702,L = 1
AFE,1,2051,-0.015525240002313163,0.021961082541538966,0.702,L = 1
AFE,1,2052,-0.01633733573326161,0.023275096272572147,0.702,L = 1
AFE,1,2053,-0.016979254220680723,0.024623043382964754,0.702,L = 1
AFE,1,2054,-0.017613185318917507,0.026002655682112373,0.702,L = 1
AFE,1,2055,-0.01879970515224925,0.027562718518770835,0.702,L = 1
AFE,1,2056,-0.01984042471571958,0.029340841677695306,0.702,L = 1
AFE,1,2057,-0.02074850312350907,0.030827018626856422,0.702,L = 1
AFE,1,2058,-0.021536508580227955,0.03209210695246972,0.702,L = 1
AFE,1,2059,-0.022325181636380916,0.0339150199597394,0.702,L = 1
AFE,1,2060,-0.023144309330333557,0.03588284609529326,0.702,L = 1
AFE,1,2061,-0.024159878867520895,0.03767259164453596,0.702,L = 1
AFE,1,2062,-0.025021558245427393,0.04021309374435482,0.702,L = 1
AFE,1,2063,-0.02600018576147489,0.04289712174958357,0.702,L = 1
AFE,1,2064,-0.02648460427495546,0.044513800313310675,0.702,L = 1
AFE,1,2065,-0.0271577046114693,0.046016951310844816,0.702,L = 1
AFE,1,2066,-0.028218379200306235,0.04801954350746943,0.702,L = 1
AFE,1,2067,-0.028875220367303264,0.05005684043493773,0.702,L = 1
AFE,1,2068,-0.03003075681133188,0.05145473654965643,0.702,L = 1
AFE,1,2069,-0.031163944093340123,0.05330602463507954,0.702,L = 1
AFE,1,2070,-0.03229995180835158,0.05571328458585587,0.702,L = 1
AFE,1,2071,-0.03391559309850146,0.057457288604791504,0.702,L = 1
AFE,1,2072,-0.03462496536558114,0.059415976876585286,0.702,L = 1
AFE,1,2073,-0.03502510634867712,0.061916380237088495,0.702,L = 1
AFE,1,2074,-0.036039153000398644,0.06475555966643759,0.702,L = 1
AFE,1,2075,-0.037031203967169815,0.0667716416041346,0.702,L = 1
AFE,1,2076,-0.03867751135198705,0.07015922361645151,0.702,L = 1
AFE,1,2077,-0.03989469293207473,0.07300296446508249,0.702,L = 1
AFE,1,2078,-0.04068400111247352,0.07525483383569882,0.702,L = 1
AFE,1,2079,-0.0420430749740115,0.07873123103000565,0.702,L = 1
AFE,1,2080,-0.04218462008708616,0.08366819400505002,0.702,L = 1
AFE,1,2081,-0.046546538164040654,0.086721635453806,0.702,L = 1
AFE,1,2082,-0.0472428799350784,0.09020358418093541,0.702,L = 1
AFE,1,2083,-0.049509212585866734,0.09369189295891661,0.702,L = 1
AFE,1,2084,-0.05132404995899927,0.09738938287320437,0.702,L = 1
AFE,1,2085,-0.052970029764566225,0.10172137873168967,0.702,L = 1
AFE,1,2086,-0.05523031742964944,0.10622898539941462,0.702,L = 1
AFE,1,2087,-0.05688409314370934,0.10989761921591742,0.702,L = 1
AFE,1,2088,-0.05854111308416135,0.11365703171664293,0.702,L = 1
AFE,1,2089,-0.0601026623973659,0.11963019678580199,0.702,L = 1
AFE,1,2090,-0.061538684742491516,0.12684434179799536,0.702,L = 1
AFE,1,2091,-0.0641436898450544,0.13451234028795753,0.702,L = 1
AFE,1,2092,-0.06584243870752216,0.14063962969234994,0.702,L = 1
AFE,1,2093,-0.06753139562920672,0.1474175443255247,0.702,L = 1
AFE,1,2094,-0.0707406319025141,0.15382163565308613,0.702,L = 1
AFE,1,2095,-0.07086167512561291,0.1607156087967661,0.702,L = 1
AFE,1,2096,-0.07382517718114402,0.1693834722081078,0.702,L = 1
AFE,1,2097,-0.07565805063065766,0.17717853664165764,0.702,L = 1
AFE,1,2098,-0.07814559195129518,0.18532018181766388,0.702,L = 1
AFE,1,2099,-0.08068029013066724,0.1937787726963121,0.702,L = 1
AFE,1,2100,-0.08330000646732795,0.20244893581946782,0.702,L = 1
AFE,2,2021,-3.259240757169101e-5,5.1243145980106574e-5,0.504,L = 2
AFE,2,2022,-1.2328090068167705e-4,1.4600293690927296e-4,0.504,L = 2
AFE,2,2023,-2.834115779025537e-4,2.6656594669011125e-4,0.504,L = 2
AFE,2,2024,-5.1633749388304e-4,4.2819089888285753e-4,0.504,L = 2
AFE,2,2025,-8.409748721409261e-4,6.205837146314723e-4,0.504,L = 2
AFE,2,2026,-0.0012594178543885394,8.752869936468064e-4,0.504,L = 2
AFE,2,2027,-0.001750582656477895,0.0011925807624289903,0.504,L = 2
AFE,2,2028,-0.002315891498208711,0.001527475354837948,0.504,L = 2
AFE,2,2029,-0.002913865028247037,0.0018872023948906956,0.504,L = 2
AFE,2,2030,-0.003585658348457715,0.0022989132000908455,0.504,L = 2
AFE,2,2031,-0.004392218206325016,0.002752381885846038,0.504,L = 2
AFE,2,2032,-0.005213547221948871,0.003259242935499393,0.504,L = 2
AFE,2,2033,-0.006063592606455681,0.003842684259715044,0.504,L = 2
AFE,2,2034,-0.006921141805251807,0.00447519488756769,0.504,L = 2
AFE,2,2035,-0.007702346185975451,0.005133170118651363,0.504,L = 2
AFE,2,2036,-0.008741155170676862,0.0057462589906484675,0.504,L = 2
AFE,2,2037,-0.009787904895888837,0.006483985087392583,0.504,L = 2
AFE,2,2038,-0.010754615118235649,0.007275258191493519,0.504,L = 2
AFE,2,2039,-0.01171945594013332,0.00812174160386827,0.504,L = 2
AFE,2,2040,-0.01282063186863667,0.008990298160910369,0.504,L = 2
AFE,2,2041,-0.01407958033965103,0.009791689356490448,0.504,L = 2
AFE,2,2042,-0.015348944798001784,0.010686113349113043,0.504,L = 2
AFE,2,2043,-0.016649053539010823,0.011687290919378212,0.504,L = 2
AFE,2,2044,-0.01773631534200402,0.01283888363681152,0.504,L = 2
AFE,2,2045,-0.019086477721936407,0.013845114388360566,0.504,L = 2
AFE,2,2046,-0.020469564849526892,0.01492306463170563,0.504,L = 2
AFE,2,2047,-0.021434583963851107,0.016363420970105968,0.504,L = 2
AFE,2,2048,-0.02257883030011422,0.017554198260916164,0.504,L = 2
AFE,2,2049,-0.02384898902971875,0.01867421007940543,0.504,L = 2
AFE,2,2050,-0.024464926387360805,0.01987151944986128,0.504,L = 2
AFE,2,2051,-0.025544201172061465,0.021081671146719647,0.504,L = 2
AFE,2,2052,-0.02678851633520535,0.022384371101965273,0.504,L = 2
AFE,2,2053,-0.027996019763164084,0.023883725641011426,0.504,L = 2
AFE,2,2054,-0.02926518820719137,0.025816065523838926,0.504,L = 2
AFE,2,2055,-0.030721766676849064,0.028191516638968288,0.504,L = 2
AFE,2,2056,-0.03220428206378115,0.030005258057218143,0.504,L = 2
AFE,2,2057,-0.03404078866317601,0.032469576801849594,0.504,L = 2
AFE,2,2058,-0.035876786467700414,0.03452017471788191,0.504,L = 2
AFE,2,2059,-0.03695615568120101,0.03754678809148751,0.504,L = 2
AFE,2,2060,-0.038413435345940924,0.04080352212341036,0.504,L = 2
AFE,2,2061,-0.04097610917495953,0.04357194285633634,0.504,L = 2
AFE,2,2062,-0.041907694757717745,0.04654727287163204,0.504,L = 2
AFE,2,2063,-0.043885996257347404,0.04863584963740071,0.504,L = 2
AFE,2,2064,-0.045596876559289165,0.05173670532637256,0.504,L = 2
AFE,2,2065,-0.04647003258723895,0.056059945457065795,0.504,L = 2
AFE,2,2066,-0.04887633269233126,0.059099030134197816,0.504,L = 2
AFE,2,2067,-0.05091199020095349,0.061385744909446115,0.504,L = 2
AFE,2,2068,-0.05343267334599975,0.06353564855835285,0.504,L = 2
AFE,2,2069,-0.05706393828072719,0.06573817272933075,0.504,L = 2
AFE,2,2070,-0.05897081108553242,0.0702136854210678,0.504,L = 2
AFE,2,2071,-0.06197180524295947,0.07303541199009654,0.504,L = 2
AFE,2,2072,-0.06376772584874066,0.07846249283470529,0.504,L = 2
AFE,2,2073,-0.0652937907934365,0.08171030299495877,0.504,L = 2
AFE,2,2074,-0.06842197289095005,0.08942496702043794,0.504,L = 2
AFE,2,2075,-0.07053175860583516,0.09616899318864422,0.504,L = 2
AFE,2,2076,-0.07460995625217497,0.10094010258888916,0.504,L = 2
AFE,2,2077,-0.0767138095339023,0.107557652053579,0.504,L = 2
AFE,2,2078,-0.07906435702212558,0.11460900312692276,0.504,L = 2
AFE,2,2079,-0.08129446604499806,0.12086603261113463,0.504,L = 2
AFE,2,2080,-0.08329380572024853,0.13054637323176627,0.504,L = 2
AFE,2,2081,-0.08775276847834948,0.13698831492736915,0.504,L = 2
AFE,2,2082,-0.08970377415224061,0.14464627431412239,0.504,L = 2
AFE,2,2083,-0.09215983767424543,0.15170689591681877,0.504,L = 2
AFE,2,2084,-0.09389364359293512,0.15758629859003198,0.504,L = 2
AFE,2,2085,-0.09663067336002118,0.16728558548431077,0.504,L = 2
AFE,2,2086,-0.10126320041656062,0.17674368277368357,0.504,L = 2
AFE,2,2087,-0.10458128746865708,0.18480542884001447,0.504,L = 2
AFE,2,2088,-0.10708494111779882,0.19089479060309011,0.504,L = 2
AFE,2,2089,-0.10980820479570133,0.20839748644760306,0.504,L = 2
AFE,2,2090,-0.11267561173158276,0.22074367002033546,0.504,L = 2
AFE,2,2091,-0.11798064444949385,0.22840558552257265,0.504,L = 2
AFE,2,2092,-0.12077177262669841,0.24142602561695764,0.504,L = 2
AFE,2,2093,-0.1237790809776996,0.25845408275325527,0.504,L = 2
AFE,2,2094,-0.12792030207865868,0.2804974004891785,0.504,L = 2
AFE,2,2095,-0.13482523779605943,0.29993831686621747,0.504,L = 2
AFE,2,2096,-0.14320616287303778,0.31198125544815425,0.504,L = 2
AFE,2,2097,-0.14740390603141615,0.33669676472410365,0.504,L = 2
AFE,2,2098,-0.15112050198589755,0.36302967787865054,0.504,L = 2
AFE,2,2099,-0.15333073948687737,0.39040747649477897,0.504,L = 2
AFE,2,2100,-0.15551486636600514,0.40801397823787866,0.504,L = 2
