ISO_C3,estimator,L,delta_all,delta_dir,IE_effect,diff_sign,inter_sign,nointer_sign,cntry.name,region
AFG,AFE,0,-0.10124772445725194,0.08280842655094367,-0.1840561510081956,negative,negative,positive,Afghanistan,_EECA
AGO,AFE,0,-0.8156475913722787,-0.953188299031246,0.1375407076589673,positive,negative,negative,Angola,_SSAF
ALB,AFE,0,-0.5091224777431548,-0.5593157252064271,0.05019324746327236,positive,negative,negative,Albania,_EECA
ARE,AFE,0,-0.9885431079358534,-0.9909367505566955,0.0023936426208420736,positive,negative,negative,United Arab Emirates,_MENA
ARG,AFE,0,-0.6049755643613084,-0.7153766777681518,0.11040111340684344,positive,negative,negative,Argentina,_LAC
AUS,AFE,0,-0.6095915627437202,-0.6872434530095755,0.07765189026585528,positive,negative,negative,Australia,_WEOFF
AUT,AFE,0,0.69490860501128,1.2730561507064881,-0.5781475456952081,negative,positive,positive,Austria,_WEOFF
AZE,AFE,0,-0.4298653912836604,-0.4083990392626192,-0.02146635202104119,negative,negative,negative,Azerbaijan,_EECA
BEL,AFE,0,0.09715183341625178,-0.012530887609467634,0.10968272102571941,positive,positive,negative,Belgium,_WEOFF
BEN,AFE,0,-0.9046445329999412,-0.9758460614721027,0.07120152847216155,positive,negative,negative,Benin,_SSAF
BFA,AFE,0,-0.9499576531138955,-0.9896865081461799,0.039728855032284405,positive,negative,negative,Burkina Faso,_SSAF
BGD,AFE,0,-0.8615750786728278,-0.991403174579772,0.12982809590694422,positive,negative,negative,Bangladesh,_SEAS
BGR,AFE,0,-0.3544412990721292,-0.35522831161710555,7.870125449763732e-4,positive,negative,negative,Bulgaria,_EECA
BHS,AFE,0,-0.7522098501362026,-0.6627358404319765,-0.08947400970422603,negative,negative,negative,Bahamas,_LAC
BIH,AFE,0,-0.12189344353317355,-0.045160340918184994,-0.07673310261498856,negative,negative,negative,Bosnia & Herzegovina,_EECA
BLR,AFE,0,1.0645195369609102,2.1545888576706926,-1.0900693207097825,negative,positive,positive,Belarus,_EECA
BLZ,AFE,0,-0.9317065632248029,-0.9659045035408618,0.03419794031605883,positive,negative,negative,Belize,_LAC
BOL,AFE,0,0.03204926802270225,-0.6044339592551325,0.6364832272778348,positive,positive,negative,Bolivia,_LAC
BRA,AFE,0,-0.8025723128224267,-0.9016005869657595,0.09902827414333282,positive,negative,negative,Brazil,_LAC
BRN,AFE,0,-0.9799157229306867,-0.9980989616110444,0.01818323868035765,positive,negative,negative,Brunei,_SEAS
BWA,AFE,0,-0.9161775638347935,-0.9601080563195089,0.04393049248471537,positive,negative,negative,Botswana,_SSAF
CAF,AFE,0,-0.8578503157475965,-0.9781783256622059,0.12032800991460935,positive,negative,negative,Central African Republic,_SSAF
CAN,AFE,0,1.672343437269915,2.0625282874022908,-0.3901848501323757,negative,positive,positive,Canada,_WEOFF
CHE,AFE,0,1.7673642574319297,2.0204634472607097,-0.25309918982878,negative,positive,positive,Switzerland,_WEOFF
CHL,AFE,0,-0.18165290715030924,-0.1514103119801955,-0.03024259517011374,negative,negative,negative,Chile,_LAC
CHN,AFE,0,-0.24696370395863976,-0.6319599259349927,0.38499622197635297,positive,negative,negative,China,_SEAS
CIV,AFE,0,-0.877641994757474,-0.9508425129263602,0.07320051816888629,positive,negative,negative,Côte d’Ivoire,_SSAF
CMR,AFE,0,-0.86371626763574,-0.9502311068769415,0.0865148392412014,positive,negative,negative,Cameroon,_SSAF
COD,AFE,0,-0.8360465028601168,-0.9625409911913544,0.12649448833123755,positive,negative,negative,Congo - Kinshasa,NA
COG,AFE,0,-0.8507305308533251,-0.9374825080259706,0.08675197717264549,positive,negative,negative,Congo - Brazzaville,_SSAF
COL,AFE,0,-0.824440595664577,-0.4246688282435921,-0.39977176742098486,negative,negative,negative,Colombia,_LAC
CPV,AFE,0,-0.7157770861681383,-0.7554221695984246,0.039645083430286276,positive,negative,negative,Cape Verde,_SSAF
CRI,AFE,0,-0.8984344091120214,-0.6623193661258238,-0.23611504298619768,negative,negative,negative,Costa Rica,_LAC
CUB,AFE,0,-0.895170162972242,-0.9460329091165017,0.050862746144259785,positive,negative,negative,Cuba,_LAC
CYP,AFE,0,-0.804043953062167,-0.8563223939559247,0.05227844089375766,positive,negative,negative,Cyprus,_EECA
CZE,AFE,0,0.4769458661886634,0.9253633421105021,-0.44841747592183867,negative,positive,positive,Czechia,_EECA
DEU,AFE,0,0.3621409786970613,0.5913564041101,-0.22921542541303874,negative,positive,positive,Germany,_WEOFF
DNK,AFE,0,0.4102758752444884,0.6892072123128694,-0.278931337068381,negative,positive,positive,Denmark,_WEOFF
DOM,AFE,0,-0.9183556325456456,-0.9484829391661014,0.030127306620455818,positive,negative,negative,Dominican Republic,_LAC
DZA,AFE,0,-0.8415957102119075,-0.8979051229428728,0.05630941273096535,positive,negative,negative,Algeria,_MENA
ECU,AFE,0,-0.8312346993903158,-0.9997597183094749,0.16852501891915905,positive,negative,negative,Ecuador,_LAC
EGY,AFE,0,-0.9505855986079667,-0.9567046178547609,0.006119019246794255,positive,negative,negative,Egypt,_MENA
ESP,AFE,0,-0.5243460216548074,-0.5866417300857137,0.06229570843090637,positive,negative,negative,Spain,_WEOFF
EST,AFE,0,1.6552910068972437,3.522432411009375,-1.8671414041121315,negative,positive,positive,Estonia,_EECA
ETH,AFE,0,-0.6806713470061061,-0.9656537698647708,0.2849824228586647,positive,negative,negative,Ethiopia,_SSAF
FIN,AFE,0,3.251487423611959,7.704189927544508,-4.452702503932549,negative,positive,positive,Finland,_WEOFF
FJI,AFE,0,-0.7336695376032714,-0.9047249551510401,0.17105541754776876,positive,negative,negative,Fiji,_SEAS
FRA,AFE,0,-0.10299566978084618,-0.0845199579453475,-0.018475711835498676,negative,negative,negative,France,_WEOFF
GAB,AFE,0,-0.8718674539167458,-0.9213604021399099,0.04949294822316408,positive,negative,negative,Gabon,_SSAF
GBR,AFE,0,0.2334867192906498,0.23511381713867174,-0.0016270978480219522,negative,positive,positive,United Kingdom,_WEOFF
GEO,AFE,0,0.485156855732118,0.9823751253267778,-0.49721826959465987,negative,positive,positive,Georgia,_EECA
GHA,AFE,0,-0.8909381388152844,-0.9584145976991844,0.06747645888389997,positive,negative,negative,Ghana,_SSAF
GIN,AFE,0,-0.8987415347097856,-0.9417845991865059,0.04304306447672035,positive,negative,negative,Guinea,_SSAF
GNB,AFE,0,-0.9475244478315101,-0.9825050229944258,0.03498057516291564,positive,negative,negative,Guinea-Bissau,_SSAF
GNQ,AFE,0,-0.9725780941204857,-0.9796942166416539,0.007116122521168222,positive,negative,negative,Equatorial Guinea,_SSAF
GRC,AFE,0,-0.7118869822748763,-0.7851057529198552,0.07321877064497884,positive,negative,negative,Greece,_WEOFF
GTM,AFE,0,-0.8700294896017706,-0.8175356352004648,-0.05249385440130583,negative,negative,negative,Guatemala,_LAC
GUY,AFE,0,-0.9243972035137322,-0.9339335200493601,0.00953631653562792,positive,negative,negative,Guyana,_LAC
HND,AFE,0,-0.9219073070528923,-0.9193544639408588,-0.0025528431120334094,negative,negative,negative,Honduras,_LAC
HRV,AFE,0,-0.2705326669449968,-0.24047115142524011,-0.030061515519756665,negative,negative,negative,Croatia,_EECA
HTI,AFE,0,-0.9370376447080291,-0.9618035773165382,0.024765932608509122,positive,negative,negative,Haiti,_LAC
HUN,AFE,0,-0.15650436707971782,-0.060099239326316334,-0.09640512775340149,negative,negative,negative,Hungary,_EECA
IDN,AFE,0,-0.8676051388873571,-0.930583191677976,0.06297805279061885,positive,negative,negative,Indonesia,_SEAS
IND,AFE,0,-0.8532201478518295,-0.9845115897915998,0.13129144193977027,positive,negative,negative,India,_SEAS
IRL,AFE,0,0.36406166894491654,-0.03217321456475197,0.3962348835096685,positive,positive,negative,Ireland,_WEOFF
IRN,AFE,0,-0.7416534104513086,-0.7699454109036449,0.028292000452336263,positive,negative,negative,Iran,_MENA
IRQ,AFE,0,-0.9691601864070672,-0.9775982939733104,0.008438107566243191,positive,negative,negative,Iraq,_MENA
ISL,AFE,0,3.21360390870597,5.043719485479719,-1.830115576773749,negative,positive,positive,Iceland,_WEOFF
ISR,AFE,0,-0.879285775785784,-0.9162377775651029,0.0369520017793189,positive,negative,negative,Israel,_MENA
ITA,AFE,0,-0.40048761200041016,-0.42729650019612475,0.026808888195714586,positive,negative,negative,Italy,_WEOFF
JAM,AFE,0,-0.9557522826821258,-0.983022338366074,0.027270055683948247,positive,negative,negative,Jamaica,_LAC
JPN,AFE,0,0.2880760968269598,-0.6983447213954335,0.9864208182223932,positive,positive,negative,Japan,_SEAS
KAZ,AFE,0,0.9577391722491035,1.9849404762862437,-1.0272013040371402,negative,positive,positive,Kazakhstan,_EECA
KEN,AFE,0,-0.6964995775451728,-0.9351380098447551,0.23863843229958237,positive,negative,negative,Kenya,_SSAF
KGZ,AFE,0,3.6906086205130295,9.063405291777558,-5.3727966712645285,negative,positive,positive,Kyrgyzstan,_EECA
KHM,AFE,0,-0.887057372838276,-0.9925780364451927,0.1055206636069167,positive,negative,negative,Cambodia,_SEAS
KOR,AFE,0,0.08264392560296674,-0.5699580816892773,0.652602007292244,positive,positive,negative,South Korea,_SEAS
LAO,AFE,0,-0.7571832578080054,-0.9753682134487808,0.21818495564077534,positive,negative,negative,Laos,_SEAS
LBN,AFE,0,-0.8670415953107269,-0.9166672552899947,0.04962565997926782,positive,negative,negative,Lebanon,_MENA
LBR,AFE,0,-0.8638807191293879,-0.9443340567255754,0.08045333759618745,positive,negative,negative,Liberia,_SSAF
LBY,AFE,0,-0.9110447061406262,-0.9307473398862629,0.019702633745636744,positive,negative,negative,Libya,_MENA
LKA,AFE,0,-0.8316222808341892,-0.9951094131914661,0.16348713235727685,positive,negative,negative,Sri Lanka,_SEAS
LTU,AFE,0,1.0448450580687831,2.1101876959050534,-1.0653426378362703,negative,positive,positive,Lithuania,_EECA
LVA,AFE,0,1.2349926136591862,2.471513318260995,-1.236520704601809,negative,positive,positive,Latvia,_EECA
MAR,AFE,0,-0.8771679453194203,-0.9195026414338473,0.04233469611442697,positive,negative,negative,Morocco,_MENA
MDA,AFE,0,-0.21070236478286108,-0.13290879405185285,-0.07779357073100823,negative,negative,negative,Moldova,_EECA
MDG,AFE,0,-0.7195285735992973,-0.7699959930715204,0.05046741947222311,positive,negative,negative,Madagascar,_SSAF
MEX,AFE,0,-0.722605810213521,-0.7379000077643478,0.015294197550826838,positive,negative,negative,Mexico,_LAC
MLI,AFE,0,-0.9725463616668889,-0.9925278762422615,0.01998151457537256,positive,negative,negative,Mali,_SSAF
MMR,AFE,0,-0.8108193477626774,-0.9934511493904125,0.18263180162773507,positive,negative,negative,Myanmar (Burma),_SEAS
MNG,AFE,0,15.753365159771075,41.183039962813424,-25.42967480304235,negative,positive,positive,Mongolia,_SEAS
MOZ,AFE,0,-0.8801809729834184,-0.9411059649401985,0.06092499195678014,positive,negative,negative,Mozambique,_SSAF
MRT,AFE,0,-0.9849928518729953,-0.9894521991112242,0.004459347238228828,positive,negative,negative,Mauritania,_SSAF
MUS,AFE,0,-0.6838151663848047,-0.7860586712122044,0.10224350482739974,positive,negative,negative,Mauritius,_SSAF
MWI,AFE,0,-0.842300167067649,-0.9320314849477994,0.08973131788015043,positive,negative,negative,Malawi,_SSAF
MYS,AFE,0,-0.910021086882477,-0.9753174376989315,0.06529635081645457,positive,negative,negative,Malaysia,_SEAS
NAM,AFE,0,-0.9321926188161803,-0.9656373897984748,0.03344477098229448,positive,negative,negative,Namibia,_SSAF
NER,AFE,0,-0.9626955367469623,-0.9866391071312692,0.023943570384306945,positive,negative,negative,Niger,_SSAF
NGA,AFE,0,-0.8911732789968452,-0.9797062601352082,0.08853298113836305,positive,negative,negative,Nigeria,_SSAF
NIC,AFE,0,-0.9385978471264029,-0.9570028124842993,0.018404965357896375,positive,negative,negative,Nicaragua,_LAC
NLD,AFE,0,0.12713878426629344,0.11680209577242762,0.01033668849386582,positive,positive,positive,Netherlands,_WEOFF
NOR,AFE,0,1.9350274725956198,1.985413614335298,-0.05038614173967826,negative,positive,positive,Norway,_WEOFF
NPL,AFE,0,0.24203533722109105,-0.9984787983447436,1.2405141355658347,positive,positive,negative,Nepal,_SEAS
NZL,AFE,0,-0.1518299162253297,-0.3142508189747012,0.1624209027493715,positive,negative,negative,New Zealand,_WEOFF
OMN,AFE,0,-0.982848668454032,-0.9858746710625951,0.0030260026085631164,positive,negative,negative,Oman,_MENA
PAK,AFE,0,-0.9348552318701234,-0.9555404571531925,0.020685225283069042,positive,negative,negative,Pakistan,_SEAS
PAN,AFE,0,-0.8625241293835101,-0.6283287703313862,-0.23419535905212385,negative,negative,negative,Panama,_LAC
PER,AFE,0,-0.24905513868186435,-0.9978304979627942,0.7487753592809299,positive,negative,negative,Peru,_LAC
PHL,AFE,0,-0.8653183459302478,-0.9625620680478665,0.09724372211761867,positive,negative,negative,Philippines,_SEAS
PNG,AFE,0,-0.8896654131399803,-0.9991560559211913,0.10949064278121101,positive,negative,negative,Papua New Guinea,_SEAS
POL,AFE,0,0.44398349392027936,0.8970780597173678,-0.4530945657970884,negative,positive,positive,Poland,_EECA
PRI,AFE,0,-0.9609955693196918,-0.9805832180864018,0.019587648766710042,positive,negative,negative,Puerto Rico,NA
PRT,AFE,0,-0.5390125618872272,-0.5769893356123383,0.0379767737251111,positive,negative,negative,Portugal,_WEOFF
PRY,AFE,0,-0.862805069804359,-0.9562404815474521,0.09343541174309311,positive,negative,negative,Paraguay,_LAC
QAT,AFE,0,-0.9396318876571068,-0.9442868744789327,0.004654986821825857,positive,negative,negative,Qatar,_MENA
ROU,AFE,0,-0.01719905947849376,0.14160920128079835,-0.1588082607592921,negative,negative,positive,Romania,_EECA
RUS,AFE,0,3.1554977810841294,7.60376223656027,-4.44826445547614,negative,positive,positive,Russia,_EECA
SAU,AFE,0,-0.9855400369931849,-0.9881179794269717,0.0025779424337867285,positive,negative,negative,Saudi Arabia,_MENA
SDN,AFE,0,-0.9714529915157626,-0.9873061664308599,0.0158531749150973,positive,negative,negative,Sudan,_SSAF
SEN,AFE,0,-0.9509648472698475,-0.9706360727277271,0.019671225457879582,positive,negative,negative,Senegal,_SSAF
SLB,AFE,0,-0.9566995745617273,-0.9901384220039076,0.033438847442180286,positive,negative,negative,Solomon Islands,_SEAS
SLE,AFE,0,-0.8813418677464683,-0.8916530159155712,0.010311148169102946,positive,negative,negative,Sierra Leone,_SSAF
SLV,AFE,0,-0.9437189214151198,-0.9733924007468743,0.02967347933175446,positive,negative,negative,El Salvador,_LAC
SRB,AFE,0,-0.25780930950299963,-0.2213371921202757,-0.036472117382723934,negative,negative,negative,Serbia,NA
SUR,AFE,0,-0.9490361999300776,-0.9713300532787014,0.02229385334862377,positive,negative,negative,Suriname,_LAC
SVK,AFE,0,0.34602385491009713,0.7150869099957722,-0.36906305508567505,negative,positive,positive,Slovakia,_EECA
SWE,AFE,0,1.197829689385617,2.3228227836631787,-1.1249930942775617,negative,positive,positive,Sweden,_WEOFF
TCD,AFE,0,-0.9325914348156207,-0.9855670361303771,0.052975601314756426,positive,negative,negative,Chad,_SSAF
TGO,AFE,0,-0.8991153730437124,-0.9756561833435072,0.07654081029979487,positive,negative,negative,Togo,_SSAF
THA,AFE,0,-0.8619168643099082,-0.983218313455913,0.12130144914600482,positive,negative,negative,Thailand,_SEAS
TJK,AFE,0,0.7112355478277639,1.5090476734521587,-0.7978121256243949,negative,positive,positive,Tajikistan,_EECA
TKM,AFE,0,-0.8415630573178451,-0.8557620671038566,0.014199009786011518,positive,negative,negative,Turkmenistan,_EECA
TTO,AFE,0,-0.9653750117099468,-0.981129076221371,0.01575406451142425,positive,negative,negative,Trinidad & Tobago,_LAC
TUN,AFE,0,-0.8657747632301702,-0.9047133977199375,0.03893863448976731,positive,negative,negative,Tunisia,_MENA
TUR,AFE,0,-0.44690847696800584,-0.47980233551844476,0.032893858550438915,positive,negative,negative,Turkey,_MENA
TZA,AFE,0,-0.7603982709130435,-0.9533544421394597,0.19295617122641628,positive,negative,negative,Tanzania,_SSAF
UGA,AFE,0,-0.7424877956138884,-0.9798634899891852,0.2373756943752967,positive,negative,negative,Uganda,_SSAF
UKR,AFE,0,0.11867623832615615,0.39981729864824955,-0.2811410603220934,negative,positive,positive,Ukraine,_EECA
URY,AFE,0,-0.5373328541047147,-0.7213047868906162,0.18397193278590152,positive,negative,negative,Uruguay,_LAC
USA,AFE,0,-0.31702187873711185,-0.5558746409518427,0.23885276221473084,positive,negative,negative,United States,_WEOFF
UZB,AFE,0,-0.4931109093487188,-0.4628313500616563,-0.030279559287062496,negative,negative,negative,Uzbekistan,_EECA
VCT,AFE,0,-0.9547730977554828,-0.97495730966218,0.02018421190669717,positive,negative,negative,St. Vincent & Grenadines,_LAC
VNM,AFE,0,-0.8065997061648457,-0.9693133331651989,0.1627136270003532,positive,negative,negative,Vietnam,_SEAS
VUT,AFE,0,-0.7440394231813573,-0.9736236341684275,0.22958421098707016,positive,negative,negative,Vanuatu,_SEAS
WSM,AFE,0,-0.9479647459680763,-0.9948482409796743,0.04688349501159794,positive,negative,negative,Samoa,_SEAS
YEM,AFE,0,-0.9228205550840104,-0.9574838127920822,0.03466325770807177,positive,negative,negative,Yemen,_MENA
ZAF,AFE,0,-0.6572242348796198,-0.767367544240251,0.11014330936063121,positive,negative,negative,South Africa,_SSAF
ZMB,AFE,0,-0.8312205887535411,-0.9517587811669421,0.12053819241340102,positive,negative,negative,Zambia,_SSAF
ZWE,AFE,0,-0.8359128797015793,-0.9299647090907103,0.09405182938913093,positive,negative,negative,Zimbabwe,_SSAF
AFG,IFE,0,-0.24050408354833686,-0.10906282338210671,-0.13144126016623014,negative,negative,negative,Afghanistan,_EECA
AGO,IFE,0,-0.7206778131522706,-0.9294384360884249,0.20876062293615427,positive,negative,negative,Angola,_SSAF
ALB,IFE,0,-0.5041055908454453,-0.5833032832041514,0.0791976923587061,positive,negative,negative,Albania,_EECA
ARE,IFE,0,-0.9781018680033996,-0.982927776721494,0.004825908718094407,positive,negative,negative,United Arab Emirates,_MENA
ARG,IFE,0,-0.5615362213459503,-0.6821131598407707,0.12057693849482043,positive,negative,negative,Argentina,_LAC
AUS,IFE,0,-0.5635082045712982,-0.670414001049323,0.10690579647802478,positive,negative,negative,Australia,_WEOFF
AUT,IFE,0,0.25863094542781595,0.6853551800533078,-0.4267242346254918,negative,positive,positive,Austria,_WEOFF
AZE,IFE,0,-0.46304316869242945,-0.45881825505202267,-0.00422491364040678,negative,negative,negative,Azerbaijan,_EECA
BEL,IFE,0,-0.08867016196849897,-0.11008619863610913,0.02141603666761016,positive,negative,negative,Belgium,_WEOFF
BEN,IFE,0,-0.820801411771587,-0.9600698061923532,0.1392683944207661,positive,negative,negative,Benin,_SSAF
BFA,IFE,0,-0.9032293401493561,-0.9801815405576996,0.0769522004083435,positive,negative,negative,Burkina Faso,_SSAF
BGD,IFE,0,-0.7550193952162252,-0.9807929578035812,0.22577356258735604,positive,negative,negative,Bangladesh,_SEAS
BGR,IFE,0,-0.3977387512028777,-0.42521800085574324,0.027479249652865523,positive,negative,negative,Bulgaria,_EECA
BHS,IFE,0,-0.675858429392861,-0.6551529459075924,-0.020705483485268572,negative,negative,negative,Bahamas,_LAC
BIH,IFE,0,-0.22897754351663457,-0.20265136578846987,-0.0263261777281647,negative,negative,negative,Bosnia & Herzegovina,_EECA
BLR,IFE,0,0.44369929811775166,1.2491677771831426,-0.805468479065391,negative,positive,positive,Belarus,_EECA
BLZ,IFE,0,-0.887905789321937,-0.9492043135083994,0.06129852418646242,positive,negative,negative,Belize,_LAC
BOL,IFE,0,0.009530930334333165,-0.6199227305428754,0.6294536608772086,positive,positive,negative,Bolivia,_LAC
BRA,IFE,0,-0.7102758981667965,-0.8758682343931741,0.1655923362263776,positive,negative,negative,Brazil,_LAC
BRN,IFE,0,-0.924353765970814,-0.9941423939583391,0.06978862798752516,positive,negative,negative,Brunei,_SEAS
BWA,IFE,0,-0.8732733444837387,-0.9433738014382667,0.07010045695452793,positive,negative,negative,Botswana,_SSAF
CAF,IFE,0,-0.7441423543972975,-0.9610557496856212,0.21691339528832376,positive,negative,negative,Central African Republic,_SSAF
CAN,IFE,0,0.6377355327361545,1.2426035758323208,-0.6048680430961664,negative,positive,positive,Canada,_WEOFF
CHE,IFE,0,0.766613510398549,1.1585990387689522,-0.39198552837040324,negative,positive,positive,Switzerland,_WEOFF
CHL,IFE,0,-0.21455119779778242,-0.2608194884993368,0.04626829070155436,positive,negative,negative,Chile,_LAC
CHN,IFE,0,-0.33375265809419763,-0.601171950752657,0.2674192926584593,positive,negative,negative,China,_SEAS
CIV,IFE,0,-0.7760992120344733,-0.9297648746400223,0.15366566260554904,positive,negative,negative,Côte d’Ivoire,_SSAF
CMR,IFE,0,-0.7348406231322657,-0.9273021877107124,0.19246156457844665,positive,negative,negative,Cameroon,_SSAF
COD,IFE,0,-0.7116572953317313,-0.9411142537014592,0.2294569583697279,positive,negative,negative,Congo - Kinshasa,NA
COG,IFE,0,-0.7271893429828219,-0.9135371627513073,0.18634781976848536,positive,negative,negative,Congo - Brazzaville,_SSAF
COL,IFE,0,-0.6840537129013,-0.5265973115587932,-0.15745640134250682,negative,negative,negative,Colombia,_LAC
CPV,IFE,0,-0.6689633753300518,-0.7093018726429474,0.04033849731289563,positive,negative,negative,Cape Verde,_SSAF
CRI,IFE,0,-0.8322883230443625,-0.7089194457144952,-0.12336887732986734,negative,negative,negative,Costa Rica,_LAC
CUB,IFE,0,-0.8357479689701361,-0.9239983173638826,0.08825034839374646,positive,negative,negative,Cuba,_LAC
CYP,IFE,0,-0.7567490446983272,-0.822057928785242,0.06530888408691482,positive,negative,negative,Cyprus,_EECA
CZE,IFE,0,0.13770122716137,0.4929207619980518,-0.3552195348366818,negative,positive,positive,Czechia,_EECA
DEU,IFE,0,0.0737587968746003,0.28690360736188403,-0.21314481048728373,negative,positive,positive,Germany,_WEOFF
DNK,IFE,0,0.09996614349254296,0.40076114738512736,-0.3007950038925844,negative,positive,positive,Denmark,_WEOFF
DOM,IFE,0,-0.8756933307647088,-0.927790895014142,0.05209756424943324,positive,negative,negative,Dominican Republic,_LAC
DZA,IFE,0,-0.8043183425289302,-0.8750613537550425,0.07074301122611226,positive,negative,negative,Algeria,_MENA
ECU,IFE,0,-0.6819433578951757,-0.9986305653804227,0.31668720748524704,positive,negative,negative,Ecuador,_LAC
EGY,IFE,0,-0.9292008458133567,-0.9376395768914381,0.008438731078081352,positive,negative,negative,Egypt,_MENA
ESP,IFE,0,-0.5104603815489663,-0.6010576262457843,0.09059724469681796,positive,negative,negative,Spain,_WEOFF
EST,IFE,0,0.7485918103408602,2.1197841769326278,-1.3711923665917676,negative,positive,positive,Estonia,_EECA
ETH,IFE,0,-0.5924541768699598,-0.9387927279427,0.34633855107274014,positive,negative,negative,Ethiopia,_SSAF
FIN,IFE,0,1.4853360927835078,4.375639076359684,-2.8903029835761767,negative,positive,positive,Finland,_WEOFF
FJI,IFE,0,-0.610155565497273,-0.8678533890421523,0.25769782354487925,positive,negative,negative,Fiji,_SEAS
FRA,IFE,0,-0.20460264595662236,-0.20197577967403235,-0.0026268662825900124,negative,negative,negative,France,_WEOFF
GAB,IFE,0,-0.7390340059914894,-0.8938925505640315,0.1548585445725421,positive,negative,negative,Gabon,_SSAF
GBR,IFE,0,0.0019516275928375126,0.08627932598505605,-0.08432769839221854,negative,positive,positive,United Kingdom,_WEOFF
GEO,IFE,0,0.12286672320342196,0.48779207701251726,-0.3649253538090953,negative,positive,positive,Georgia,_EECA
GHA,IFE,0,-0.8008500957493591,-0.9388913357642652,0.13804124001490614,positive,negative,negative,Ghana,_SSAF
GIN,IFE,0,-0.804758961492527,-0.9225955542070158,0.11783659271448876,positive,negative,negative,Guinea,_SSAF
GNB,IFE,0,-0.9051335257211636,-0.9700631806307182,0.0649296549095546,positive,negative,negative,Guinea-Bissau,_SSAF
GNQ,IFE,0,-0.9061513557349887,-0.9643824785136977,0.05823112277870901,positive,negative,negative,Equatorial Guinea,_SSAF
GRC,IFE,0,-0.6754875324695773,-0.7694327795073048,0.09394524703772755,positive,negative,negative,Greece,_WEOFF
GTM,IFE,0,-0.7927951912253127,-0.8144703645430796,0.021675173317766916,positive,negative,negative,Guatemala,_LAC
GUY,IFE,0,-0.8754239944705374,-0.9166360170990145,0.04121202262847712,positive,negative,negative,Guyana,_LAC
HND,IFE,0,-0.8722722223433015,-0.9045541205829569,0.03228189823965544,positive,negative,negative,Honduras,_LAC
HRV,IFE,0,-0.3345684415265555,-0.33317269259013416,-0.0013957489364213593,negative,negative,negative,Croatia,_EECA
HTI,IFE,0,-0.9002003780533193,-0.9440497440686797,0.04384936601536038,positive,negative,negative,Haiti,_LAC
HUN,IFE,0,-0.2588381528959416,-0.19602617111224785,-0.06281198178369374,negative,negative,negative,Hungary,_EECA
IDN,IFE,0,-0.7398798491411536,-0.9032905665782301,0.16341071743707658,positive,negative,negative,Indonesia,_SEAS
IND,IFE,0,-0.7617472873924678,-0.9695591341745337,0.20781184678206588,positive,negative,negative,India,_SEAS
IRL,IFE,0,0.07173830121167013,-0.08592766226674409,0.15766596347841422,positive,positive,negative,Ireland,_WEOFF
IRN,IFE,0,-0.7169649067426149,-0.7541979507349781,0.03723304399236316,positive,negative,negative,Iran,_MENA
IRQ,IFE,0,-0.9513612609726961,-0.9649136181223681,0.013552357149671956,positive,negative,negative,Iraq,_MENA
ISL,IFE,0,1.352406247148782,3.135494473591092,-1.78308822644231,negative,positive,positive,Iceland,_WEOFF
ISR,IFE,0,-0.8437404525004578,-0.8915545968241211,0.047814144323663266,positive,negative,negative,Israel,_MENA
ITA,IFE,0,-0.4193906124955308,-0.47450398642146097,0.05511337392593019,positive,negative,negative,Italy,_WEOFF
JAM,IFE,0,-0.9173820390058263,-0.972199921385469,0.05481788237964269,positive,negative,negative,Jamaica,_LAC
JPN,IFE,0,0.0794058829910469,-0.6636080145747224,0.7430138975657693,positive,positive,negative,Japan,_SEAS
KAZ,IFE,0,0.3998912736490938,1.0680090013695378,-0.668117727720444,negative,positive,positive,Kazakhstan,_EECA
KEN,IFE,0,-0.6183122014233262,-0.8989042171723025,0.2805920157489763,positive,negative,negative,Kenya,_SSAF
KGZ,IFE,0,1.7039692179167232,4.8816090707901365,-3.1776398528734133,negative,positive,positive,Kyrgyzstan,_EECA
KHM,IFE,0,-0.7657151887318502,-0.9826092079425452,0.21689401921069507,positive,negative,negative,Cambodia,_SEAS
KOR,IFE,0,-0.12948668010896913,-0.5391529228075504,0.4096662426985813,positive,negative,negative,South Korea,_SEAS
LAO,IFE,0,-0.6422591586414494,-0.9550926239139332,0.3128334652724838,positive,negative,negative,Laos,_SEAS
LBN,IFE,0,-0.8276007678453431,-0.8953482948385607,0.06774752699321762,positive,negative,negative,Lebanon,_MENA
LBR,IFE,0,-0.7328458850925791,-0.9192072162280485,0.18636133113546938,positive,negative,negative,Liberia,_SSAF
LBY,IFE,0,-0.8824769763369197,-0.9076231101606265,0.025146133823706784,positive,negative,negative,Libya,_MENA
LKA,IFE,0,-0.6912868363261935,-0.9864549646389291,0.29516812831273564,positive,negative,negative,Sri Lanka,_SEAS
LTU,IFE,0,0.4396591882219072,1.2562539113420428,-0.8165947231201356,negative,positive,positive,Lithuania,_EECA
LVA,IFE,0,0.5304708592534721,1.4905557841392882,-0.9600849248858161,negative,positive,positive,Latvia,_EECA
MAR,IFE,0,-0.843114645099865,-0.8960288679367739,0.05291422283690894,positive,negative,negative,Morocco,_MENA
MDA,IFE,0,-0.3075951195014307,-0.26754838875061815,-0.040046730750812554,negative,negative,negative,Moldova,_EECA
MDG,IFE,0,-0.6209346514250549,-0.7533907508297973,0.13245609940474246,positive,negative,negative,Madagascar,_SSAF
MEX,IFE,0,-0.6413570647331963,-0.7371225732710106,0.09576550853781429,positive,negative,negative,Mexico,_LAC
MLI,IFE,0,-0.9447715507497438,-0.9853963774287854,0.04062482667904155,positive,negative,negative,Mali,_SSAF
MMR,IFE,0,-0.682353138606509,-0.9837570136783078,0.3014038750717988,positive,negative,negative,Myanmar (Burma),_SEAS
MNG,IFE,0,6.9329493519628524,18.474325644860834,-11.541376292897981,negative,positive,positive,Mongolia,_SEAS
MOZ,IFE,0,-0.8124543337284067,-0.9201704370452062,0.10771610331679948,positive,negative,negative,Mozambique,_SSAF
MRT,IFE,0,-0.9721676283398692,-0.9804979029795414,0.008330274639672175,positive,negative,negative,Mauritania,_SSAF
MUS,IFE,0,-0.6126094886746175,-0.7449498832973314,0.13234039462271385,positive,negative,negative,Mauritius,_SSAF
MWI,IFE,0,-0.7637549191848026,-0.9092035871634728,0.14544866797867018,positive,negative,negative,Malawi,_SSAF
MYS,IFE,0,-0.793463366016274,-0.9556871295432224,0.16222376352694845,positive,negative,negative,Malaysia,_SEAS
NAM,IFE,0,-0.8962259819843443,-0.9496690955354643,0.05344311355111997,positive,negative,negative,Namibia,_SSAF
NER,IFE,0,-0.9316317636956559,-0.9758423445596037,0.0442105808639478,positive,negative,negative,Niger,_SSAF
NGA,IFE,0,-0.7914233175295443,-0.9643523278700804,0.1729290103405361,positive,negative,negative,Nigeria,_SSAF
NIC,IFE,0,-0.8969614702970325,-0.9410130878163919,0.044051617519359376,positive,negative,negative,Nicaragua,_LAC
NLD,IFE,0,-0.0652164283883454,-0.015516733264714144,-0.04969969512363126,negative,negative,negative,Netherlands,_WEOFF
NOR,IFE,0,0.7664320595340433,1.3963835276206318,-0.6299514680865885,negative,positive,positive,Norway,_WEOFF
NPL,IFE,0,-0.0027774168428635893,-0.9936778969198121,0.9909004800769485,positive,negative,negative,Nepal,_SEAS
NZL,IFE,0,-0.19926793453672464,-0.34129045949425474,0.1420225249575301,positive,negative,negative,New Zealand,_WEOFF
OMN,IFE,0,-0.9691042004807077,-0.9750920486724888,0.005987848191781109,positive,negative,negative,Oman,_MENA
PAK,IFE,0,-0.9045168112970186,-0.9361345882544957,0.03161777695747714,positive,negative,negative,Pakistan,_SEAS
PAN,IFE,0,-0.7500367739557081,-0.6646046328728112,-0.08543214108289687,negative,negative,negative,Panama,_LAC
PER,IFE,0,-0.2121559455700991,-0.9923385390323546,0.7801825934622555,positive,negative,negative,Peru,_LAC
PHL,IFE,0,-0.7334056243386842,-0.9386256685739625,0.2052200442352783,positive,negative,negative,Philippines,_SEAS
PNG,IFE,0,-0.767405820527698,-0.996386079801476,0.22898025927377796,positive,negative,negative,Papua New Guinea,_SEAS
POL,IFE,0,0.11664049261402099,0.477448941248791,-0.36080844863477,negative,positive,positive,Poland,_EECA
PRI,IFE,0,-0.9338369750763563,-0.9685657894681257,0.034728814391769336,positive,negative,negative,Puerto Rico,NA
PRT,IFE,0,-0.5060031967558836,-0.5970659756271317,0.09106277887124814,positive,negative,negative,Portugal,_WEOFF
PRY,IFE,0,-0.7902825350384116,-0.934245556381005,0.14396302134259342,positive,negative,negative,Paraguay,_LAC
QAT,IFE,0,-0.911353536170361,-0.9190735320764745,0.007719995906113497,positive,negative,negative,Qatar,_MENA
ROU,IFE,0,-0.16764512260278963,-0.06598628011390384,-0.10165884248888579,negative,negative,negative,Romania,_EECA
RUS,IFE,0,1.4515066341890464,4.117744867264982,-2.6662382330759353,negative,positive,positive,Russia,_EECA
SAU,IFE,0,-0.9739236825657172,-0.9788736912679785,0.004950008702261366,positive,negative,negative,Saudi Arabia,_MENA
SDN,IFE,0,-0.9470661201814936,-0.9769157802480021,0.029849660066508465,positive,negative,negative,Sudan,_SSAF
SEN,IFE,0,-0.9218537756530472,-0.9532946801025295,0.03144090444948233,positive,negative,negative,Senegal,_SSAF
SLB,IFE,0,-0.8766164896613186,-0.9774155699502506,0.10079908028893203,positive,negative,negative,Solomon Islands,_SEAS
SLE,IFE,0,-0.7592901742115584,-0.8687880713421131,0.10949789713055469,positive,negative,negative,Sierra Leone,_SSAF
SLV,IFE,0,-0.8986700641929016,-0.9606227545619124,0.06195269036901074,positive,negative,negative,El Salvador,_LAC
SRB,IFE,0,-0.3273433457767091,-0.3221316595672933,-0.005211686209415811,negative,negative,negative,Serbia,NA
SUR,IFE,0,-0.9123254001540482,-0.9570648095362656,0.04473940938221743,positive,negative,negative,Suriname,_LAC
SVK,IFE,0,0.05960757877464595,0.33815349408522755,-0.2785459153105816,negative,positive,positive,Slovakia,_EECA
SWE,IFE,0,0.5188112716941069,1.4525381405741156,-0.9337268688800087,negative,positive,positive,Sweden,_WEOFF
TCD,IFE,0,-0.8767118295073133,-0.9733670138149486,0.09665518430763531,positive,negative,negative,Chad,_SSAF
TGO,IFE,0,-0.8035375992661242,-0.9594123519953359,0.1558747527292117,positive,negative,negative,Togo,_SSAF
THA,IFE,0,-0.745877217581452,-0.9680940598833405,0.22221684230188854,positive,negative,negative,Thailand,_SEAS
TJK,IFE,0,0.2361057875662107,0.8172087647224642,-0.5811029771562535,negative,positive,positive,Tajikistan,_EECA
TKM,IFE,0,-0.8153444992609953,-0.834333302463129,0.018988803202133697,positive,negative,negative,Turkmenistan,_EECA
TTO,IFE,0,-0.9420179563398065,-0.9692405544179915,0.027222598078185056,positive,negative,negative,Trinidad & Tobago,_LAC
TUN,IFE,0,-0.8316139901285298,-0.8801642603787787,0.04855027025024894,positive,negative,negative,Tunisia,_MENA
TUR,IFE,0,-0.46236071101209575,-0.5209507507921824,0.0585900397800867,positive,negative,negative,Turkey,_MENA
TZA,IFE,0,-0.663618246907256,-0.9257355290883421,0.2621172821810861,positive,negative,negative,Tanzania,_SSAF
UGA,IFE,0,-0.6250627617779301,-0.9603905665777088,0.33532780479977875,positive,negative,negative,Uganda,_SSAF
UKR,IFE,0,-0.0861812110311444,0.11444000009551791,-0.2006212111266623,negative,negative,positive,Ukraine,_EECA
URY,IFE,0,-0.49688290947128133,-0.676803269451129,0.17992035997984768,positive,negative,negative,Uruguay,_LAC
USA,IFE,0,-0.3636794030285614,-0.5513303716881406,0.1876509686595792,positive,negative,negative,United States,_WEOFF
UZB,IFE,0,-0.5170576944709029,-0.502286496845016,-0.014771197625886856,negative,negative,negative,Uzbekistan,_EECA
VCT,IFE,0,-0.9241426650394106,-0.9617933388302642,0.03765067379085363,positive,negative,negative,St. Vincent & Grenadines,_LAC
VNM,IFE,0,-0.685242630915867,-0.9479680118226875,0.2627253809068205,positive,negative,negative,Vietnam,_SEAS
VUT,IFE,0,-0.5988597084325229,-0.9492505998696746,0.35039089143715174,positive,negative,negative,Vanuatu,_SEAS
WSM,IFE,0,-0.856570578583574,-0.9868019585325296,0.13023137994895562,positive,negative,negative,Samoa,_SEAS
YEM,IFE,0,-0.8826980775050062,-0.9363214694242081,0.05362339191920196,positive,negative,negative,Yemen,_MENA
ZAF,IFE,0,-0.5985733436257923,-0.7501410306754773,0.15156768704968504,positive,negative,negative,South Africa,_SSAF
ZMB,IFE,0,-0.7461223510531705,-0.9296267214281855,0.183504370375015,positive,negative,negative,Zambia,_SSAF
ZWE,IFE,0,-0.7670057577965902,-0.9063371285505305,0.1393313707539403,positive,negative,negative,Zimbabwe,_SSAF
