ISO_C3,estimator,L,delta_m8,delta_m4,IE_effect,diff_sign,m8_sign,m4_sign,cntry.name,region
AFG,AFE,0,-0.10124772445725194,-0.07771951651300713,-0.023528207944244817,negative,negative,negative,Afghanistan,_EECA
AGO,AFE,0,-0.8156475913722787,-0.8676682410980392,0.05202064972576048,positive,negative,negative,Angola,_SSAF
ALB,AFE,0,-0.5091224777431548,-0.528000229201526,0.018877751458371228,positive,negative,negative,Albania,_EECA
ARE,AFE,0,-0.9885431079358534,-0.9707733379016095,-0.01776977003424396,negative,negative,negative,United Arab Emirates,_MENA
ARG,AFE,0,-0.6049755643613084,-0.6092319246033959,0.004256360242087531,positive,negative,negative,Argentina,_LAC
AUS,AFE,0,-0.6095915627437202,-0.6173225910522706,0.007731028308550436,positive,negative,negative,Australia,_WEOFF
AUT,AFE,0,0.69490860501128,0.5563216336989547,0.13858697131232534,positive,positive,positive,Austria,_WEOFF
AZE,AFE,0,-0.4298653912836604,-0.39448401857378246,-0.035381372709877956,negative,negative,negative,Azerbaijan,_EECA
BEL,AFE,0,0.09715183341625178,0.051635135153620615,0.04551669826263116,positive,positive,positive,Belgium,_WEOFF
BEN,AFE,0,-0.9046445329999412,-0.9291039718050316,0.024459438805090383,positive,negative,negative,Benin,_SSAF
BFA,AFE,0,-0.9499576531138955,-0.9606448776683547,0.010687224554459251,positive,negative,negative,Burkina Faso,_SSAF
BGD,AFE,0,-0.8615750786728278,-0.909847919113709,0.048272840440881204,positive,negative,negative,Bangladesh,_SEAS
BGR,AFE,0,-0.3544412990721292,-0.35253376324634444,-0.0019075358257847341,negative,negative,negative,Bulgaria,_EECA
BHS,AFE,0,-0.7522098501362026,-0.7364398236645167,-0.015770026471685905,negative,negative,negative,Bahamas,_LAC
BIH,AFE,0,-0.12189344353317355,-0.19974600825360134,0.07785256472042779,positive,negative,negative,Bosnia & Herzegovina,_EECA
BLR,AFE,0,1.0645195369609102,1.098754563374491,-0.034235026413580893,negative,positive,positive,Belarus,_EECA
BLZ,AFE,0,-0.9317065632248029,-0.9250473618335008,-0.006659201391302161,negative,negative,negative,Belize,_LAC
BOL,AFE,0,0.03204926802270225,-0.6592310702403908,0.6912803382630931,positive,positive,negative,Bolivia,_LAC
BRA,AFE,0,-0.8025723128224267,-0.8501983657292744,0.04762605290684774,positive,negative,negative,Brazil,_LAC
BRN,AFE,0,-0.9799157229306867,-0.9242027519385693,-0.05571297099211747,negative,negative,negative,Brunei,_SEAS
BWA,AFE,0,-0.9161775638347935,-0.9127594161645842,-0.003418147670209315,negative,negative,negative,Botswana,_SSAF
CAF,AFE,0,-0.8578503157475965,-0.8958851286604442,0.038034812912847715,positive,negative,negative,Central African Republic,_SSAF
CAN,AFE,0,1.672343437269915,1.6410269561553021,0.03131648111461294,positive,positive,positive,Canada,_WEOFF
CHE,AFE,0,1.7673642574319297,0.9147996975030839,0.8525645599288458,positive,positive,positive,Switzerland,_WEOFF
CHL,AFE,0,-0.18165290715030924,-0.26560464669108796,0.08395173954077872,positive,negative,negative,Chile,_LAC
CHN,AFE,0,-0.24696370395863976,-0.3114317821239444,0.06446807816530464,positive,negative,negative,China,_SEAS
CIV,AFE,0,-0.877641994757474,-0.9062840758793427,0.028642081121868723,positive,negative,negative,Côte d’Ivoire,_SSAF
CMR,AFE,0,-0.86371626763574,-0.8831170195241211,0.019400751888381085,positive,negative,negative,Cameroon,_SSAF
COD,AFE,0,-0.8360465028601168,-0.8797650215498143,0.04371851868969745,positive,negative,negative,Congo - Kinshasa,NA
COG,AFE,0,-0.8507305308533251,-0.8825536138955145,0.03182308304218939,positive,negative,negative,Congo - Brazzaville,_SSAF
COL,AFE,0,-0.824440595664577,-0.8584912167015623,0.03405062103698531,positive,negative,negative,Colombia,_LAC
CPV,AFE,0,-0.7157770861681383,-0.6128348391097421,-0.10294224705839616,negative,negative,negative,Cape Verde,_SSAF
CRI,AFE,0,-0.8984344091120214,-0.9017587104607463,0.0033243013487248563,positive,negative,negative,Costa Rica,_LAC
CUB,AFE,0,-0.895170162972242,-0.8974590227181956,0.0022888597459536086,positive,negative,negative,Cuba,_LAC
CYP,AFE,0,-0.804043953062167,-0.7506834067922069,-0.05336054626996012,negative,negative,negative,Cyprus,_EECA
CZE,AFE,0,0.4769458661886634,0.45671900244242747,0.020226863746235946,positive,positive,positive,Czechia,_EECA
DEU,AFE,0,0.3621409786970613,0.30111605980179945,0.06102491889526185,positive,positive,positive,Germany,_WEOFF
DNK,AFE,0,0.4102758752444884,0.4868294626791989,-0.07655358743471052,negative,positive,positive,Denmark,_WEOFF
DOM,AFE,0,-0.9183556325456456,-0.8939763406944132,-0.024379291851232332,negative,negative,negative,Dominican Republic,_LAC
DZA,AFE,0,-0.8415957102119075,-0.7986147357859456,-0.04298097442596194,negative,negative,negative,Algeria,_MENA
ECU,AFE,0,-0.8312346993903158,-0.8307571752926832,-4.7752409763257564e-4,negative,negative,negative,Ecuador,_LAC
EGY,AFE,0,-0.9505855986079667,-0.900901612259129,-0.04968398634883764,negative,negative,negative,Egypt,_MENA
ESP,AFE,0,-0.5243460216548074,-0.5290281533951784,0.0046821317403710205,positive,negative,negative,Spain,_WEOFF
EST,AFE,0,1.6552910068972437,1.857941430537506,-0.2026504236402622,negative,positive,positive,Estonia,_EECA
ETH,AFE,0,-0.6806713470061061,-0.7761919287710108,0.09552058176490474,positive,negative,negative,Ethiopia,_SSAF
FIN,AFE,0,3.251487423611959,3.643380645222492,-0.3918932216105331,negative,positive,positive,Finland,_WEOFF
FJI,AFE,0,-0.7336695376032714,-0.7853515697136122,0.051682032110340836,positive,negative,negative,Fiji,_SEAS
FRA,AFE,0,-0.10299566978084618,-0.17735812873180057,0.07436245895095439,positive,negative,negative,France,_WEOFF
GAB,AFE,0,-0.8718674539167458,-0.8583198302067896,-0.013547623709956214,negative,negative,negative,Gabon,_SSAF
GBR,AFE,0,0.2334867192906498,0.23999069629696512,-0.006503977006315331,negative,positive,positive,United Kingdom,_WEOFF
GEO,AFE,0,0.485156855732118,0.4359589704865925,0.049197885245525486,positive,positive,positive,Georgia,_EECA
GHA,AFE,0,-0.8909381388152844,-0.9162947094610545,0.025356570645770127,positive,negative,negative,Ghana,_SSAF
GIN,AFE,0,-0.8987415347097856,-0.9216717466807844,0.02293021197099887,positive,negative,negative,Guinea,_SSAF
GNB,AFE,0,-0.9475244478315101,-0.9490958906525735,0.0015714428210633624,positive,negative,negative,Guinea-Bissau,_SSAF
GNQ,AFE,0,-0.9725780941204857,-0.9086932266300276,-0.06388486749045807,negative,negative,negative,Equatorial Guinea,_SSAF
GRC,AFE,0,-0.7118869822748763,-0.6902764713853621,-0.021610510889514267,negative,negative,negative,Greece,_WEOFF
GTM,AFE,0,-0.8700294896017706,-0.8902162386904533,0.020186749088682676,positive,negative,negative,Guatemala,_LAC
GUY,AFE,0,-0.9243972035137322,-0.9179083334216356,-0.0064888700920966436,negative,negative,negative,Guyana,_LAC
HND,AFE,0,-0.9219073070528923,-0.915963258918647,-0.005944048134245206,negative,negative,negative,Honduras,_LAC
HRV,AFE,0,-0.2705326669449968,-0.2768198558938144,0.006287188948817635,positive,negative,negative,Croatia,_EECA
HTI,AFE,0,-0.9370376447080291,-0.9135071935915449,-0.02353045111648422,negative,negative,negative,Haiti,_LAC
HUN,AFE,0,-0.15650436707971782,-0.1505521466338291,-0.005952220445888723,negative,negative,negative,Hungary,_EECA
IDN,AFE,0,-0.8676051388873571,-0.8657179314396565,-0.0018872074477006562,negative,negative,negative,Indonesia,_SEAS
IND,AFE,0,-0.8532201478518295,-0.9031231284688077,0.049902980616978176,positive,negative,negative,India,_SEAS
IRL,AFE,0,0.36406166894491654,0.29794962626528676,0.06611204267962978,positive,positive,positive,Ireland,_WEOFF
IRN,AFE,0,-0.7416534104513086,-0.6950791724026069,-0.046574238048701755,negative,negative,negative,Iran,_MENA
IRQ,AFE,0,-0.9691601864070672,-0.941346558142505,-0.02781362826456224,negative,negative,negative,Iraq,_MENA
ISL,AFE,0,3.21360390870597,3.6387558723793143,-0.4251519636733443,negative,positive,positive,Iceland,_WEOFF
ISR,AFE,0,-0.879285775785784,-0.8309101549477589,-0.04837562083802516,negative,negative,negative,Israel,_MENA
ITA,AFE,0,-0.40048761200041016,-0.41500348942423804,0.014515877423827872,positive,negative,negative,Italy,_WEOFF
JAM,AFE,0,-0.9557522826821258,-0.9567886150202499,0.0010363323381241685,positive,negative,negative,Jamaica,_LAC
JPN,AFE,0,0.2880760968269598,-0.38432157955017077,0.6723976763771305,positive,positive,negative,Japan,_SEAS
KAZ,AFE,0,0.9577391722491035,0.840372776763531,0.1173663954855726,positive,positive,positive,Kazakhstan,_EECA
KEN,AFE,0,-0.6964995775451728,-0.764960450769437,0.0684608732242642,positive,negative,negative,Kenya,_SSAF
KGZ,AFE,0,3.6906086205130295,3.7197985825406263,-0.029189962027596827,negative,positive,positive,Kyrgyzstan,_EECA
KHM,AFE,0,-0.887057372838276,-0.8991579956051696,0.01210062276689361,positive,negative,negative,Cambodia,_SEAS
KOR,AFE,0,0.08264392560296674,-0.09486863919100863,0.17751256479397537,positive,positive,negative,South Korea,_SEAS
LAO,AFE,0,-0.7571832578080054,-0.839860610258875,0.0826773524508696,positive,negative,negative,Laos,_SEAS
LBN,AFE,0,-0.8670415953107269,-0.8374833433011846,-0.02955825200954232,negative,negative,negative,Lebanon,_MENA
LBR,AFE,0,-0.8638807191293879,-0.8699898160909776,0.006109096961589677,positive,negative,negative,Liberia,_SSAF
LBY,AFE,0,-0.9110447061406262,-0.8546241221463038,-0.05642058399432237,negative,negative,negative,Libya,_MENA
LKA,AFE,0,-0.8316222808341892,-0.8632783763344759,0.031656095500286696,positive,negative,negative,Sri Lanka,_SEAS
LTU,AFE,0,1.0448450580687831,1.1261701321536415,-0.08132507408485834,negative,positive,positive,Lithuania,_EECA
LVA,AFE,0,1.2349926136591862,1.3697330886286507,-0.1347404749694645,negative,positive,positive,Latvia,_EECA
MAR,AFE,0,-0.8771679453194203,-0.8253357426033351,-0.05183220271608524,negative,negative,negative,Morocco,_MENA
MDA,AFE,0,-0.21070236478286108,-0.19837828072525066,-0.01232408405761043,negative,negative,negative,Moldova,_EECA
MDG,AFE,0,-0.7195285735992973,-0.7858440098874011,0.06631543628810377,positive,negative,negative,Madagascar,_SSAF
MEX,AFE,0,-0.722605810213521,-0.7888953010588886,0.06628949084536762,positive,negative,negative,Mexico,_LAC
MLI,AFE,0,-0.9725463616668889,-0.9718775684160269,-6.687932508619987e-4,negative,negative,negative,Mali,_SSAF
MMR,AFE,0,-0.8108193477626774,-0.8727868869429343,0.06196753918025688,positive,negative,negative,Myanmar (Burma),_SEAS
MNG,AFE,0,15.753365159771075,11.214220931687521,4.539144228083554,positive,positive,positive,Mongolia,_SEAS
MOZ,AFE,0,-0.8801809729834184,-0.8973868208970169,0.017205847913598582,positive,negative,negative,Mozambique,_SSAF
MRT,AFE,0,-0.9849928518729953,-0.9655266467106919,-0.019466205162303463,negative,negative,negative,Mauritania,_SSAF
MUS,AFE,0,-0.6838151663848047,-0.6871266301890604,0.003311463804255732,positive,negative,negative,Mauritius,_SSAF
MWI,AFE,0,-0.842300167067649,-0.8773244518175813,0.035024284749932355,positive,negative,negative,Malawi,_SSAF
MYS,AFE,0,-0.910021086882477,-0.8623903786449263,-0.04763070823755067,negative,negative,negative,Malaysia,_SEAS
NAM,AFE,0,-0.9321926188161803,-0.9179422334733673,-0.014250385342812977,negative,negative,negative,Namibia,_SSAF
NER,AFE,0,-0.9626955367469623,-0.9612309900894684,-0.0014645466574938482,negative,negative,negative,Niger,_SSAF
NGA,AFE,0,-0.8911732789968452,-0.9197784528540425,0.028605173857197297,positive,negative,negative,Nigeria,_SSAF
NIC,AFE,0,-0.9385978471264029,-0.9290463684162792,-0.00955147871012374,negative,negative,negative,Nicaragua,_LAC
NLD,AFE,0,0.12713878426629344,0.10576188853461499,0.021376895731678447,positive,positive,positive,Netherlands,_WEOFF
NOR,AFE,0,1.9350274725956198,2.876017061167152,-0.940989588571532,negative,positive,positive,Norway,_WEOFF
NPL,AFE,0,0.24203533722109105,-0.4556385560701266,0.6976738932912177,positive,positive,negative,Nepal,_SEAS
NZL,AFE,0,-0.1518299162253297,-0.2805612920464422,0.1287313758211125,positive,negative,negative,New Zealand,_WEOFF
OMN,AFE,0,-0.982848668454032,-0.960939320018963,-0.021909348435068976,negative,negative,negative,Oman,_MENA
PAK,AFE,0,-0.9348552318701234,-0.9099931436161126,-0.024862088254010817,negative,negative,negative,Pakistan,_SEAS
PAN,AFE,0,-0.8625241293835101,-0.880504657872467,0.017980528488956926,positive,negative,negative,Panama,_LAC
PER,AFE,0,-0.24905513868186435,-0.7017796988874995,0.4527245602056351,positive,negative,negative,Peru,_LAC
PHL,AFE,0,-0.8653183459302478,-0.8545046717268352,-0.010813674203412615,negative,negative,negative,Philippines,_SEAS
PNG,AFE,0,-0.8896654131399803,-0.8160717314820689,-0.07359368165791136,negative,negative,negative,Papua New Guinea,_SEAS
POL,AFE,0,0.44398349392027936,0.4479269175518561,-0.003943423631576737,negative,positive,positive,Poland,_EECA
PRI,AFE,0,-0.9609955693196918,-0.9430713631608726,-0.017924206158819178,negative,negative,negative,Puerto Rico,NA
PRT,AFE,0,-0.5390125618872272,-0.5820112822752823,0.04299872038805508,positive,negative,negative,Portugal,_WEOFF
PRY,AFE,0,-0.862805069804359,-0.8896215410927264,0.026816471288367394,positive,negative,negative,Paraguay,_LAC
QAT,AFE,0,-0.9396318876571068,-0.8875629137291738,-0.05206897392793297,negative,negative,negative,Qatar,_MENA
ROU,AFE,0,-0.01719905947849376,-0.037414947406273935,0.020215887927780174,positive,negative,negative,Romania,_EECA
RUS,AFE,0,3.1554977810841294,3.1624697933057853,-0.006972012221655888,negative,positive,positive,Russia,_EECA
SAU,AFE,0,-0.9855400369931849,-0.9645083732043555,-0.02103166378882948,negative,negative,negative,Saudi Arabia,_MENA
SDN,AFE,0,-0.9714529915157626,-0.9637949520011848,-0.007658039514577775,negative,negative,negative,Sudan,_SSAF
SEN,AFE,0,-0.9509648472698475,-0.9245721543787289,-0.026392692891118674,negative,negative,negative,Senegal,_SSAF
SLB,AFE,0,-0.9566995745617273,-0.8529521203565016,-0.10374745420522569,negative,negative,negative,Solomon Islands,_SEAS
SLE,AFE,0,-0.8813418677464683,-0.8863586677504085,0.005016800003940225,positive,negative,negative,Sierra Leone,_SSAF
SLV,AFE,0,-0.9437189214151198,-0.9479514924311567,0.004232571016036912,positive,negative,negative,El Salvador,_LAC
SRB,AFE,0,-0.25780930950299963,-0.2663359064205998,0.00852659691760016,positive,negative,negative,Serbia,NA
SUR,AFE,0,-0.9490361999300776,-0.9390376901749384,-0.009998509755139162,negative,negative,negative,Suriname,_LAC
SVK,AFE,0,0.34602385491009713,0.30954229208762873,0.036481562822468394,positive,positive,positive,Slovakia,_EECA
SWE,AFE,0,1.197829689385617,1.4117299380146502,-0.21390024862903312,negative,positive,positive,Sweden,_WEOFF
TCD,AFE,0,-0.9325914348156207,-0.948520967587885,0.015929532772264277,positive,negative,negative,Chad,_SSAF
TGO,AFE,0,-0.8991153730437124,-0.9237247011332964,0.02460932808958405,positive,negative,negative,Togo,_SSAF
THA,AFE,0,-0.8619168643099082,-0.8982202417515911,0.03630337744168288,positive,negative,negative,Thailand,_SEAS
TJK,AFE,0,0.7112355478277639,0.7274065159088472,-0.016170968081083315,negative,positive,positive,Tajikistan,_EECA
TKM,AFE,0,-0.8415630573178451,-0.7808888059498684,-0.06067425136797666,negative,negative,negative,Turkmenistan,_EECA
TTO,AFE,0,-0.9653750117099468,-0.9378433211438246,-0.027531690566122147,negative,negative,negative,Trinidad & Tobago,_LAC
TUN,AFE,0,-0.8657747632301702,-0.8133247539891372,-0.052450009241033047,negative,negative,negative,Tunisia,_MENA
TUR,AFE,0,-0.44690847696800584,-0.4518706766516746,0.004962199683668733,positive,negative,negative,Turkey,_MENA
TZA,AFE,0,-0.7603982709130435,-0.8259961202409767,0.06559784932793322,positive,negative,negative,Tanzania,_SSAF
UGA,AFE,0,-0.7424877956138884,-0.8260653255230804,0.08357752990919198,positive,negative,negative,Uganda,_SSAF
UKR,AFE,0,0.11867623832615615,0.12361005613724951,-0.004933817811093366,negative,positive,positive,Ukraine,_EECA
URY,AFE,0,-0.5373328541047147,-0.5630970529900559,0.025764198885341205,positive,negative,negative,Uruguay,_LAC
USA,AFE,0,-0.31702187873711185,-0.3986779941982862,0.08165611546117435,positive,negative,negative,United States,_WEOFF
UZB,AFE,0,-0.4931109093487188,-0.4482141949397942,-0.04489671440892462,negative,negative,negative,Uzbekistan,_EECA
VCT,AFE,0,-0.9547730977554828,-0.9370654475056085,-0.017707650249874307,negative,negative,negative,St. Vincent & Grenadines,_LAC
VNM,AFE,0,-0.8065997061648457,-0.8626273812641294,0.05602767509928375,positive,negative,negative,Vietnam,_SEAS
VUT,AFE,0,-0.7440394231813573,-0.7848414547819906,0.04080203160063334,positive,negative,negative,Vanuatu,_SEAS
WSM,AFE,0,-0.9479647459680763,-0.89659714253375,-0.05136760343432634,negative,negative,negative,Samoa,_SEAS
YEM,AFE,0,-0.9228205550840104,-0.9122135962231628,-0.010606958860847615,negative,negative,negative,Yemen,_MENA
ZAF,AFE,0,-0.6572242348796198,-0.7187888194973217,0.06156458461770187,positive,negative,negative,South Africa,_SSAF
ZMB,AFE,0,-0.8312205887535411,-0.878683815138032,0.04746322638449085,positive,negative,negative,Zambia,_SSAF
ZWE,AFE,0,-0.8359128797015793,-0.864715012207409,0.028802132505829636,positive,negative,negative,Zimbabwe,_SSAF
AFG,IFE,0,-0.24050408354833686,-0.18855673482125357,-0.05194734872708329,negative,negative,negative,Afghanistan,_EECA
AGO,IFE,0,-0.7206778131522706,-0.7948750206439017,0.07419720749163106,positive,negative,negative,Angola,_SSAF
ALB,IFE,0,-0.5041055908454453,-0.49560255256449426,-0.008503038280951003,negative,negative,negative,Albania,_EECA
ARE,IFE,0,-0.9781018680033996,-0.9324541905107728,-0.04564767749262677,negative,negative,negative,United Arab Emirates,_MENA
ARG,IFE,0,-0.5615362213459503,-0.5399808511299045,-0.02155537021604581,negative,negative,negative,Argentina,_LAC
AUS,IFE,0,-0.5635082045712982,-0.5500287476696291,-0.013479456901669185,negative,negative,negative,Australia,_WEOFF
AUT,IFE,0,0.25863094542781595,0.21700743539587353,0.04162351003194242,positive,positive,positive,Austria,_WEOFF
AZE,IFE,0,-0.46304316869242945,-0.39863125142364686,-0.06441191726878259,negative,negative,negative,Azerbaijan,_EECA
BEL,IFE,0,-0.08867016196849897,-0.07156787066502246,-0.017102291303476513,negative,negative,negative,Belgium,_WEOFF
BEN,IFE,0,-0.820801411771587,-0.8692101961174747,0.04840878434588769,positive,negative,negative,Benin,_SSAF
BFA,IFE,0,-0.9032293401493561,-0.9158104521892018,0.012581112039845688,positive,negative,negative,Burkina Faso,_SSAF
BGD,IFE,0,-0.7550193952162252,-0.8459114159629568,0.09089202074673164,positive,negative,negative,Bangladesh,_SEAS
BGR,IFE,0,-0.3977387512028777,-0.36791137175749544,-0.029827379445382274,negative,negative,negative,Bulgaria,_EECA
BHS,IFE,0,-0.675858429392861,-0.6417718498694072,-0.03408657952345384,negative,negative,negative,Bahamas,_LAC
BIH,IFE,0,-0.22897754351663457,-0.2579704065383175,0.028992863021682913,positive,negative,negative,Bosnia & Herzegovina,_EECA
BLR,IFE,0,0.44369929811775166,0.504439793341932,-0.060740495224180346,negative,positive,positive,Belarus,_EECA
BLZ,IFE,0,-0.887905789321937,-0.8636766567256836,-0.024229132596253367,negative,negative,negative,Belize,_LAC
BOL,IFE,0,0.009530930334333165,-0.599267516994749,0.6087984473290822,positive,positive,negative,Bolivia,_LAC
BRA,IFE,0,-0.7102758981667965,-0.7743670588176842,0.06409116065088771,positive,negative,negative,Brazil,_LAC
BRN,IFE,0,-0.924353765970814,-0.8637212292150136,-0.06063253675580038,negative,negative,negative,Brunei,_SEAS
BWA,IFE,0,-0.8732733444837387,-0.8527468492287799,-0.020526495254958865,negative,negative,negative,Botswana,_SSAF
CAF,IFE,0,-0.7441423543972975,-0.8268097266859289,0.08266737228863141,positive,negative,negative,Central African Republic,_SSAF
CAN,IFE,0,0.6377355327361545,0.75851829527554,-0.12078276253938558,negative,positive,positive,Canada,_WEOFF
CHE,IFE,0,0.766613510398549,0.4236877827811638,0.34292572761738516,positive,positive,positive,Switzerland,_WEOFF
CHL,IFE,0,-0.21455119779778242,-0.2750586978541585,0.06050750005637606,positive,negative,negative,Chile,_LAC
CHN,IFE,0,-0.33375265809419763,-0.3334492659915036,-3.033921026940334e-4,negative,negative,negative,China,_SEAS
CIV,IFE,0,-0.7760992120344733,-0.8391912321679386,0.06309202013346527,positive,negative,negative,Côte d’Ivoire,_SSAF
CMR,IFE,0,-0.7348406231322657,-0.811537775251633,0.07669715211936723,positive,negative,negative,Cameroon,_SSAF
COD,IFE,0,-0.7116572953317313,-0.8080738158644658,0.09641652053273453,positive,negative,negative,Congo - Kinshasa,NA
COG,IFE,0,-0.7271893429828219,-0.8105764631283784,0.08338712014555649,positive,negative,negative,Congo - Brazzaville,_SSAF
COL,IFE,0,-0.6840537129013,-0.7830663506124718,0.09901263771117175,positive,negative,negative,Colombia,_LAC
CPV,IFE,0,-0.6689633753300518,-0.5237107249949013,-0.14525265033515045,negative,negative,negative,Cape Verde,_SSAF
CRI,IFE,0,-0.8322883230443625,-0.8322611182163877,-2.7204827974802726e-5,negative,negative,negative,Costa Rica,_LAC
CUB,IFE,0,-0.8357479689701361,-0.8266546611050375,-0.009093307865098654,negative,negative,negative,Cuba,_LAC
CYP,IFE,0,-0.7567490446983272,-0.6658558933049512,-0.09089315139337595,negative,negative,negative,Cyprus,_EECA
CZE,IFE,0,0.13770122716137,0.16311573923197709,-0.025414512070607076,negative,positive,positive,Czechia,_EECA
DEU,IFE,0,0.0737587968746003,0.07837961158796047,-0.004620814713360177,negative,positive,positive,Germany,_WEOFF
DNK,IFE,0,0.09996614349254296,0.1987792470365164,-0.09881310354397344,negative,positive,positive,Denmark,_WEOFF
DOM,IFE,0,-0.8756933307647088,-0.8219101898750972,-0.05378314088961156,negative,negative,negative,Dominican Republic,_LAC
DZA,IFE,0,-0.8043183425289302,-0.7278474856646933,-0.07647085686423694,negative,negative,negative,Algeria,_MENA
ECU,IFE,0,-0.6819433578951757,-0.752897230493949,0.07095387259877328,positive,negative,negative,Ecuador,_LAC
EGY,IFE,0,-0.9292008458133567,-0.8366037486179618,-0.09259709719539488,negative,negative,negative,Egypt,_MENA
ESP,IFE,0,-0.5104603815489663,-0.4913917358016867,-0.019068645747279622,negative,negative,negative,Spain,_WEOFF
EST,IFE,0,0.7485918103408602,0.8955768007322802,-0.14698499039142,negative,positive,positive,Estonia,_EECA
ETH,IFE,0,-0.5924541768699598,-0.6984455891945544,0.10599141232459452,positive,negative,negative,Ethiopia,_SSAF
FIN,IFE,0,1.4853360927835078,1.6868336711887792,-0.2014975784052715,negative,positive,positive,Finland,_WEOFF
FJI,IFE,0,-0.610155565497273,-0.6971496452525094,0.08699407975523643,positive,negative,negative,Fiji,_SEAS
FRA,IFE,0,-0.20460264595662236,-0.22911250475744915,0.02450985880082679,positive,negative,negative,France,_WEOFF
GAB,IFE,0,-0.7390340059914894,-0.7809566810520387,0.041922675060549364,positive,negative,negative,Gabon,_SSAF
GBR,IFE,0,0.0019516275928375126,0.056320209276965905,-0.05436858168412839,negative,positive,positive,United Kingdom,_WEOFF
GEO,IFE,0,0.12286672320342196,0.13140921782334036,-0.008542494619918406,negative,positive,positive,Georgia,_EECA
GHA,IFE,0,-0.8008500957493591,-0.8518136436403336,0.05096354789097457,positive,negative,negative,Ghana,_SSAF
GIN,IFE,0,-0.804758961492527,-0.8594940225704509,0.05473506107792392,positive,negative,negative,Guinea,_SSAF
GNB,IFE,0,-0.9051335257211636,-0.8974081840213419,-0.007725341699821642,negative,negative,negative,Guinea-Bissau,_SSAF
GNQ,IFE,0,-0.9061513557349887,-0.8435324532105182,-0.06261890252447055,negative,negative,negative,Equatorial Guinea,_SSAF
GRC,IFE,0,-0.6754875324695773,-0.6276332811374552,-0.047854251332122066,negative,negative,negative,Greece,_WEOFF
GTM,IFE,0,-0.7927951912253127,-0.8202841065158486,0.027488915290535876,positive,negative,negative,Guatemala,_LAC
GUY,IFE,0,-0.8754239944705374,-0.8532829183002049,-0.022141076170332563,negative,negative,negative,Guyana,_LAC
HND,IFE,0,-0.8722722223433015,-0.8518700836930166,-0.02040213865028484,negative,negative,negative,Honduras,_LAC
HRV,IFE,0,-0.3345684415265555,-0.3103027574492556,-0.0242656840772999,negative,negative,negative,Croatia,_EECA
HTI,IFE,0,-0.9002003780533193,-0.8470164556619505,-0.05318392239136882,negative,negative,negative,Haiti,_LAC
HUN,IFE,0,-0.2588381528959416,-0.22313072986680327,-0.03570742302913832,negative,negative,negative,Hungary,_EECA
IDN,IFE,0,-0.7398798491411536,-0.7879669933936232,0.04808714425246963,positive,negative,negative,Indonesia,_SEAS
IND,IFE,0,-0.7617472873924678,-0.8376730113135259,0.07592572392105812,positive,negative,negative,India,_SEAS
IRL,IFE,0,0.07173830121167013,0.0974211565825398,-0.025682855370869673,negative,positive,positive,Ireland,_WEOFF
IRN,IFE,0,-0.7169649067426149,-0.635974646888031,-0.08099025985458397,negative,negative,negative,Iran,_MENA
IRQ,IFE,0,-0.9513612609726961,-0.8907642729549938,-0.0605969880177023,negative,negative,negative,Iraq,_MENA
ISL,IFE,0,1.352406247148782,1.7448495048487116,-0.3924432576999295,negative,positive,positive,Iceland,_WEOFF
ISR,IFE,0,-0.8437404525004578,-0.7572609960539872,-0.08647945644647059,negative,negative,negative,Israel,_MENA
ITA,IFE,0,-0.4193906124955308,-0.40599920130531786,-0.01339141119021292,negative,negative,negative,Italy,_WEOFF
JAM,IFE,0,-0.9173820390058263,-0.9101990468981158,-0.007182992107710451,negative,negative,negative,Jamaica,_LAC
JPN,IFE,0,0.0794058829910469,-0.3766716068745949,0.4560774898656418,positive,positive,negative,Japan,_SEAS
KAZ,IFE,0,0.3998912736490938,0.3353036820720743,0.06458759157701954,positive,positive,positive,Kazakhstan,_EECA
KEN,IFE,0,-0.6183122014233262,-0.6848419560218411,0.06652975459851485,positive,negative,negative,Kenya,_SSAF
KGZ,IFE,0,1.7039692179167232,1.6915220579209218,0.012447159995801371,positive,positive,positive,Kyrgyzstan,_EECA
KHM,IFE,0,-0.7657151887318502,-0.8300849550638504,0.0643697663320002,positive,negative,negative,Cambodia,_SEAS
KOR,IFE,0,-0.12948668010896913,-0.1844057077492719,0.054919027640302764,positive,negative,negative,South Korea,_SEAS
LAO,IFE,0,-0.6422591586414494,-0.7641927559124254,0.12193359727097597,positive,negative,negative,Laos,_SEAS
LBN,IFE,0,-0.8276007678453431,-0.7679572516657137,-0.059643516179629374,negative,negative,negative,Lebanon,_MENA
LBR,IFE,0,-0.7328458850925791,-0.7946944668213318,0.06184858172875274,positive,negative,negative,Liberia,_SSAF
LBY,IFE,0,-0.8824769763369197,-0.7835682677152773,-0.09890870862164236,negative,negative,negative,Libya,_MENA
LKA,IFE,0,-0.6912868363261935,-0.7857828120338373,0.09449597570764379,positive,negative,negative,Sri Lanka,_SEAS
LTU,IFE,0,0.4396591882219072,0.5282480264915532,-0.08858883826964603,negative,positive,positive,Lithuania,_EECA
LVA,IFE,0,0.5304708592534721,0.6541700079513522,-0.12369914869788001,negative,positive,positive,Latvia,_EECA
MAR,IFE,0,-0.843114645099865,-0.7530020537127562,-0.09011259138710881,negative,negative,negative,Morocco,_MENA
MDA,IFE,0,-0.3075951195014307,-0.26805597942845993,-0.03953914007297077,negative,negative,negative,Moldova,_EECA
MDG,IFE,0,-0.6209346514250549,-0.7042727240730837,0.08333807264802884,positive,negative,negative,Madagascar,_SSAF
MEX,IFE,0,-0.6413570647331963,-0.7131601367531082,0.07180307201991187,positive,negative,negative,Mexico,_LAC
MLI,IFE,0,-0.9447715507497438,-0.9344599313776131,-0.010311619372130765,negative,negative,negative,Mali,_SSAF
MMR,IFE,0,-0.682353138606509,-0.8009070102273279,0.11855387162081887,positive,negative,negative,Myanmar (Burma),_SEAS
MNG,IFE,0,6.9329493519628524,4.407456217913911,2.5254931340489417,positive,positive,positive,Mongolia,_SEAS
MOZ,IFE,0,-0.8124543337284067,-0.829477292268414,0.01702295854000735,positive,negative,negative,Mozambique,_SSAF
MRT,IFE,0,-0.9721676283398692,-0.9234497012506788,-0.04871792708919043,negative,negative,negative,Mauritania,_SSAF
MUS,IFE,0,-0.6126094886746175,-0.5975194727417639,-0.01509001593285364,negative,negative,negative,Mauritius,_SSAF
MWI,IFE,0,-0.7637549191848026,-0.8070167313456027,0.04326181216080005,positive,negative,negative,Malawi,_SSAF
MYS,IFE,0,-0.793463366016274,-0.7846318163264454,-0.008831549689828577,negative,negative,negative,Malaysia,_SEAS
NAM,IFE,0,-0.8962259819843443,-0.8582827278430726,-0.037943254141271754,negative,negative,negative,Namibia,_SSAF
NER,IFE,0,-0.9316317636956559,-0.9169489539788664,-0.01468280971678948,negative,negative,negative,Niger,_SSAF
NGA,IFE,0,-0.7914233175295443,-0.857027229410869,0.06560391188132464,positive,negative,negative,Nigeria,_SSAF
NIC,IFE,0,-0.8969614702970325,-0.8687366710428349,-0.02822479925419763,negative,negative,negative,Nicaragua,_LAC
NLD,IFE,0,-0.0652164283883454,-0.0341194797519383,-0.031096948636407107,negative,negative,negative,Netherlands,_WEOFF
NOR,IFE,0,0.7664320595340433,1.4005680141104815,-0.6341359545764382,negative,positive,positive,Norway,_WEOFF
NPL,IFE,0,-0.0027774168428635893,-0.43733393751617333,0.43455652067330974,positive,negative,negative,Nepal,_SEAS
NZL,IFE,0,-0.19926793453672464,-0.2778353867757918,0.07856745223906714,positive,negative,negative,New Zealand,_WEOFF
OMN,IFE,0,-0.9691042004807077,-0.9160331155302968,-0.05307108495041091,negative,negative,negative,Oman,_MENA
PAK,IFE,0,-0.9045168112970186,-0.8482844150383366,-0.05623239625868193,negative,negative,negative,Pakistan,_SEAS
PAN,IFE,0,-0.7500367739557081,-0.805544779580272,0.05550800562456393,positive,negative,negative,Panama,_LAC
PER,IFE,0,-0.2121559455700991,-0.6338174922883633,0.42166154671826417,positive,negative,negative,Peru,_LAC
PHL,IFE,0,-0.7334056243386842,-0.7750816767505883,0.041676052411904085,positive,negative,negative,Philippines,_SEAS
PNG,IFE,0,-0.767405820527698,-0.7332339491760684,-0.03417187135162958,negative,negative,negative,Papua New Guinea,_SEAS
POL,IFE,0,0.11664049261402099,0.15667889730371587,-0.040038404689694884,negative,positive,positive,Poland,_EECA
PRI,IFE,0,-0.9338369750763563,-0.8895609029745861,-0.0442760721017702,negative,negative,negative,Puerto Rico,NA
PRT,IFE,0,-0.5060031967558836,-0.5290975739656687,0.023094377209785133,positive,negative,negative,Portugal,_WEOFF
PRY,IFE,0,-0.7902825350384116,-0.820309382257528,0.030026847219116415,positive,negative,negative,Paraguay,_LAC
QAT,IFE,0,-0.911353536170361,-0.8134875776696543,-0.09786595850070667,negative,negative,negative,Qatar,_MENA
ROU,IFE,0,-0.16764512260278963,-0.1529617330016234,-0.014683389601166219,negative,negative,negative,Romania,_EECA
RUS,IFE,0,1.4515066341890464,1.440434960493,0.011071673696046336,positive,positive,positive,Russia,_EECA
SAU,IFE,0,-0.9739236825657172,-0.9229586242894758,-0.050965058276241315,negative,negative,negative,Saudi Arabia,_MENA
SDN,IFE,0,-0.9470661201814936,-0.9204701588825731,-0.0265959612989205,negative,negative,negative,Sudan,_SSAF
SEN,IFE,0,-0.9218537756530472,-0.862267485034655,-0.05958629061839216,negative,negative,negative,Senegal,_SSAF
SLB,IFE,0,-0.8766164896613186,-0.7714633056118358,-0.1051531840494827,negative,negative,negative,Solomon Islands,_SEAS
SLE,IFE,0,-0.7592901742115584,-0.8140197066632425,0.054729532451684104,positive,negative,negative,Sierra Leone,_SSAF
SLV,IFE,0,-0.8986700641929016,-0.8975925038128499,-0.0010775603800516897,negative,negative,negative,El Salvador,_LAC
SRB,IFE,0,-0.3273433457767091,-0.3048590324373599,-0.022484313339349193,negative,negative,negative,Serbia,NA
SUR,IFE,0,-0.9123254001540482,-0.8827156654708256,-0.02960973468322259,negative,negative,negative,Suriname,_LAC
SVK,IFE,0,0.05960757877464595,0.0705870074561119,-0.010979428681465953,negative,positive,positive,Slovakia,_EECA
SWE,IFE,0,0.5188112716941069,0.6904634631204061,-0.17165219142629917,negative,positive,positive,Sweden,_WEOFF
TCD,IFE,0,-0.8767118295073133,-0.897023532215359,0.02031170270804572,positive,negative,negative,Chad,_SSAF
TGO,IFE,0,-0.8035375992661242,-0.8618516190775674,0.05831401981144313,positive,negative,negative,Togo,_SSAF
THA,IFE,0,-0.745877217581452,-0.8298241953990635,0.08394697781761151,positive,negative,negative,Thailand,_SEAS
TJK,IFE,0,0.2361057875662107,0.28594309612396374,-0.049837308557753035,negative,positive,positive,Tajikistan,_EECA
TKM,IFE,0,-0.8153444992609953,-0.7147670256072018,-0.10057747365379344,negative,negative,negative,Turkmenistan,_EECA
TTO,IFE,0,-0.9420179563398065,-0.8812296429730434,-0.06078831336676305,negative,negative,negative,Trinidad & Tobago,_LAC
TUN,IFE,0,-0.8316139901285298,-0.7408021742242992,-0.0908118159042306,negative,negative,negative,Tunisia,_MENA
TUR,IFE,0,-0.46236071101209575,-0.43945495674155255,-0.0229057542705432,negative,negative,negative,Turkey,_MENA
TZA,IFE,0,-0.663618246907256,-0.7474698153097108,0.08385156840245478,positive,negative,negative,Tanzania,_SSAF
UGA,IFE,0,-0.6250627617779301,-0.7476489212514941,0.122586159473564,positive,negative,negative,Uganda,_SSAF
UKR,IFE,0,-0.0861812110311444,-0.05335308903297842,-0.03282812199816598,negative,negative,negative,Ukraine,_EECA
URY,IFE,0,-0.49688290947128133,-0.49689745824227916,1.4548770997824256e-5,positive,negative,negative,Uruguay,_LAC
USA,IFE,0,-0.3636794030285614,-0.392849983800279,0.029170580771717636,positive,negative,negative,United States,_WEOFF
UZB,IFE,0,-0.5170576944709029,-0.4408485546165912,-0.07620913985431166,negative,negative,negative,Uzbekistan,_EECA
VCT,IFE,0,-0.9241426650394106,-0.880816440288477,-0.043326224750933506,negative,negative,negative,St. Vincent & Grenadines,_LAC
VNM,IFE,0,-0.685242630915867,-0.7876160651016103,0.1023734341857433,positive,negative,negative,Vietnam,_SEAS
VUT,IFE,0,-0.5988597084325229,-0.6965657532001088,0.09770604476758593,positive,negative,negative,Vanuatu,_SEAS
WSM,IFE,0,-0.856570578583574,-0.8257164654939635,-0.030854113089610502,negative,negative,negative,Samoa,_SEAS
YEM,IFE,0,-0.8826980775050062,-0.8481215169323926,-0.0345765605726136,negative,negative,negative,Yemen,_MENA
ZAF,IFE,0,-0.5985733436257923,-0.6481779843005044,0.04960464067471215,positive,negative,negative,South Africa,_SSAF
ZMB,IFE,0,-0.7461223510531705,-0.8096013198603468,0.0634789688071763,positive,negative,negative,Zambia,_SSAF
ZWE,IFE,0,-0.7670057577965902,-0.7939753117982449,0.026969554001654683,positive,negative,negative,Zimbabwe,_SSAF
