year,estimator,L,delta_all,delta_dir,IE_effect,eta_all,eta_dir,eta_ie,panel,IE_share
2021,AFE,0,-3.580295461824701e-5,-1.2216772256523623e-4,8.636476794698922e-5,-2.783692854326812e-4,-5.336411996531117e-4,2.5527191422043054e-4,L = 0,0.7069360558871954
2022,AFE,0,-1.1628852913803112e-4,-3.8094703522761897e-4,2.6465850608958785e-4,-5.606180210429072e-4,-0.0010739673215723528,5.133493005294457e-4,L = 0,0.6947383274198531
2023,AFE,0,-2.501962541585634e-4,-7.905263787966188e-4,5.403301246380554e-4,-8.467483808384909e-4,-0.001620978365757732,7.74229984919241e-4,L = 0,0.6835067609768755
2024,AFE,0,-4.461130653229395e-4,-0.001364797671985496,9.186846066625565e-4,-0.0011367626716484868,-0.0021746743322092377,0.001037911660560751,L = 0,0.6731287908236698
2025,AFE,0,-7.124600653541924e-4,-0.0021173130350762293,0.0014048529697220369,-0.0014306633331232076,-0.00273505522092687,0.001304391887803662,L = 0,0.663507448567452
2026,AFE,0,-0.001120456238030032,-0.003107236786017431,0.001986780547987399,-0.0017628809715911965,-0.003348836212520096,0.0015859552409288999,L = 0,0.6394042954588829
2027,AFE,0,-0.0015758268081766946,-0.004272732360729892,0.002696905552553197,-0.00207028490232136,-0.0039303137266390765,0.0018600288243177164,L = 0,0.6311899096091516
2028,AFE,0,-0.002130497069404602,-0.005657711614056038,0.003527214544651436,-0.002381579091037227,-0.004518459282291089,0.002136880191253862,L = 0,0.6234348417279545
2029,AFE,0,-0.0027924741713031276,-0.007273960008497116,0.004481485837193988,-0.002696766563690624,-0.005113272879476138,0.0024165063157855146,L = 0,0.6160998729658833
2030,AFE,0,-0.003569547013051233,-0.009132665838753273,0.00556311882570204,-0.0030158504783635476,-0.005714754518194235,0.0026989040398306867,L = 0,0.6091451197191157
2031,AFE,0,-0.004605257833709908,-0.011306342621447918,0.00670108478773801,-0.0033919140848483486,-0.006392885194084028,0.00300097110923568,L = 0,0.5926836831413704
2032,AFE,0,-0.0056578229476743624,-0.013683149562246921,0.008025326614572559,-0.0037236048424917076,-0.00701396484144025,0.0032903599989485425,L = 0,0.5865116490954085
2033,AFE,0,-0.006848694710859582,-0.01632850317680623,0.009479808465946649,-0.004059198920644393,-0.007641695866475764,0.0035824969458313712,L = 0,0.5805681245426226
2034,AFE,0,-0.008184669163115,-0.019250225283033107,0.011065556119918107,-0.004398700047746945,-0.00827607826919058,0.003877378221443636,L = 0,0.5748273569385779
2035,AFE,0,-0.009672289138148216,-0.02245535901736362,0.012783069879215403,-0.0047421120835382646,-0.008917112049584702,0.004174999966046438,L = 0,0.5692658874583518
2036,AFE,0,-0.011526046639014687,-0.025988610284831792,0.014462563645817106,-0.005158923803222096,-0.009653891565210664,0.0044949677619885685,L = 0,0.5564962299757197
2037,AFE,0,-0.013349151181536678,-0.029756439514207145,0.016407288332670467,-0.005514490002145319,-0.010313655999700076,0.004799165997554758,L = 0,0.5513861402953416
2038,AFE,0,-0.015339683288931094,-0.03381536445678135,0.018475681167850255,-0.005873977044309354,-0.010980055282620532,0.005106078238311179,L = 0,0.5463694230314626
2039,AFE,0,-0.01750278505186753,-0.038168282815042254,0.020665497763174723,-0.006237389347048001,-0.01165308941397201,0.005415700066924008,L = 0,0.5414311632335311
2040,AFE,0,-0.019843311009874465,-0.042817228509860916,0.02297391749998645,-0.006604731458046781,-0.012332758393754532,0.005728026935707749,L = 0,0.5365577899255086
2041,AFE,0,-0.02254746710135558,-0.04761418457016675,0.025066717468811173,-0.007054096131996272,-0.013114563056228393,0.006060466924232121,L = 0,0.526454830532098
2042,AFE,0,-0.025236211618313686,-0.05279055073938477,0.02755433912107108,-0.007433010951028431,-0.013811868919227302,0.006378857968198871,L = 0,0.5219558942868533
2043,AFE,0,-0.028107882081142677,-0.05825124968734241,0.030143367606199734,-0.007815868431929864,-0.014515793224073611,0.006699924792143748,L = 0,0.5174716039225108
2044,AFE,0,-0.031165583294699206,-0.06399412849119679,0.03282854519649758,-0.008202673664248225,-0.01522633597076731,0.007023662306519087,L = 0,0.5129930818733405
2045,AFE,0,-0.03441211195140448,-0.0700162121432063,0.035604100191801824,-0.008593431866814619,-0.015943497159308415,0.007350065292493797,L = 0,0.5085122302671796
2046,AFE,0,-0.0378334264237129,-0.07572153282085259,0.03788810639713969,-0.009066337884982597,-0.016756630790986212,0.007690292906003615,L = 0,0.5003610596047768
2047,AFE,0,-0.04140155788903199,-0.08215979327767897,0.04075823538864698,-0.009468005982418006,-0.017490245763442634,0.008022239781024627,L = 0,0.4960849311158151
2048,AFE,0,-0.045154608499535454,-0.08884777269639921,0.043693164196863754,-0.009873642184413408,-0.018230462896847436,0.008356820712434028,L = 0,0.4917755715291503
2049,AFE,0,-0.049093608515827,-0.09577888446062544,0.04668527594479843,-0.01028325223429831,-0.018977282191200588,0.00869402995690228,L = 0,0.48742764344880923
2050,AFE,0,-0.05321928278830712,-0.10294587180480452,0.0497265890164974,-0.010696842003527272,-0.01973070364650215,0.009033861642974877,L = 0,0.48303626114103826
2051,AFE,0,-0.05707165539324677,-0.10897679317452236,0.05190513778127559,-0.011183859853206145,-0.02056057321419799,0.009376713360991848,L = 0,0.47629533104494465
2052,AFE,0,-0.06143327209329441,-0.11635212996740729,0.05491885787411288,-0.011607645253964,-0.02132919167073907,0.009721546416775069,L = 0,0.4720056082299209
2053,AFE,0,-0.06596603367172671,-0.12391587245447921,0.057949838782752505,-0.012035427413924226,-0.022104396012236953,0.010068968598312727,L = 0,0.46765468890226725
2054,AFE,0,-0.0706688368358449,-0.13165798005589824,0.06098914322005333,-0.012467212709382619,-0.022886186238691632,0.010418973529309011,L = 0,0.4632392445498486
2055,AFE,0,-0.07554029897306913,-0.1395679707484263,0.06402767177535718,-0.01290300764351261,-0.023674562350103134,0.010771554706590523,L = 0,0.45875619909075105
2056,AFE,0,-0.07951262904260692,-0.14532850557831645,0.06581587653570953,-0.013399003558595976,-0.024511889158301,0.011112885599705025,L = 0,0.45287657967584233
2057,AFE,0,-0.08451044321449319,-0.15321616316797648,0.06870571995348329,-0.013844375606136645,-0.02531431110162383,0.011469935495487185,L = 0,0.4484234465404195
2058,AFE,0,-0.08965221421707925,-0.16121398897293038,0.07156177475585113,-0.014293776185937896,-0.026123302565669377,0.01182952637973148,L = 0,0.4438930840416531
2059,AFE,0,-0.09493487473083151,-0.1693097901364029,0.0743749154055714,-0.014747212284429665,-0.026938863550437613,0.012191651266007948,L = 0,0.43928301692212784
2060,AFE,0,-0.10035512756853582,-0.1774911703126104,0.0771360427440746,-0.015204691013574523,-0.02776099405592856,0.01255630304235404,L = 0,0.4345908734965067
2061,AFE,0,-0.10407693753617786,-0.18230343938074,0.07822650184456215,-0.015703334962069507,-0.028592661248166184,0.012889326286096677,L = 0,0.42910052662904735
2062,AFE,0,-0.10948573428943797,-0.1902133942971359,0.08072766000769793,-0.01616980497641705,-0.02942765638478244,0.013257851408365388,L = 0,0.42440575915275314
2063,AFE,0,-0.11500028169055898,-0.1981471745999186,0.08314689290935962,-0.01664033830289971,-0.03026920452877745,0.013628866225877738,L = 0,0.41962189507492365
2064,AFE,0,-0.12061598133652796,-0.2060918605779486,0.08547587924142064,-0.01711494251129931,-0.031117305680151208,0.014002363168851896,L = 0,0.41474650673596947
2065,AFE,0,-0.12632807844007377,-0.214034534361771,0.08770645592169724,-0.017593625295467197,-0.031971959838903705,0.014378334543436509,L = 0,0.40977712397314237
2066,AFE,0,-0.1296555104488747,-0.2176468893440351,0.0879913788951604,-0.01809853715774291,-0.03280192947999596,0.014703392322253053,L = 0,0.40428502865516336
2067,AFE,0,-0.1352660357248031,-0.22516557685318372,0.08989954112838061,-0.018585862262662487,-0.0336686172097933,0.015082754947130812,L = 0,0.3992597020591582
2068,AFE,0,-0.1409407995101376,-0.23262702654752299,0.09168622703738538,-0.0190772882290004,-0.03454184120794463,0.015464552978944229,L = 0,0.39413402818289883
2069,AFE,0,-0.14667428525972903,-0.24001874944800106,0.09334446418827202,-0.019572823184154507,-0.035421601474449976,0.015848778290295466,L = 0,0.3889048851514605
2070,AFE,0,-0.15246089867630397,-0.2473283837610014,0.09486748508469744,-0.020072475378037503,-0.03630789800930932,0.01623542263127182,L = 0,0.38356893633514333
2071,AFE,0,-0.15512380069780873,-0.2493923623012716,0.09426856160346286,-0.020577951367314693,-0.03712662064996976,0.016548669282655068,L = 0,0.3779929775458974
2072,AFE,0,-0.16073587859089733,-0.256165121333764,0.09542924274286668,-0.021085872523612735,-0.03802409693675826,0.016938224413145523,L = 0,0.3725301955473068
2073,AFE,0,-0.1663715452009018,-0.2628101722786569,0.09643862707775508,-0.02159793441504714,-0.038928092582503196,0.017330158167456054,L = 0,0.36695165275224384
2074,AFE,0,-0.1720249619732972,-0.26931610238908077,0.09729114041578357,-0.022114145699342096,-0.039838607587204575,0.017724461887862482,L = 0,0.3612525933381701
2075,AFE,0,-0.17769028359158623,-0.2756716559247574,0.09798137233317117,-0.02263451515510253,-0.0407556419508624,0.01812112679575987,L = 0,0.3554278077827286
2076,AFE,0,-0.17940467170816365,-0.2759088992134452,0.09650422750528154,-0.02313293224536451,-0.041550565042773886,0.01841763279740938,L = 0,0.34976844813774977
2077,AFE,0,-0.18483698646397106,-0.28165175127515363,0.09681476481118256,-0.02366114408860617,-0.04247785450937374,0.01881671042076757,L = 0,0.3437392608881791
2078,AFE,0,-0.1902555684018291,-0.28720742766226015,0.09695185926043104,-0.024193538452643965,-0.043411646259862595,0.01921810780721863,L = 0,0.33756738135073927
2079,AFE,0,-0.19565468965734079,-0.29256549293356504,0.09691080327622426,-0.024730124496409163,-0.04435194029424044,0.019621815797831274,L = 0,0.3312448173723293
2080,AFE,0,-0.20102866711078082,-0.2977155998077887,0.0966869326970079,-0.025270911497999406,-0.04529873661250726,0.020027825114507854,L = 0,0.32476273584397647
2081,AFE,0,-0.20156082735723768,-0.29593835301868443,0.09437752566144675,-0.02575954221671742,-0.046064353581157326,0.020304811364439904,L = 0,0.3189094103510406
2082,AFE,0,-0.20662047111626425,-0.300381127973286,0.09376065685702173,-0.0263077867806913,-0.04702053692778802,0.02071275014709672,L = 0,0.31213897320926304
2083,AFE,0,-0.21163141757053117,-0.30458262747941034,0.09295120990887917,-0.026860257286565773,-0.047983205113426276,0.021122947826860507,L = 0,0.30517567819971164
2084,AFE,0,-0.21658826653427543,-0.3085327434815047,0.09194447694722929,-0.027416963365217834,-0.0489523581380721,0.021535394772854266,L = 0,0.2980055727950346
2085,AFE,0,-0.2214856906103827,-0.3122213127889165,0.09073562217853381,-0.02797791476489091,-0.0499279960017255,0.02195008123683459,L = 0,0.2906131595182852
2086,AFE,0,-0.22083422567473177,-0.30851271236030764,0.08767848668557587,-0.0284592404325242,-0.05066711940673426,0.022207878974210057,L = 0,0.28419732209665777
2087,AFE,0,-0.22536821325499712,-0.31143247112299155,0.08606425786799443,-0.029027374497698374,-0.05165144844168106,0.02262407394398269,L = 0,0.27634966115657783
2088,AFE,0,-0.22982253683127307,-0.3140592125125644,0.08423667568129134,-0.02959977932915585,-0.05264224450371958,0.023042465174563723,L = 0,0.26821908839219716
2089,AFE,0,-0.2341922189434974,-0.3163822476487549,0.08219002870525749,-0.030176465001430997,-0.0536395075928498,0.0234630425914188,L = 0,0.25978078516119596
2090,AFE,0,-0.23847235914436948,-0.31839063326264927,0.07991827411827979,-0.030757441704545453,-0.05464323770907171,0.023885796004526255,L = 0,0.2510069888028175
2091,AFE,0,-0.2365278254792733,-0.31274031970664706,0.07621249422737375,-0.031226442291215056,-0.05534714566897701,0.024120703377761957,L = 0,0.24369257631654814
2092,AFE,0,-0.24040719599090932,-0.31393183014984105,0.07352463415893173,-0.03181431287509469,-0.056358859357479175,0.024544546482384487,L = 0,0.23420573225670713
2093,AFE,0,-0.24417990812795465,-0.3147763092504714,0.07059640112251675,-0.03240650041204036,-0.057377022391135776,0.024970521979095425,L = 0,0.22427482325660766
2094,AFE,0,-0.24784139577402708,-0.31526142928896417,0.06742003351493708,-0.033003015391467126,-0.05840163476994679,0.025398619378479658,L = 0,0.21385436736423863
2095,AFE,0,-0.25138715412069246,-0.31537436309229505,0.0639872089716026,-0.03360386841632551,-0.05943269649391218,0.025828828077586668,L = 0,0.20289286784188157
2096,AFE,0,-0.2479648179752485,-0.3075044820502071,0.05953966407495859,-0.034058159710193506,-0.06009691734513586,0.026038757634942344,L = 0,0.19362210162919638
2097,AFE,0,-0.25102177649082624,-0.3066624618566738,0.05564068536584754,-0.034665636126722604,-0.061135280693578584,0.026469644566855976,L = 0,0.18143950527551878
2098,AFE,0,-0.25394685406953144,-0.30540794796804904,0.05146109389851761,-0.035277476825542865,-0.06218007558581367,0.026902598760270808,L = 0,0.1684995241312493
2099,AFE,0,-0.25673579668279933,-0.3037255124268521,0.04698971574405275,-0.035893692682281,-0.06323130202184117,0.027337609339560177,L = 0,0.1547111250832758
2100,AFE,0,-0.25938437611420784,-0.3015989021538874,0.04221452603967957,-0.03651429468406592,-0.06428896000166105,0.02777466531759513,L = 0,0.13996909716249592
2021,AFE,1,-3.0875785312911574e-5,-1.214013226780164e-4,9.052553736510482e-5,-2.822068335507261e-4,-5.708590740626925e-4,2.886522405119663e-4,L = 1,0.7456717552015385
2022,AFE,1,-9.095696676841847e-5,-3.4418870349872677e-4,2.532317367303083e-4,-4.700584519004033e-4,-9.050018959715444e-4,4.34943444071141e-4,L = 1,0.7357351771170058
2023,AFE,1,-1.8631551069925312e-4,-6.769228826293272e-4,4.906073719300741e-4,-6.605392768373001e-4,-0.0012429853337623295,5.824460569250293e-4,L = 1,0.7247610983756968
2024,AFE,1,-3.230025653311319e-4,-0.0011281710556995117,8.051684903683798e-4,-8.536498919792212e-4,-0.0015848093874350465,7.311594954558251e-4,L = 1,0.7136936250054232
2025,AFE,1,-5.070399965672046e-4,-0.0017064869328161647,0.0011994469362489601,-0.0010493909377948501,-0.00193047405698969,8.810831191948398e-4,L = 1,0.7028749609406902
2026,AFE,1,-7.903329686240745e-4,-0.002450990941133546,0.0016606579725094717,-0.001272094370515429,-0.0023095038266421368,0.0010374094561267078,L = 1,0.6775455366397407
2027,AFE,1,-0.001102246778650784,-0.003318077348293702,0.002215830569642918,-0.0014767402761681541,-0.0026669468353628023,0.001190206559194648,L = 1,0.6678055804764146
2028,AFE,1,-0.0014818507526286329,-0.004338301417338153,0.00285645066470952,-0.0016840161343284973,-0.0030282207207700694,0.0013442045864415718,L = 1,0.6584260497192815
2029,AFE,1,-0.0019351191403689239,-0.0055197301453813186,0.0035846110050123947,-0.001893922833879039,-0.003393325482863937,0.0014994026489848979,L = 1,0.6494177995299006
2030,AFE,1,-0.0024679677537415845,-0.0068702803228757325,0.004402312569134148,-0.0021064613202574807,-0.0037622611216444218,0.0016557998013869413,L = 1,0.6407762656315379
2031,AFE,1,-0.0031764443528591313,-0.00842588291640567,0.005249438563546538,-0.0023574426552625733,-0.004175587526632538,0.001818144871369964,L = 1,0.6230134711847924
2032,AFE,1,-0.003898864205918895,-0.010133142327091837,0.0062342781211729426,-0.0025783044100018294,-0.004555450368083049,0.0019771459580812194,L = 1,0.6152364113652147
2033,AFE,1,-0.004718436931263059,-0.012028372769616325,0.007309935838353265,-0.0028017988774924423,-0.004939134215933996,0.0021373353384415536,L = 1,0.6077244177880957
2034,AFE,1,-0.005640730732179855,-0.014118139390693285,0.00847740865851343,-0.003027927246431226,-0.005326639070185415,0.0022987118237541887,L = 1,0.6004621730893067
2035,AFE,1,-0.006671235939673448,-0.016408754902971112,0.009737518963297664,-0.0032566907617140556,-0.005717964930837295,0.00246127416912324,L = 1,0.5934343599424783
2036,AFE,1,-0.007947857531343638,-0.018902820821320554,0.010954963289976916,-0.0035342070515787705,-0.006162566710167066,0.0026283596585882957,L = 1,0.5795411908904504
2037,AFE,1,-0.009216599025537286,-0.021591055550294502,0.012374456524757216,-0.0037709980732824845,-0.006564316006049039,0.002793317932766554,L = 1,0.5731288355000517
2038,AFE,1,-0.010607483530951867,-0.024490646790962356,0.01388316326001049,-0.0040104265878278915,-0.006969876323013428,0.002959449735185537,L = 1,0.5668761375928101
2039,AFE,1,-0.012125403862674689,-0.027606114315485097,0.015480710452810409,-0.004252494078916759,-0.007379247661060213,0.0031267535821434536,L = 1,0.5607710768670843
2040,AFE,1,-0.013775148085708566,-0.030941650118871067,0.0171665020331625,-0.004497202086044753,-0.007792430020189424,0.003295227934144671,L = 1,0.5548024092836855
2041,AFE,1,-0.015671133930634795,-0.03436345493896065,0.018692321008325852,-0.004795889722534758,-0.008260378197915067,0.0034644884753803093,L = 1,0.5439593033217637
2042,AFE,1,-0.017582201238796724,-0.03810143945374789,0.020519238214951163,-0.005048239741703992,-0.008683351330717423,0.0036351115890134304,L = 1,0.5385423361723612
2043,AFE,1,-0.01963361948394793,-0.04206130432651756,0.02242768484256963,-0.005303233977440203,-0.009110125358397607,0.003806891380957404,L = 1,0.5332142024998995
2044,AFE,1,-0.021829310107796873,-0.046245273057824554,0.02441596295002768,-0.005560874202354441,-0.009540700280955619,0.003979826078601177,L = 1,0.5279666728207711
2045,AFE,1,-0.024173060205327834,-0.05065520084535102,0.02648214064002319,-0.005821162244394445,-0.00997507609839147,0.004153913853997025,L = 1,0.522792135813901
2046,AFE,1,-0.026642423127710146,-0.054863523587448726,0.02822110045973858,-0.006135200525452583,-0.010458666971352821,0.004323466445900238,L = 1,0.5143873126332483
2047,AFE,1,-0.029249147400063902,-0.05964229835735613,0.030393150957292225,-0.0064026920101446765,-0.010902157664969799,0.004499465654825122,L = 1,0.5095905388351556
2048,AFE,1,-0.032007344768257395,-0.06463983434379938,0.03263248957554199,-0.006672836070930134,-0.011349439029315699,0.004676602958385564,L = 1,0.5048356003200724
2049,AFE,1,-0.03491983851150704,-0.06985604697295933,0.03493620846145229,-0.006945634762481358,-0.011800511064390487,0.004854876301909129,L = 1,0.5001171691689882
2050,AFE,1,-0.037989295158588066,-0.07529048474136113,0.037301189582773064,-0.007221090194311682,-0.012255373770194242,0.00503428357588256,L = 1,0.4954303284261033
2051,AFE,1,-0.04088877498900001,-0.0800166008518135,0.03912782586281349,-0.007544271493174871,-0.012746379366579538,0.005202107873404667,L = 1,0.4889963513355953
2052,AFE,1,-0.044184813916362975,-0.085729297320295,0.04154448340393202,-0.007826453801890145,-0.013209641079367798,0.005383187277477653,L = 1,0.48460076896136006
2053,AFE,1,-0.047633943808045864,-0.09164218910096333,0.04400824529291747,-0.008111298498384678,-0.013676683075111684,0.005565384576727004,L = 1,0.48021818034522334
2054,AFE,1,-0.051237691854134515,-0.09775298339189087,0.046515291537756354,-0.008398807911636597,-0.01414750535381119,0.005748697442174592,L = 1,0.47584523687913394
2055,AFE,1,-0.05499741528127533,-0.10405906452961056,0.049061649248335226,-0.008688984424930851,-0.014622107915466344,0.005933123490535492,L = 1,0.47147886126128374
2056,AFE,1,-0.058165743479520415,-0.10902279246607793,0.05085704898655752,-0.009017806016359044,-0.015115202092851807,0.006097396076492764,L = 1,0.4664808874931498
2057,AFE,1,-0.06209902559527225,-0.1155011898663717,0.05340216427109945,-0.009314287881960646,-0.015597541861415237,0.006283253979454591,L = 1,0.4623516375275676
2058,AFE,1,-0.06617808860124241,-0.12214942965428599,0.05597134105304358,-0.009613443379152192,-0.01608365130046749,0.006470207921315296,L = 1,0.45822024066306927
2059,AFE,1,-0.07040309176205894,-0.12896337728334295,0.058560285521284006,-0.009915275102649087,-0.016573530410008534,0.006658255307359448,L = 1,0.45408461498819414
2060,AFE,1,-0.07477402348718509,-0.13593864749593798,0.06116462400875289,-0.010219785700897776,-0.01706717919003841,0.0068473934891406345,L = 1,0.4499428612498191
2061,AFE,1,-0.07799958721909395,-0.1407819424850425,0.06278235526594855,-0.010549882481653484,-0.017554597196936927,0.007004714715283443,L = 1,0.44595460296776995
2062,AFE,1,-0.08246655011343884,-0.14780000992692077,0.06533345981348193,-0.010860292128038832,-0.01805529501031261,0.007195002882273778,L = 1,0.44203961722185164
2063,AFE,1,-0.08706321312280707,-0.15494843174302875,0.06788521862022168,-0.011173388063338618,-0.018559751589737307,0.007386363526398689,L = 1,0.4381149125329943
2064,AFE,1,-0.0917884430121716,-0.1622217793217544,0.07043333630958282,-0.011489173137854617,-0.019067966935210984,0.007578793797356367,L = 1,0.4341792859384418
2065,AFE,1,-0.09664095330502331,-0.1696144672818145,0.0729735139767912,-0.01180765025499358,-0.01957994104673364,0.007772290791740061,L = 1,0.43023166093223447
2066,AFE,1,-0.09985434636960977,-0.17421933957457603,0.07436499320496626,-0.01214127421239783,-0.02006389862965819,0.00792262441726036,L = 1,0.4268469469954207
2067,AFE,1,-0.10475311485775896,-0.18157498385977378,0.07682186900201482,-0.012465394733351278,-0.02058242924152342,0.00811703450817214,L = 1,0.4230861948545875
2068,AFE,1,-0.10976121176075015,-0.18901980234163596,0.0792585905808858,-0.012792215471201986,-0.021104707431242074,0.008312491960040087,L = 1,0.4193136888252225
2069,AFE,1,-0.11487648007502271,-0.19654773316390417,0.08167125308888146,-0.013121739521608425,-0.02163073319881419,0.008508993677205765,L = 1,0.41552884774699766
2070,AFE,1,-0.1200966398666452,-0.20415265252370685,0.08405601265706164,-0.013453970032668551,-0.02216050654423975,0.008706536511571196,L = 1,0.41173118065316733
2071,AFE,1,-0.12312022780071408,-0.20829779908594936,0.08517757128523529,-0.013787329648833406,-0.022635581499718987,0.008848251850885582,L = 1,0.40892208971487354
2072,AFE,1,-0.12834210259015877,-0.215795121321945,0.08745301873178624,-0.014124933787911846,-0.023171407939411994,0.009046474151500146,L = 1,0.4052594803629271
2073,AFE,1,-0.13365092997146488,-0.22334217851076488,0.0896912485393,-0.014465253164516231,-0.02371097052783541,0.009245717363319176,L = 1,0.4015867004493151
2074,AFE,1,-0.13904385609029646,-0.23093289240132597,0.09188903631102951,-0.014808291108871182,-0.024254269264989265,0.009445978156118083,L = 1,0.3979036305981932
2075,AFE,1,-0.14451794204352975,-0.2385612061207808,0.09404326407725105,-0.015154051002941317,-0.024801304150873543,0.009647253147932227,L = 1,0.39421021383350163
2076,AFE,1,-0.14714313890851427,-0.2420350323599917,0.09489189345147742,-0.015482097936040955,-0.02526025866441336,0.009778160728372403,L = 1,0.39205850709388057
2077,AFE,1,-0.15258097124288017,-0.24950522082857163,0.09692424958569146,-0.015832929148812756,-0.025812802299010666,0.009979873150197912,L = 1,0.388465817524057
2078,AFE,1,-0.1580832432658268,-0.2569902081431531,0.09890696487732631,-0.01618649155952425,-0.026369070408667084,0.010182578849142834,L = 1,0.3848666670686202
2079,AFE,1,-0.1636467116632332,-0.2644843306140735,0.10083761895084031,-0.016542788721477866,-0.026929062993382578,0.010386274271904711,L = 1,0.381261221474701
2080,AFE,1,-0.1692680868822547,-0.27198200543960305,0.10271391855734835,-0.016901824238982066,-0.027492780053157136,0.01059095581417507,L = 1,0.37764968454928627
2081,AFE,1,-0.17131377150565952,-0.2746416086340656,0.1033278371284061,-0.017222653803633994,-0.027932269551512488,0.010709615747878492,L = 1,0.37622790531379685
2082,AFE,1,-0.17684153834311112,-0.28192389183909683,0.10508235349598571,-0.017586485070869937,-0.02850097944109934,0.010914494370229403,L = 1,0.3727330550472098
2083,AFE,1,-0.18241087923935417,-0.28919059062582364,0.10677971138646947,-0.017953064309438372,-0.02907340177396114,0.01112033746452277,L = 1,0.36923646497416307
2084,AFE,1,-0.1880184032489166,-0.2964367138334376,0.108418310584521,-0.01832239528403115,-0.029649536550097888,0.011327141266066737,L = 1,0.3657384714008106
2085,AFE,1,-0.19366070928951373,-0.30365738672832965,0.10999667743881592,-0.018694481809575975,-0.0302293837695096,0.011534901959933626,L = 1,0.3622394259001696
2086,AFE,1,-0.1951134157205291,-0.30556497303431174,0.11045155731378264,-0.019009761532105172,-0.03065104837107912,0.011641286838973947,L = 1,0.36146668322936376
2087,AFE,1,-0.20062422235733113,-0.31254042270483207,0.11191620034750094,-0.0193864420252651,-0.031235470979018475,0.011849028953753378,L = 1,0.3580855217988756
2088,AFE,1,-0.20615514649432298,-0.31947566698493834,0.11332052049061536,-0.019765887975767272,-0.03182359365939935,0.012057705683632082,L = 1,0.354707829738901
2089,AFE,1,-0.21170286115340775,-0.3263665118994449,0.11466365074603713,-0.020148103348467176,-0.03241541641222175,0.012267313063754578,L = 1,0.35133399587689795
2090,AFE,1,-0.21726405952256234,-0.33320889343509497,0.11594483391253263,-0.02053309215765179,-0.033010939237485645,0.012477847079833853,L = 1,0.3479644037025599
2091,AFE,1,-0.2180211919953119,-0.33438078266280913,0.11635959066749724,-0.02083965731951114,-0.0334098974940754,0.012570240174564255,L = 1,0.3479852811542543
2092,AFE,1,-0.22342134296230443,-0.34097211938076755,0.11755077641846312,-0.021229032736039447,-0.03400957338526403,0.01278054064922458,L = 1,0.3447518718889529
2093,AFE,1,-0.2288223806169538,-0.34750463128549725,0.11868225066854343,-0.021621191843114517,-0.03461293691260668,0.012991745069492164,L = 1,0.34152710491803023
2094,AFE,1,-0.2342212057123666,-0.3539749307950666,0.11975372508269999,-0.022016138794452713,-0.03521998807610334,0.013203849281650623,L = 1,0.33831131717073853
2095,AFE,1,-0.23961476256891012,-0.3603797571503369,0.12076499458142675,-0.02241387779236639,-0.035830726875753977,0.013416849083387583,L = 1,0.33510482258038743
2096,AFE,1,-0.2395278020898124,-0.36073049998994033,0.12120269790012794,-0.022710428125911907,-0.03620406581606097,0.013493637690149062,L = 1,0.3359923763128095
2097,AFE,1,-0.2446925474921502,-0.3668414183640416,0.12214887087189141,-0.023112363143807137,-0.03681854476783256,0.013706181624025425,L = 1,0.33297458999211155
2098,AFE,1,-0.24984037133489645,-0.37287921906398025,0.1230388477290838,-0.02351710073945612,-0.03743669871382329,0.013919597974367164,L = 1,0.32996970986460966
2099,AFE,1,-0.25496854741644126,-0.3788412723856097,0.12387272496916846,-0.02392464524400439,-0.03805852765403317,0.01413388241002878,L = 1,0.3269779034082712
2100,AFE,1,-0.2600744095258496,-0.3847250589116624,0.12465064938581283,-0.024335001036323238,-0.03868403158846218,0.014349030552138946,L = 1,0.3239992989758282
2021,AFE,2,-2.283323351759403e-5,-9.381429901234029e-5,7.098106549474625e-5,-2.502951755264436e-4,-5.45794894431279e-4,2.954997189048354e-4,L = 2,0.7566124379974255
2022,AFE,2,-1.0879560608723082e-4,-2.9811338614182947e-4,1.8931778005459865e-4,-4.7010328786565393e-4,-9.167847818146738e-4,4.466814939490198e-4,L = 2,0.6350529323917358
2023,AFE,2,-2.2702425935772208e-4,-4.7128961983777806e-4,2.44265360480056e-4,-5.92275087183254e-4,-0.0011127585275425781,5.204834403593242e-4,L = 2,0.5182914076574278
2024,AFE,2,-3.8136239024577634e-4,-6.215859800505763e-4,2.4022358980479996e-4,-7.160505581147733e-4,-0.0013130401928906931,5.969896347759197e-4,L = 2,0.3864688032140844
2025,AFE,2,-5.756647116520464e-4,-7.571708941864763e-4,1.8150618253442996e-4,-8.414256285578721e-4,-0.0015176297778590159,6.762041493011436e-4,L = 2,0.2397162700362972
2026,AFE,2,-8.559972965639373e-4,-9.241175730061446e-4,6.81202764422073e-5,-9.871818617175636e-4,-0.0017603793207421924,7.731974590246287e-4,L = 2,0.07371386329188911
2027,AFE,2,-0.0011546691680186516,-0.0010687001490651271,-8.596901895352449e-5,-0.0011180798479716707,-0.0019784651008778967,8.603852529062262e-4,L = 2,-0.08044260032033129
2028,AFE,2,-0.0015064751132123355,-0.001225924257412081,-2.805508558002545e-4,-0.0012505608818126775,-0.0022008478678481377,9.502869860354603e-4,L = 2,-0.22884844157704795
2029,AFE,2,-0.0019152187563192813,-0.00140400378130201,-5.112149750172712e-4,-0.001384621290675148,-0.0024275276216529124,0.0010429063309777644,L = 2,-0.36411224942940923
2030,AFE,2,-0.002384684282001226,-0.0016110426946180922,-7.736415873831337e-4,-0.0015202574853718062,-0.00265850436229224,0.0011382468769204337,L = 2,-0.480211722487299
2031,AFE,2,-0.002999565287811201,-0.0019075299606149398,-0.0010920353271962613,-0.0016829698171095888,-0.002941918993453344,0.0012589491763437548,L = 2,-0.572486592474918
2032,AFE,2,-0.0036119959214248043,-0.002201890780810567,-0.0014101051406142373,-0.0018236823444139872,-0.0031854752936371685,0.0013617929492231813,L = 2,-0.6404064874167578
2033,AFE,2,-0.004296018480253405,-0.0025485640456208714,-0.0017474544346325338,-0.0019659565216684546,-0.003433317447165885,0.0014673609254974307,L = 2,-0.6856623586270619
2034,AFE,2,-0.005055151447414863,-0.0029551184999829783,-0.0021000329474318846,-0.0021097891534245113,-0.0036854454540395224,0.0015756563006150111,L = 2,-0.7106425503559268
2035,AFE,2,-0.0058928795178391224,-0.00342898242233991,-0.0024638970954992123,-0.0022551771270869696,-0.003941859314258077,0.0016866821871711077,L = 2,-0.7185505179165861
2036,AFE,2,-0.006930743969047137,-0.0040243680644134194,-0.002906375904633718,-0.0024334796690387247,-0.004262851527982196,0.0018293718589434715,L = 2,-0.7221943565088257
2037,AFE,2,-0.007940750795684126,-0.004644091974005948,-0.003296658821678178,-0.0025836775033460067,-0.004531312824689849,0.0019476353213438422,L = 2,-0.7098607952061105
2038,AFE,2,-0.009037750353850793,-0.005348811638010265,-0.0036889387158405285,-0.0027354188896203443,-0.004804048671852273,0.0020686297822319288,L = 2,-0.6896744483626643
2039,AFE,2,-0.010224851291842363,-0.006144977898924209,-0.004079873392918154,-0.002888701104829125,-0.005081059069469444,0.002192357964640319,L = 2,-0.6639362191412292
2040,AFE,2,-0.011505117408748822,-0.007038857675214838,-0.004466259733533984,-0.0030435215081956934,-0.005362344017541393,0.0023188225093456988,L = 2,-0.6345148516442571
2041,AFE,2,-0.012991365012482659,-0.007975541087004046,-0.005015823925478613,-0.003233646344378503,-0.005712566247112006,0.002478919902733503,L = 2,-0.628900769334858
2042,AFE,2,-0.01445863177281359,-0.00904059656061873,-0.0054180352121948605,-0.003392969536908079,-0.006005229830747749,0.00261226029383967,L = 2,-0.5993006297611023
2043,AFE,2,-0.016024632105669956,-0.010213276376508484,-0.0058113557291614715,-0.003553821529496282,-0.006302156459560719,0.0027483349300644368,L = 2,-0.5690001440211828
2044,AFE,2,-0.01769198442891695,-0.011498478246904309,-0.0061935061820126425,-0.003716200065285717,-0.006603346133550919,0.002887146068265202,L = 2,-0.5386370308331971
2045,AFE,2,-0.01946325307159469,-0.012900874366503001,-0.006562378705091687,-0.003880102969000882,-0.006908798852718357,0.0030286958837174747,L = 2,-0.5086770492185275
2046,AFE,2,-0.02136314263724337,-0.014084788494935774,-0.007278354142307597,-0.004078300359007701,-0.007279772381147057,0.0032014720221393562,L = 2,-0.5167528177597094
2047,AFE,2,-0.023322120037516658,-0.01564746775579806,-0.007674652281718597,-0.004246384772554382,-0.007595874121289005,0.003349489348734623,L = 2,-0.4904724778151281
2048,AFE,2,-0.02538771231516912,-0.01732899483693906,-0.00805871747823006,-0.004415986232763006,-0.007916227255758669,0.0035002410229956625,L = 2,-0.4650424074829678
2049,AFE,2,-0.027562019097949975,-0.01913250559605917,-0.008429513501890806,-0.004587102940199091,-0.008240831784556016,0.0036537288443569257,L = 2,-0.44058596818741197
2050,AFE,2,-0.0298470802166253,-0.021060885013982178,-0.008786195202643121,-0.004759733176279099,-0.008569687707681123,0.0038099545314020248,L = 2,-0.41718072136142553
2051,AFE,2,-0.03207492659455602,-0.022251247730791346,-0.009823678863764673,-0.004962162458162713,-0.008952486228772457,0.003990323770609744,L = 2,-0.4414888990773599
2052,AFE,2,-0.034529304863922694,-0.02426618849535145,-0.010263116368571246,-0.005138645256401822,-0.009291215658912007,0.004152570402510184,L = 2,-0.42293895353764765
2053,AFE,2,-0.03709346877940789,-0.026395550813801627,-0.010697917965606263,-0.0053166361625884865,-0.00963418461406452,0.0043175484514760346,L = 2,-0.40529246921464385
2054,AFE,2,-0.039768916839355795,-0.028640419774668247,-0.011128497064687548,-0.00549613382422899,-0.009981393094229999,0.004485259270001008,L = 2,-0.3885591465572873
2055,AFE,2,-0.042557082108183875,-0.031001622212106006,-0.011555459896077869,-0.005677136968893162,-0.010332841099408461,0.004655704130515299,L = 2,-0.37273726571526017
2056,AFE,2,-0.04502624312289283,-0.03192235421267897,-0.013103888910213857,-0.005881665378107871,-0.010721884277099473,0.004840218898991603,L = 2,-0.4104925602576402
2057,AFE,2,-0.04795829273850771,-0.03426966274603693,-0.01368862999247078,-0.0060662366384315524,-0.01108249314997105,0.005016256511539498,L = 2,-0.3994387132990908
2058,AFE,2,-0.05099890540967389,-0.036712500985749186,-0.014286404423924703,-0.006252309871179929,-0.011447329389990848,0.005195019518810918,L = 2,-0.38914277263404923
2059,AFE,2,-0.054148913125588116,-0.03924981958142415,-0.014899093544163966,-0.006439884159329038,-0.011816392997158833,0.0053765088378297955,L = 2,-0.37959648485149455
2060,AFE,2,-0.05740907704066556,-0.04188031647766377,-0.015528760563001787,-0.006628958665069674,-0.012189683971475046,0.005560725306405372,L = 2,-0.37078899753023153
2061,AFE,2,-0.060008756253625006,-0.04213474172243836,-0.017874014531186644,-0.006833017170496026,-0.012576972607529508,0.005743955437033482,L = 2,-0.42421084835244277
2062,AFE,2,-0.06337384263459567,-0.044613902263113236,-0.01875994037148243,-0.007025399006397365,-0.012958690991280863,0.005933291984883498,L = 2,-0.4204953931365279
2063,AFE,2,-0.06684164317604546,-0.047155946970721896,-0.019685696205323566,-0.007219279559189775,-0.013344624213519016,0.006125344654329242,L = 2,-0.417459460999606
2064,AFE,2,-0.07041230961342515,-0.04975779749378384,-0.02065451211964131,-0.007414658334198892,-0.013734772274243958,0.0063201139400450666,L = 2,-0.4151010125040532
2065,AFE,2,-0.074085922749899,-0.05241614395196326,-0.021669778797935746,-0.007611534915041993,-0.01412913517345567,0.006517600258413675,L = 2,-0.41341802666359817
2066,AFE,2,-0.07680231666397963,-0.05184821813190521,-0.02495409853207442,-0.007816774786173231,-0.014517546706480764,0.006700771920307533,L = 2,-0.4812913429076692
2067,AFE,2,-0.08056194280303419,-0.05426492750226575,-0.026297015300768445,-0.008016800598064476,-0.014919822508274573,0.006903021910210097,L = 2,-0.48460426487569624
2068,AFE,2,-0.0844163184484833,-0.056705491108947514,-0.027710827339535782,-0.008218324591059731,-0.015326300269271368,0.007107975678211637,L = 2,-0.48867978740004797
2069,AFE,2,-0.08836501120529883,-0.05916518035557028,-0.029199830849728547,-0.008421346679908726,-0.015736979989471173,0.007315633309562449,L = 2,-0.49353066574366394
2070,AFE,2,-0.09240752236745509,-0.06163906314958767,-0.030768459217867417,-0.008625866856671785,-0.016151861668873977,0.007525994812202192,L = 2,-0.4991714287285244
2071,AFE,2,-0.09515579526080953,-0.059935212951713335,-0.03522058230909619,-0.00883021328295157,-0.016535354188630825,0.007705140905679256,L = 2,-0.5876442340744092
2072,AFE,2,-0.0992667516569622,-0.06207930498588021,-0.03718744667108198,-0.009037726184768913,-0.01695761387340012,0.007919887688631208,L = 2,-0.5990312984261047
2073,AFE,2,-0.10346321858205565,-0.06420463121423026,-0.03925858736782539,-0.009246739217471238,-0.01738406233782527,0.008137323120354034,L = 2,-0.6114603670385097
2074,AFE,2,-0.10774430101469223,-0.06630521946612267,-0.04143908154856957,-0.009457252690649225,-0.01781469958190629,0.008357446891257067,L = 2,-0.6249746533112984
2075,AFE,2,-0.11210904589929693,-0.06837492015390412,-0.043734125745392816,-0.009669266990173033,-0.01824952560564317,0.008580258615470139,L = 2,-0.6396223300437105
2076,AFE,2,-0.11478650947620928,-0.06518205017779632,-0.04960445929841295,-0.009869970834279693,-0.018620310857938853,0.008750340023659162,L = 2,-0.7610141007088216
2077,AFE,2,-0.11920603320528878,-0.06683608662727936,-0.05236994657800942,-0.010084811501999438,-0.019061933386556366,0.008977121884556927,L = 2,-0.783557943331686
2078,AFE,2,-0.12370127184377888,-0.06842675272814647,-0.055274519115632414,-0.010301156523097914,-0.019507731209630882,0.00920657468653297,L = 2,-0.8077910599562319
2079,AFE,2,-0.12827097332670767,-0.06994708732824484,-0.05832388599846283,-0.010519006586232163,-0.019957704327162384,0.009438697740930221,L = 2,-0.8338286585796328
2080,AFE,2,-0.1329138371104166,-0.07138995943603854,-0.06152387767437806,-0.010738362455256605,-0.020411852739150853,0.00967349028389425,L = 2,-0.8618001489341096
2081,AFE,2,-0.13542066896188798,-0.06640308316586296,-0.06901758579602502,-0.010934356582246478,-0.02076680028192017,0.00983244369967369,L = 2,-1.0393732113858554
2082,AFE,2,-0.14008551459205798,-0.06732367650122295,-0.07276183809083503,-0.011156392111063684,-0.02122720015296483,0.010070808041901148,L = 2,-1.0807763608915995
2083,AFE,2,-0.14481509707643414,-0.06813299343003099,-0.07668210364640315,-0.011379938324832405,-0.0216917614010143,0.010311823076181892,L = 2,-1.1254768033221916
2084,AFE,2,-0.14960789962666743,-0.06882308130239201,-0.08078481832427542,-0.01160499627583031,-0.022160484026068565,0.010555487750238256,L = 2,-1.1738041481945052
2085,AFE,2,-0.15446236746911857,-0.06938579563166158,-0.08507657183745698,-0.01183156709039697,-0.022633368028127664,0.010801800937730694,L = 2,-1.2261381607424489
2086,AFE,2,-0.15680608678332875,-0.06250499019233491,-0.09430109659099384,-0.012024113019062317,-0.022974046406581957,0.01094993338751964,L = 2,-1.5086970864377183
2087,AFE,2,-0.16166189032915956,-0.06245092811742525,-0.09921096221173431,-0.012253265392345648,-0.02345273710017934,0.011199471707833688,L = 2,-1.5886227026953048
2088,AFE,2,-0.16657127596186516,-0.06223479408920907,-0.1043364818726561,-0.012483936700410399,-0.023935574846124838,0.011451638145714439,L = 2,-1.6764975830577555
2089,AFE,2,-0.17153255314982807,-0.06184752118662096,-0.10968503196320711,-0.012716128343797976,-0.024422559644418473,0.011706431300620499,L = 2,-1.7734749891145922
2090,AFE,2,-0.1765440035286654,-0.06127979699195263,-0.11526420653671277,-0.012949841795925584,-0.024913691495060186,0.0119638496991346,L = 2,-1.88094954935718
2091,AFE,2,-0.1786671249779731,-0.05229699197409399,-0.12637013300387911,-0.013137809732289913,-0.025234155700861412,0.0120963459685715,L = 2,-2.416393911651329
2092,AFE,2,-0.18366525731586136,-0.0510280682092944,-0.13263718910656697,-0.01337401887118506,-0.02573063281960383,0.01235661394841877,L = 2,-2.5992986558407094
2093,AFE,2,-0.18870618014996365,-0.04954306266339237,-0.13916311748657129,-0.013611757106849906,-0.026231242563210258,0.012619485456360355,L = 2,-2.8089324721824203
2094,AFE,2,-0.19378810948408753,-0.047831541768746155,-0.14595656771534138,-0.013851026171985397,-0.026735984931680685,0.01288495875969529,L = 2,-3.051471107099282
2095,AFE,2,-0.19890924274941046,-0.04588274097071454,-0.15302650177869592,-0.014091827870936687,-0.027244859925015068,0.013153032054078383,L = 2,-3.335164781815623
2096,AFE,2,-0.20069146877983057,-0.034398507797177125,-0.16629296098265345,-0.01427368716470875,-0.027542511898635078,0.013268824733926326,L = 2,-4.83430740551775
2097,AFE,2,-0.20575488059659042,-0.03157283178897019,-0.17418204880762023,-0.014516898291834784,-0.028056287923439737,0.013539389631604953,L = 2,-5.516833268926795
2098,AFE,2,-0.21084978941708488,-0.028468011998759257,-0.18238177741832562,-0.01476165044559877,-0.02857418188619493,0.01381253144059616,L = 2,-6.406551234637477
2099,AFE,2,-0.21597439083408554,-0.025071688195892228,-0.1909027026381933,-0.015007945675402002,-0.029096193786900676,0.014088248111498673,L = 2,-7.614273962990295
2100,AFE,2,-0.22112687046902446,-0.021371035990479403,-0.19975583447854506,-0.015255786101006885,-0.02962232362555696,0.014366537524550074,L = 2,-9.347035612477299
2021,IFE,0,-7.469157774575574e-5,-1.3910971937802774e-4,6.4418141632272e-5,-2.4404752421009824e-4,-4.768225126765562e-4,2.32774988466458e-4,L = 0,0.46307434103304496
2022,IFE,0,-2.3033108799375146e-4,-4.291048798209518e-4,1.9877379182720034e-4,-4.907765806608935e-4,-9.591747975870362e-4,4.6839821692614276e-4,L = 0,0.4632289241505262
2023,IFE,0,-4.731004818310236e-4,-8.815921435390006e-4,4.08491661707977e-4,-7.401867193065964e-4,-0.0014470568547314453,7.068701354248488e-4,L = 0,0.4633567400772847
2024,IFE,0,-8.090973811082369e-4,-0.0015079764635703707,6.988790824621338e-4,-9.92277597542119e-4,-0.0019404686841097757,9.481910865676567e-4,L = 0,0.4634549008858056
2025,IFE,0,-0.0012443246421254273,-0.0023194266245033512,0.001075101982377924,-0.0012470489802030949,-0.0024394102857220263,0.0011923613055189312,L = 0,0.46352058350116204
2026,IFE,0,-0.0018339456356137873,-0.003367148954048549,0.0015332033184347615,-0.0015290155821808089,-0.0029828262131576674,0.0014538106309768585,L = 0,0.4553416968950211
2027,IFE,0,-0.0025035060721474434,-0.004597208090363236,0.002093702018215793,-0.0017932173206334874,-0.0034992692851031036,0.001706051964469616,L = 0,0.45542902932861684
2028,IFE,0,-0.0032930993951424403,-0.006047300451085924,0.0027542010559434837,-0.002060095037699291,-0.0040212281769778195,0.0019611331392785283,L = 0,0.4554430655829093
2029,IFE,0,-0.0042084708403600235,-0.007727467056034887,0.0035189962156748633,-0.002329648986403676,-0.004548702888781818,0.0022190539023781426,L = 0,0.4553880579699978
2030,IFE,0,-0.005255224024153349,-0.009647314982494493,0.004392090958341144,-0.002601879526653796,-0.005081693420515109,0.0024798138938613126,L = 0,0.45526563259422953
2031,IFE,0,-0.00654765505646282,-0.011875101573273095,0.005327446516810275,-0.002914475200768543,-0.0056787131788261025,0.0027642379780575595,L = 0,0.4486232377835475
2032,IFE,0,-0.007892154661705453,-0.014307302081133733,0.00641514741942828,-0.0031954646837493578,-0.006227972543166058,0.0030325078594167,L = 0,0.4483827477080804
2033,IFE,0,-0.009384842520579029,-0.017003204196477606,0.007618361675898577,-0.0034791290447783616,-0.006782734026125896,0.003303604981347535,L = 0,0.4480544718434189
2034,IFE,0,-0.011030636562295304,-0.01996999426994084,0.008939357707645534,-0.0037654691200588925,-0.007342997627705629,0.0035775285076467367,L = 0,0.4476394728415722
2035,IFE,0,-0.012834286851531651,-0.023214275181889343,0.010379988330357692,-0.004054485852003131,-0.007908763347905258,0.003854277495902127,L = 0,0.44713816171420495
2036,IFE,0,-0.014970161641208346,-0.026790482129432802,0.011820320488224456,-0.004395366472914848,-0.008554771103606567,0.0041594046306917196,L = 0,0.44121342912445416
2037,IFE,0,-0.017116651741841737,-0.030595572239275892,0.013478920497434155,-0.004692791254163409,-0.009136097248981108,0.0044433059948176985,L = 0,0.4405513448815678
2038,IFE,0,-0.0194326050632061,-0.03468813876982657,0.015255533706620472,-0.004992893767182019,-0.009722911976873203,0.004730018209691184,L = 0,0.43979107117417543
2039,IFE,0,-0.02192180909828456,-0.03907162711779322,0.017149818019508656,-0.005295675421518426,-0.010315215287282836,0.005019539865764411,L = 0,0.4389327828043954
2040,IFE,0,-0.02458786069361718,-0.04374880670248549,0.019160946008868307,-0.005601137732163479,-0.01091300718021003,0.00531186944804655,L = 0,0.4379764261725503
2041,IFE,0,-0.027595357611512217,-0.04862410093094671,0.021028743319434495,-0.0059644423464206625,-0.011596831592156534,0.0056323892457358716,L = 0,0.4324757253465389
2042,IFE,0,-0.03061656911558641,-0.05384483867351575,0.023228269557929337,-0.006277879606625421,-0.012209288945667692,0.005931409339042271,L = 0,0.43139268554173327
2043,IFE,0,-0.03381938632770276,-0.05935347539011815,0.025534089062415388,-0.006594001364719185,-0.01282722150624196,0.0062332201415227755,L = 0,0.430203773150352
2044,IFE,0,-0.03720623299356329,-0.0651493879630789,0.027943154969515605,-0.006912809591424371,-0.013450629273879331,0.006537819682454959,L = 0,0.42890894056213386
2045,IFE,0,-0.04077932726288502,-0.07123127017035402,0.030451942907469,-0.007234306362042333,-0.014079512248579814,0.006845205886537481,L = 0,0.42750807102893545
2046,IFE,0,-0.0445706319496707,-0.07714293209459155,0.03257230014492085,-0.007613591194035483,-0.014789808192389252,0.007176216998353769,L = 0,0.42223311015688597
2047,IFE,0,-0.04848415869489475,-0.0836893526237591,0.03520519392886434,-0.007942576375607774,-0.015432383742447953,0.007489807366840179,L = 0,0.42066514825530765
2048,IFE,0,-0.05258236256793436,-0.0905010268534382,0.037918664285503834,-0.008274256172394058,-0.016080421275723573,0.0078061651033295145,L = 0,0.4189860115831744
2049,IFE,0,-0.05686627739746408,-0.0975735397677977,0.04070726237033362,-0.008608633102101828,-0.01673392079221608,0.008125287690114252,L = 0,0.4171957117391398
2050,IFE,0,-0.061336729137148494,-0.10490187372002902,0.04356514458288052,-0.008945709786080492,-0.01739288229192553,0.008447172505845039,L = 0,0.41529424630822953
2051,IFE,0,-0.06572119219549677,-0.11139173163129212,0.045670539435795354,-0.009334287158351166,-0.018117577797164514,0.00878329063881335,L = 0,0.4099993668018857
2052,IFE,0,-0.07047853622587275,-0.11902209586762491,0.048543559641752165,-0.009678334463401668,-0.018789196751158713,0.009110862287757046,L = 0,0.40785334259062106
2053,IFE,0,-0.07541321940356671,-0.1268717059219715,0.05145848651840479,-0.010025089534157806,-0.01946626451518649,0.009441174981028685,L = 0,0.40559466072011935
2054,IFE,0,-0.08052482377142456,-0.13493295528055504,0.054408131509130486,-0.010374555419041828,-0.020148781089247846,0.009774225670206018,L = 0,0.40322344823771267
2055,IFE,0,-0.08581273191842653,-0.14319779188475723,0.0573850599663307,-0.010726735269108799,-0.020836746473342795,0.010110011204233995,L = 0,0.400739838310587
2056,IFE,0,-0.09058606931490731,-0.14978591027832489,0.05919984096341757,-0.0111210357371749,-0.021568249027568962,0.010447213290394062,L = 0,0.3952297038714476
2057,IFE,0,-0.09609088223096973,-0.15816621063540892,0.06207532840443919,-0.011479742778227974,-0.022267925888733355,0.010788183110505379,L = 0,0.3924689613227813
2058,IFE,0,-0.10175656063994187,-0.16670371442349896,0.06494715378355709,-0.011841173706618704,-0.022973038362471852,0.011131864655853148,L = 0,0.38959632068283406
2059,IFE,0,-0.10758129012170858,-0.17538862337144534,0.06780733324973676,-0.012205332083679162,-0.023683586448784436,0.011478254365105276,L = 0,0.3866119246864237
2060,IFE,0,-0.11356307811608235,-0.18421088754655135,0.070647809430469,-0.012572221572286251,-0.024399570147671135,0.011827348575384884,L = 0,0.3835159277033276
2061,IFE,0,-0.11848272462335252,-0.1903375881986633,0.07185486357531079,-0.01296801612456955,-0.025127208957802065,0.012159192833232515,L = 0,0.377512735426241
2062,IFE,0,-0.12459029335925076,-0.19906827893571344,0.07447798557646268,-0.013341023827226623,-0.025853937053118416,0.012512913225891795,L = 0,0.37413286523923983
2063,IFE,0,-0.1308342004374896,-0.20788521398681936,0.07705101354932975,-0.01371677450363535,-0.0265860874979704,0.012869312994335051,L = 0,0.37064210614909365
2064,IFE,0,-0.1372114611592372,-0.21677765389285342,0.0795661927336162,-0.014095272207345862,-0.027323660292358005,0.013228388085012144,L = 0,0.36704056578148664
2065,IFE,0,-0.14371895174593874,-0.22573480894248033,0.08201585719654159,-0.014476521092269622,-0.028066655436281222,0.0135901343440116,L = 0,0.3633283567597238
2066,IFE,0,-0.1486945753657849,-0.23117949166081697,0.08248491629503207,-0.0148765674936663,-0.02879378455234052,0.013917217058674219,L = 0,0.3568003186720935
2067,IFE,0,-0.15526894380479206,-0.23991499713949294,0.08464605333470088,-0.015263699104288065,-0.029546846550005196,0.014283147445717133,L = 0,0.35281684906711114
2068,IFE,0,-0.16195205996966078,-0.24866870670350605,0.08671664673384527,-0.015653595534816617,-0.0303053174906303,0.014651721955813683,L = 0,0.3487236005020918
2069,IFE,0,-0.16874013597789594,-0.25743012013328537,0.08868998415538942,-0.016046261311236123,-0.03106919737421585,0.015022936062979726,L = 0,0.3445206182923345
2070,IFE,0,-0.17562929156667995,-0.2661888506788559,0.09055955911217595,-0.016441701058634517,-0.03183848620076184,0.015396785142127322,L = 0,0.3402079346344664
2071,IFE,0,-0.18047488599811734,-0.2706389784460371,0.09016409244791979,-0.016842139331616504,-0.032557216367121423,0.015715077035504923,L = 0,0.3331526484678099
2072,IFE,0,-0.187380504822946,-0.27907706069208515,0.09169655586913916,-0.01724321302255151,-0.03333587448175372,0.01609266145920221,L = 0,0.3285707382818933
2073,IFE,0,-0.19436675629877154,-0.28747396931328273,0.09310721301451119,-0.017647075768769806,-0.03411992803189063,0.01647285226312082,L = 0,0.32388050033512783
2074,IFE,0,-0.20142942670598907,-0.2958203183917185,0.09439089168572945,-0.01805373254730648,-0.034909377017532155,0.016855644470225674,L = 0,0.3190818406217087
2075,IFE,0,-0.20856425736102857,-0.30410693938318056,0.09554268202215199,-0.018463188432978533,-0.0357042214386783,0.01724103300569977,L = 0,0.3141746196780021
2076,IFE,0,-0.2130811516156843,-0.30730609911438356,0.09422494749869925,-0.01885887148200923,-0.03640423445161046,0.017545362969601224,L = 0,0.30661593691190436
2077,IFE,0,-0.22019119491189965,-0.3152068457811604,0.09501565086926078,-0.019273679851210885,-0.037207692302437784,0.017934012451226902,L = 0,0.3014390459502506
2078,IFE,0,-0.22735501321235496,-0.3230183171486063,0.09566330393625133,-0.0196913035756722,-0.03801653198609391,0.018325228410421703,L = 0,0.29615442486576055
2079,IFE,0,-0.23456827726926832,-0.33073261607773974,0.09616433880847142,-0.020111748060558137,-0.0388307535025788,0.018719005442020663,L = 0,0.29076158241939976
2080,IFE,0,-0.2418266551099686,-0.3383420975901059,0.09651544248013733,-0.020535018807428727,-0.039650356851892464,0.019115338044463734,L = 0,0.28525992824299296
2081,IFE,0,-0.24584721637719076,-0.3401349699607714,0.09428775358358066,-0.020924104391058483,-0.04032718173585086,0.01940307734479238,L = 0,0.2772068793586707
2082,IFE,0,-0.25302114839433953,-0.3472898933218488,0.09426874492750925,-0.021352477257019,-0.041154689991500445,0.019802212734481444,L = 0,0.2714410834874088
2083,IFE,0,-0.26022302897097005,-0.35431684020600906,0.09409381123503902,-0.021783693623483015,-0.04198756621217317,0.020203872588690157,L = 0,0.2655640391812323
2084,IFE,0,-0.26744865053654343,-0.3612093774156502,0.09376072687910675,-0.0222177593009578,-0.04282581039786905,0.020608051096911245,L = 0,0.25957445388028944
2085,IFE,0,-0.27469383785999657,-0.36796130444319264,0.09326746658319607,-0.02265468019488979,-0.043669422548588084,0.021014742353698292,L = 0,0.253470855377933
2086,IFE,0,-0.2782126962673296,-0.3684471783743012,0.0902344821069716,-0.023039065685762472,-0.04432538110417911,0.02128631541841663,L = 0,0.24490479885098604
2087,IFE,0,-0.28533545588179343,-0.37471375180975885,0.08937829592796542,-0.02348091709716664,-0.045176331075705116,0.021695413978538473,L = 0,0.2385241947921424
2088,IFE,0,-0.29246293119496614,-0.3808226649287354,0.08835973373376926,-0.02392564176274844,-0.046032634876727534,0.0221069931139791,L = 0,0.23202330604535923
2089,IFE,0,-0.2995912161888482,-0.3867687014040301,0.08717748521518187,-0.02437324587610824,-0.04689429250724637,0.022521046631138124,L = 0,0.2253995343954
2090,IFE,0,-0.3067164631411464,-0.3925468215465384,0.085830358405392,-0.024823735724265477,-0.04776130396726157,0.02293756824299609,L = 0,0.2186499894897668
2091,IFE,0,-0.30965319928504453,-0.3917768103190691,0.08212361103402455,-0.02520080260174451,-0.0483892945148969,0.02318849191315239,L = 0,0.20961835634718096
2092,IFE,0,-0.3166279732448817,-0.3970653635658904,0.08043739032100872,-0.0256560561071199,-0.04926306814030733,0.02360701203318743,L = 0,0.20257972037306815
2093,IFE,0,-0.32358739025972727,-0.40217384060961037,0.0785864503498831,-0.02611421420657543,-0.050142181606441266,0.024027967399865832,L = 0,0.19540418200935863
2094,IFE,0,-0.33052796926172456,-0.40709787862512736,0.0765699093634028,-0.026575283453906598,-0.05102663491329869,0.024451351459392097,L = 0,0.18808722271410203
2095,IFE,0,-0.3374463048526324,-0.4118332180435801,0.0743869131909477,-0.027039270494749038,-0.05191642806087959,0.02487715756613055,L = 0,0.18062387862815887
2096,IFE,0,-0.3396762523426251,-0.40971512999313897,0.07003887765051386,-0.02740700486351495,-0.052512864713939504,0.025105859850424555,L = 0,0.17094530448921114
2097,IFE,0,-0.3463845977216512,-0.4139092168751659,0.06752461915351471,-0.027875595569069597,-0.053408866434142756,0.025533270865073163,L = 0,0.16313871834818305
2098,IFE,0,-0.35306008751812,-0.41790428687587633,0.06484419935775632,-0.028347123611871496,-0.05431019394587762,0.02596307033400612,L = 0,0.15516519306971358
2099,IFE,0,-0.35969977509878404,-0.4216963884882363,0.06199661338945228,-0.02882159588343438,-0.05521684724914411,0.026395251365709735,L = 0,0.1470171789037784
2100,IFE,0,-0.36630079875769384,-0.42528158726210963,0.05898078850441579,-0.02929901936546742,-0.05612882634394222,0.026829806978474802,L = 0,0.13868643804713968
2021,IFE,1,-1.469976883595736e-4,-2.199883960390947e-4,7.29907076795211e-5,-3.530357066957376e-4,-6.294339202896774e-4,2.7639821359393975e-4,L = 1,0.3317934445349096
2022,IFE,1,-4.4701310053707477e-4,-5.744928717112963e-4,1.274797711742215e-4,-6.280067872396144e-4,-9.812747441793799e-4,3.5326795693976543e-4,L = 1,0.22189965698701436
2023,IFE,1,-9.044512020423001e-4,-0.0010708897725055788,1.664385704632787e-4,-9.049510950930395e-4,-0.0013368971657711137,4.3194607067807423e-4,L = 1,0.1554208236332854
2024,IFE,1,-0.001523636446462917,-0.0017164287262156908,1.927922797527737e-4,-0.0011838626284652596,-0.0016963011850648798,5.124385565996202e-4,L = 1,0.11232175085873441
2025,IFE,1,-0.002308802698992918,-0.0025182143203819063,2.094116213889885e-4,-0.0014647354038033599,-0.00205948680206067,5.947513982573101e-4,L = 1,0.08315877631782732
2026,IFE,1,-0.0033028288075861445,-0.003525136297696907,2.2230749011076245e-4,-0.0017668102704166018,-0.00245852644524141,6.917161748248085e-4,L = 1,0.06306351622659345
2027,IFE,1,-0.004445551441571771,-0.004677363160517145,2.318117189453739e-4,-0.002054405533813255,-0.0028339808410637974,7.795753072505425e-4,L = 1,0.049560342224900925
2028,IFE,1,-0.005768454227439546,-0.0060103714547686815,2.419172273291359e-4,-0.002343935341432871,-0.0032132073347917833,8.692719933589123e-4,L = 1,0.04024996277679255
2029,IFE,1,-0.007275358729713188,-0.0075310164669514235,2.5565773723823515e-4,-0.002635393825021349,-0.003596205926425367,9.608121014040176e-4,L = 1,0.033947308223285046
2030,IFE,1,-0.008969932668185798,-0.009245926649786407,2.759939816006085e-4,-0.0029287751344675844,-0.003982976615964562,0.0010542014814969784,L = 1,0.02985033215756523
2031,IFE,1,-0.010931735485519067,-0.011232714075230521,3.0097858971145364e-4,-0.0032518739561283854,-0.004419885927377419,0.0011680119712490337,L = 1,0.02679482337889713
2032,IFE,1,-0.013025219742638261,-0.013370227533191614,3.450077905533533e-4,-0.003551400933529124,-0.00481808758033561,0.0012666866468064863,L = 1,0.025804182441687758
2033,IFE,1,-0.01531664340780381,-0.01572178847799388,4.051450701900716e-4,-0.0038528259559116452,-0.005220052263462796,0.0013672263075511508,L = 1,0.0257696553262475
2034,IFE,1,-0.017808865102276195,-0.01829305544701343,4.841903447372342e-4,-0.004156143290616266,-0.005625779976759005,0.00146963668614274,L = 1,0.026468533162199777
2035,IFE,1,-0.020504549697199503,-0.02108938922450332,5.848395273038154e-4,-0.004461347223012072,-0.006035270720224235,0.0015739234972121628,L = 1,0.027731458748189
2036,IFE,1,-0.023515530207097957,-0.0242035144037005,6.879841966025424e-4,-0.004803598879120906,-0.006507400182346085,0.001703801303225179,L = 1,0.028424971065249757
2037,IFE,1,-0.026635310893356245,-0.027471737658027906,8.364267646716605e-4,-0.005114600427008026,-0.006927855030227725,0.0018132546032196986,L = 1,0.030446809556920636
2038,IFE,1,-0.029963756573975653,-0.030977457593189484,0.0010137010192138307,-0.005427465394083578,-0.007352064149438172,0.0019245987553545946,L = 1,0.03272382880887865
2039,IFE,1,-0.03350247012864038,-0.03472448784037052,0.001222017711730139,-0.005742188185535803,-0.007780027539977399,0.002037839354441595,L = 1,0.035191813838919374
2040,IFE,1,-0.0372528339005338,-0.038716277100654284,0.0014634432001204845,-0.00605876322445175,-0.008211745201845444,0.0021529819773936933,L = 1,0.037799171555566564
2041,IFE,1,-0.041304442455458834,-0.04296344703352761,0.001659004578068779,-0.0064155986126751986,-0.008711493462877954,0.0022958948502027564,L = 1,0.038614326657126295
2042,IFE,1,-0.04547813700500736,-0.0474315404550576,0.0019534034500502395,-0.006737567784935006,-0.009153581406322227,0.002416013621387222,L = 1,0.0411836392263315
2043,IFE,1,-0.04986320271220823,-0.05214669106932046,0.002283488357112229,-0.007061367850335463,-0.009599415187378738,0.0025380473370432742,L = 1,0.043789707655212604
2044,IFE,1,-0.05445988133880719,-0.05711038419074377,0.002650502851936576,-0.007386993354200435,-0.010048994806047491,0.0026620014518470565,L = 1,0.04641017372749804
2045,IFE,1,-0.059268183588952916,-0.06232369853912567,0.003055514950172755,-0.007714438859605936,-0.010502320262328495,0.0027878814027225587,L = 1,0.049026534396936654
2046,IFE,1,-0.06426638896631298,-0.06756483622551401,0.0032984472592010317,-0.00808116877951634,-0.011021720315492731,0.0029405515359763913,L = 1,0.048818992888425936
2047,IFE,1,-0.06947466956055803,-0.07322017620933186,0.003745506648773822,-0.008413581581226147,-0.011484757570855434,0.0030711759896292884,L = 1,0.051154023968279665
2048,IFE,1,-0.074888946546675,-0.07911761210630941,0.004228665559634415,-0.008747794666798323,-0.011951532507087533,0.003203737840289211,L = 1,0.053447841094501264
2049,IFE,1,-0.08050812742488977,-0.0852562000041801,0.00474807257929033,-0.009083802722123885,-0.012422045124188992,0.0033382424020651064,L = 1,0.05569181571613011
2050,IFE,1,-0.08633089490746793,-0.0916345871898131,0.005303692282345174,-0.009421600450687016,-0.012896295422159884,0.0034746949714728683,L = 1,0.0578787163776821
2051,IFE,1,-0.09210967184542118,-0.09758756118869671,0.005477889343275533,-0.00979331913397157,-0.01342693830118595,0.0036336191672143806,L = 1,0.05613306938456436
2052,IFE,1,-0.09828032880860038,-0.10431207145952437,0.006031742650923988,-0.010135642694774231,-0.013910195978946606,0.003774553284172375,L = 1,0.05782401371699776
2053,IFE,1,-0.10464325769122906,-0.11125699946886813,0.0066137417776390706,-0.010479737797887818,-0.014397183384997608,0.003917445587109792,L = 1,0.05944562417836663
2054,IFE,1,-0.11119608543672832,-0.11841900897633928,0.007222923539610959,-0.010825599269577152,-0.014887900519338953,0.004062301249761801,L = 1,0.06099462917354879
2055,IFE,1,-0.1179362336568982,-0.12579439788896296,0.007858164232064757,-0.011173221953528748,-0.01538234738197067,0.004209125428441922,L = 1,0.06246831626795538
2056,IFE,1,-0.12432022606737336,-0.13215094321016585,0.007830717142792487,-0.01154710894704689,-0.015919263142709708,0.004372154195662819,L = 1,0.05925585510455972
2057,IFE,1,-0.13134287243888054,-0.13975252584354525,0.008409653404664708,-0.011898868554205176,-0.016422080735343937,0.004523212181138761,L = 1,0.06017532315716013
2058,IFE,1,-0.13853689849004458,-0.14753923059987983,0.009002332109835254,-0.012252372855977703,-0.01692862026429757,0.004676247408319865,L = 1,0.06101653148950735
2059,IFE,1,-0.14589877427709397,-0.15550568195066905,0.009606907673575082,-0.012607616818841734,-0.017438881729570574,0.004831264910728839,L = 1,0.06177849936456132
2060,IFE,1,-0.15342479534813214,-0.16364621888281605,0.010221423534683916,-0.012964595426511483,-0.01795286513116298,0.0049882697046515,L = 1,0.06246049315690748
2061,IFE,1,-0.16020549677741502,-0.17002250737131785,0.00981701059390283,-0.013337200499120386,-0.018489174023575083,0.0051519735244546965,L = 1,0.057739476647424876
2062,IFE,1,-0.16793288721649713,-0.1782463591693938,0.010313471952896669,-0.013697952446210141,-0.01901088851247104,0.005312936066260901,L = 1,0.05786077202898385
2063,IFE,1,-0.1758045492271466,-0.18660986785469824,0.01080531862755163,-0.014060424382714256,-0.01953631731098481,0.005475892928270552,L = 1,0.057903254269303026
2064,IFE,1,-0.18381602857468216,-0.195106244734371,0.011290216159688837,-0.014424611415552645,-0.02006546041911636,0.005640849003563713,L = 1,0.05786701586645776
2065,IFE,1,-0.19196274094982602,-0.20372852613330172,0.011765785183475708,-0.014790508668681392,-0.020598317836865686,0.005807809168184293,L = 1,0.05775227164691326
2066,IFE,1,-0.19903870426129688,-0.20995705690933286,0.010918352648035978,-0.015163676123720028,-0.021136763051705143,0.005973086927985115,L = 1,0.052002789564491385
2067,IFE,1,-0.20732788239083932,-0.21856693137225836,0.01123904898141903,-0.01553310962335586,-0.02167691333323915,0.006143803709883292,L = 1,0.051421543555813264
2068,IFE,1,-0.21573160692074012,-0.22726868388184984,0.011537076961109727,-0.015904240350231247,-0.022220770356473536,0.0063165300062422896,L = 1,0.0507640417678817
2069,IFE,1,-0.22424481739218216,-0.23605486883334292,0.011810051441160763,-0.01627706355172473,-0.022768334121408336,0.006491270569683606,L = 1,0.050030958901757606
2070,IFE,1,-0.2328623730522983,-0.24491798068034754,0.012055607628049247,-0.016651574492037535,-0.023319604628043535,0.006668030136005999,L = 1,0.049223040278874065
2071,IFE,1,-0.24006692490094483,-0.2507307987708869,0.010663873869942053,-0.017022641874293393,-0.023854742284479244,0.006832100410185852,L = 1,0.04253116857688673
2072,IFE,1,-0.2487716021130557,-0.2594999834296299,0.010728381316574165,-0.01740045607146363,-0.024412850271762043,0.007012394200298416,L = 1,0.04134251253038497
2073,IFE,1,-0.2575603939624256,-0.268315192621005,0.010754798658579423,-0.017779946616278627,-0.024974657509526033,0.007194710893247405,L = 1,0.04008270479775093
2074,IFE,1,-0.26642795523394414,-0.277169030887897,0.01074107565395288,-0.018161108895564628,-0.02554016399777123,0.007379055102206602,L = 1,0.03875279867864165
2075,IFE,1,-0.2753689097532944,-0.2860541458890109,0.01068523613571648,-0.018543938312746103,-0.02610936973649763,0.0075654314237515305,L = 1,0.037353893622161856
2076,IFE,1,-0.2825369589889387,-0.29119375674121106,0.00865679775227235,-0.018909536171126468,-0.02663420729889126,0.007724671127764793,L = 1,0.029728651634402296
2077,IFE,1,-0.2915179429834448,-0.29991823612135493,0.008400293137910131,-0.019295429661840943,-0.02720975578964809,0.007914326127807144,L = 1,0.02800861076854009
2078,IFE,1,-0.30055358129877396,-0.308647783182075,0.008094201883301011,-0.019682980506362465,-0.027788996126675757,0.008106015620313291,L = 1,0.026224720617954823
2079,IFE,1,-0.3096385117637187,-0.31737558431236945,0.0077370725486507474,-0.020072184229631883,-0.028371928309974218,0.008299744080342333,L = 1,0.024378285322149154
2080,IFE,1,-0.31876738488395207,-0.32609494695830443,0.007327562074352367,-0.02046303637295281,-0.02895855233954348,0.008495515966590669,L = 1,0.022470639740668208
2081,IFE,1,-0.32574831300325935,-0.33037860128968866,0.004630288286429307,-0.020821781980652203,-0.029470350320696673,0.00864856834004447,L = 1,0.014015097431716809
2082,IFE,1,-0.3348573700440859,-0.33886888800380544,0.004011517959719546,-0.02121548514269931,-0.030062858299285556,0.008847373156586248,L = 1,0.011837964775552063
2083,IFE,1,-0.3439928440201485,-0.3473287533985836,0.003335909378435087,-0.021610828451389112,-0.030659050686959996,0.009048222235570886,L = 1,0.009604472263794704
2084,IFE,1,-0.35314958995720047,-0.3557522958501308,0.0026027058929303237,-0.02200780756895261,-0.031258927483719993,0.009251119914767384,L = 1,0.007316062112011713
2085,IFE,1,-0.3623225124289463,-0.36413378482776937,0.0018112723988230606,-0.022406418173736602,-0.03186248868956557,0.009456070515828965,L = 1,0.004974194854453753
2086,IFE,1,-0.3690765143793868,-0.3675723665541458,-0.0015041478252409979,-0.02275972383320981,-0.032362937915416015,0.009603214082206202,L = 1,-0.0040921134505888575
2087,IFE,1,-0.37818296938138085,-0.3756822968805228,-0.002500672500858059,-0.023161032688282637,-0.03297201938861736,0.009810986700334721,L = 1,-0.0066563490524370935
2088,IFE,1,-0.38729002343506236,-0.383733120124092,-0.0035569033109703607,-0.023563966099765098,-0.033584777781182934,0.010020811681417836,L = 1,-0.009269211137730634
2089,IFE,1,-0.3963929287638258,-0.39172002067517186,-0.004672908088653949,-0.023968519865866275,-0.034201213093112755,0.010232693227246478,L = 1,-0.01192920413054121
2090,IFE,1,-0.4054870154492023,-0.3996383771349702,-0.005848638314232102,-0.024374689800652806,-0.03482132532440676,0.010446635523753954,L = 1,-0.014634826505305412
2091,IFE,1,-0.41195411538879956,-0.40220599255230727,-0.00974812283649229,-0.02472196142582321,-0.035305583738828236,0.010583622313005024,L = 1,-0.024236642459335156
2092,IFE,1,-0.4209484432336822,-0.40983278031701065,-0.011115662916671543,-0.02513070944496147,-0.03593084659385011,0.010800137148888639,L = 1,-0.027122434930835552
2093,IFE,1,-0.4299207237131184,-0.4173789230587627,-0.012541800654355728,-0.025541068270526754,-0.036559779121591134,0.01101871085106438,L = 1,-0.030048955425068198
2094,IFE,1,-0.43886672549509853,-0.4248407272493133,-0.01402599824578521,-0.025953033834777945,-0.037192381322051264,0.011239347487273321,L = 1,-0.03301472139123376
2095,IFE,1,-0.4477823144902593,-0.4322146947070503,-0.015567619783208975,-0.02636660208556361,-0.03782865319523049,0.011462051109666879,L = 1,-0.036018256606847925
2096,IFE,1,-0.45385138177983375,-0.43382719371750045,-0.020024188062333304,-0.02670624976300894,-0.03829471484624773,0.011588465083238794,L = 1,-0.04615706058152881
2097,IFE,1,-0.4626199605140119,-0.44085995128225364,-0.02176000923175825,-0.027122279363778444,-0.03893578766877815,0.011813508304999708,L = 1,-0.0493580992523105
2098,IFE,1,-0.4713470632213478,-0.4477966165148468,-0.02355044670650097,-0.027539907739840157,-0.0395805230156305,0.012040615275790346,L = 1,-0.052591837092900745
2099,IFE,1,-0.4800290727233387,-0.45463459362064484,-0.02539447910269388,-0.027959130956311303,-0.040228920886804825,0.01226978993049352,L = 1,-0.05585690015459642
2100,IFE,1,-0.4886624798402913,-0.4613714653055032,-0.027291014534788105,-0.02837994509361951,-0.04088098128230106,0.012501036188681551,L = 1,-0.059151934150754204
2021,IFE,2,-9.567761467776936e-5,-1.2154113542517386e-4,2.58635207474045e-5,-3.318619655070392e-4,-6.205101145765048e-4,2.8864814906946556e-4,L = 2,0.21279643848092267
2022,IFE,2,-2.054133062182606e-4,-2.171207519020557e-4,1.1707445683795115e-5,-5.073147241683763e-4,-8.962745493194942e-4,3.889598251511178e-4,L = 2,0.053921357499150536
2023,IFE,2,-4.644420481114686e-4,-2.6955894695190885e-4,-1.9488310115955976e-4,-7.81505411819833e-4,-0.0011410844788105634,3.595790669907304e-4,L = 2,-0.7229702570188784
2024,IFE,2,-8.776553554711297e-4,-2.885479336942609e-4,-5.891074217768688e-4,-0.0010578675092104278,-0.0013915490166415889,3.33681507431161e-4,L = 2,-2.0416275876058574
2025,IFE,2,-0.0014498890808323228,-2.835197353069363e-4,-0.0011663693455253865,-0.00133639341179652,-0.001647668162812561,3.112747510160411e-4,L = 2,-4.113891205007947
2026,IFE,2,-0.0022320903161142658,-3.170603764847124e-4,-0.0019150299396295534,-0.0016390672038370804,-0.001953606331884633,3.145391280475529e-4,L = 2,-6.03995352828924
2027,IFE,2,-0.0031512187458914154,-3.1403196885948503e-4,-0.0028371867770319303,-0.0019249001743035193,-0.0022277544628904558,3.028542885869364e-4,L = 2,-9.03470683999514
2028,IFE,2,-0.004245255273875981,-3.2025229791321497e-4,-0.003925002975962766,-0.002212865398059774,-0.002507542885638489,2.9467748757871473e-4,L = 2,-12.255971312425682
2029,IFE,2,-0.00551859504508434,-3.450417411533513e-4,-0.005173553303930989,-0.002502955744939914,-0.0027929716001287297,2.90015855188816e-4,L = 2,-14.993992572138223
2030,IFE,2,-0.006975498234231714,-3.974427625089705e-4,-0.0065780554717227435,-0.0027951641802804695,-0.0030840406063611992,2.8887642608073014e-4,L = 2,-16.550950456857983
2031,IFE,2,-0.008708800465645372,-5.771151932528751e-4,-0.008131685272392497,-0.0031202767607742526,-0.003445736100659017,3.2545933988476476e-4,L = 2,-14.090229069449276
2032,IFE,2,-0.010557535771625881,-7.295171164564129e-4,-0.009828018655169468,-0.0034191598685060194,-0.003753644572176137,3.3448470367011785e-4,L = 2,-13.471950737644784
2033,IFE,2,-0.012601148920269423,-9.379238986099159e-4,-0.011663225021659507,-0.003720132760417666,-0.00406717896712392,3.470462067062539e-4,L = 2,-12.435150697135889
2034,IFE,2,-0.014843000840486398,-0.0012105602274667948,-0.013632440613019603,-0.004023188871454844,-0.00438633928550241,3.6315041404756643e-4,L = 2,-11.2612659029338
2035,IFE,2,-0.017286265993219585,-0.0015553462478602453,-0.01573091974535934,-0.004328321731464456,-0.004711125527311598,3.8280379584714125e-4,L = 2,-10.114095023536413
2036,IFE,2,-0.020059071273010876,-0.002091995777497968,-0.017967075495512908,-0.0046736255656196135,-0.005124619961925766,4.5099439630615334e-4,L = 2,-8.588485545129338
2037,IFE,2,-0.022921605376972742,-0.0026067645553892183,-0.020314840821583524,-0.004985032617451826,-0.005465570125638258,4.8053750818643175e-4,L = 2,-7.793124538073327
2038,IFE,2,-0.025991517404883036,-0.003213950376507513,-0.022777567028375523,-0.0052984911486216825,-0.0058121317814060275,5.136406327843444e-4,L = 2,-7.087093564004279
2039,IFE,2,-0.02927084802345703,-0.00391998697889262,-0.02535086104456441,-0.005613995155640411,-0.006164304929229055,5.503097735886438e-4,L = 2,-6.467077870683622
2040,IFE,2,-0.032761419338778075,-0.004730952546457723,-0.028030466792320352,-0.005931538729236306,-0.006522089569107379,5.905508398710735e-4,L = 2,-5.924909733729632
2041,IFE,2,-0.036564040947105636,-0.0056592597281683865,-0.03090478121893725,-0.006291880812120985,-0.006976738371782969,6.848575596619835e-4,L = 2,-5.460922930451815
2042,IFE,2,-0.04047437046044777,-0.006657974176158099,-0.033816396284289674,-0.006615244450559898,-0.007349834309150889,7.345898585909916e-4,L = 2,-5.079081923355101
2043,IFE,2,-0.044596192420223835,-0.0077696289318428535,-0.03682656348838098,-0.006940625570939648,-0.007728527216564691,7.879016456250432e-4,L = 2,-4.739809817358447
2044,IFE,2,-0.04893013176363137,-0.008998196358934063,-0.039931935404697305,-0.007268018726239092,-0.008112817094024383,8.447983677852923e-4,L = 2,-4.437771061202724
2045,IFE,2,-0.05347658194803806,-0.010347248701424339,-0.04312933324661372,-0.007597418562882014,-0.008502703941529969,9.052853786479547e-4,L = 2,-4.168193351791844
2046,IFE,2,-0.058208951522932484,-0.011505101608007995,-0.04670384991492449,-0.007967870097844214,-0.008987308545696081,0.0010194384478518688,L = 2,-4.059403515603617
2047,IFE,2,-0.06314972210994729,-0.013007886196529705,-0.05014183591341759,-0.008302627305013882,-0.00939156173146702,0.001088934426453138,L = 2,-3.8547259067191577
2048,IFE,2,-0.06829737272277425,-0.014626714031532706,-0.053670658691241546,-0.008639371938875574,-0.009801397315094289,0.0011620253762187158,L = 2,-3.6693585842682603
2049,IFE,2,-0.07365113229290676,-0.01636282154390667,-0.05728831074900009,-0.008978099100137912,-0.010216815296577853,0.0012387161964399422,L = 2,-3.501126660538177
2050,IFE,2,-0.07921000386192123,-0.01821702452214391,-0.06099297933977732,-0.009318803982117256,-0.010637815675917801,0.0013190116938005454,L = 2,-3.3481307150702144
2051,IFE,2,-0.08469830197709083,-0.019233369724206417,-0.06546493225288441,-0.009694321309183358,-0.011140652924019718,0.0014463316148363595,L = 2,-3.4037162073837033
2052,IFE,2,-0.09059561218687806,-0.021119484135755928,-0.06947612805112213,-0.01003991719965331,-0.01157501128053851,0.0015350940808852007,L = 2,-3.289669747827644
2053,IFE,2,-0.09668618210669189,-0.023101793805789694,-0.07358438830090219,-0.01038747422161266,-0.012014937313792553,0.0016274630921798935,L = 2,-3.1852240098541924
2054,IFE,2,-0.10296789059622524,-0.025178432850397336,-0.0777894577458279,-0.010736988012628236,-0.01246043102378184,0.001723443011153604,L = 2,-3.0895273827417866
2055,IFE,2,-0.10943840955452211,-0.027347115466066607,-0.0820912940884555,-0.011088454301972757,-0.012911492410506403,0.0018230381085336477,L = 2,-3.0018264335892266
2056,IFE,2,-0.11550081925609668,-0.02778454199927849,-0.08771627725681819,-0.01146606509862956,-0.01342544711538138,0.0019593820167518178,L = 2,-3.157017209752675
2057,IFE,2,-0.1222417133701551,-0.029818504801255252,-0.09242320856889985,-0.011822015202321358,-0.013888946939167226,0.0020669317368458696,L = 2,-3.0995252506761894
2058,IFE,2,-0.12915471073803475,-0.03190695396905763,-0.09724775676897712,-0.012179903899407289,-0.014357999483896102,0.0021780955844888142,L = 2,-3.0478546107310955
2059,IFE,2,-0.13623646614238138,-0.0340447752972356,-0.10219169084514579,-0.012539727352449159,-0.014832604749567975,0.002292877397118815,L = 2,-3.0016849855209253
2060,IFE,2,-0.1434834572321836,-0.03622644091286864,-0.10725701631931495,-0.01290148181474251,-0.015312762736182883,0.002411280921440373,L = 2,-2.9607384445324927
2061,IFE,2,-0.14990582158167232,-0.03548245186684107,-0.11442336971483125,-0.013277456523431588,-0.015827868508277946,0.002550411984846358,L = 2,-3.2247875694791475
2062,IFE,2,-0.15734143692254954,-0.03731225648386194,-0.1200291804386876,-0.013643315203379008,-0.01631952984240041,0.0026762146390213997,L = 2,-3.21688345197246
2063,IFE,2,-0.16492172625898893,-0.03913437691730581,-0.12578734934168312,-0.014011093863292677,-0.016816728625799998,0.002805634762507319,L = 2,-3.2142417805062347
2064,IFE,2,-0.17264236501977837,-0.040940532528977225,-0.13170183249080114,-0.014380789177406397,-0.01731946485847669,0.0029386756810702913,L = 2,-3.2169057009110507
2065,IFE,2,-0.18049889476062775,-0.042722033586276575,-0.13777686117435117,-0.014752397909630264,-0.017827738540430477,0.0030753406308002126,L = 2,-3.224960274798545
2066,IFE,2,-0.1871910794627748,-0.040479936844284525,-0.14671114261849028,-0.015128560862726972,-0.018348012635010263,0.0032194517722832897,L = 2,-3.624292774537884
2067,IFE,2,-0.19518077951012025,-0.04174657163748574,-0.1534342078726345,-0.015504028100377364,-0.01886714454956567,0.0033631164491883052,L = 2,-3.6753726558676365
2068,IFE,2,-0.20328537291181736,-0.04293195763091329,-0.16035341528090408,-0.015881400387456893,-0.01939179830910686,0.003510397921649969,L = 2,-3.7350594785233158
2069,IFE,2,-0.2114998907363166,-0.04402496033494652,-0.16747493040137007,-0.016260674896657716,-0.019921973913633883,0.003661299016976167,L = 2,-3.8040904325001823
2070,IFE,2,-0.2198192787443114,-0.04501401720528064,-0.17480526153903075,-0.016641848889224573,-0.020457671363146704,0.003815822473922132,L = 2,-3.8833517289037727
2071,IFE,2,-0.22662186654458305,-0.04074816907935097,-0.18587369746523208,-0.017015497699428086,-0.020975170631691152,0.003959672932263067,L = 2,-4.561522681013491
2072,IFE,2,-0.23502192880565786,-0.04106052446739783,-0.19396140433826004,-0.017400293405415185,-0.021521049687291145,0.0041207562818759615,L = 2,-4.723792665928219
2073,IFE,2,-0.24350656712394192,-0.04120958469252989,-0.20229698243141203,-0.0177869826789157,-0.022072434707909375,0.004285452028993673,L = 2,-4.908978916938288
2074,IFE,2,-0.2520705007380113,-0.041181538219602576,-0.21088896251840872,-0.018175563175572514,-0.022629325693545865,0.004453762517973353,L = 2,-5.120958847963205
2075,IFE,2,-0.2607084118866674,-0.040962079388310424,-0.21974633249835696,-0.018566032638399954,-0.023191722644200604,0.004625690005800651,L = 2,-5.364628353341534
2076,IFE,2,-0.26746234498019483,-0.034078558992494123,-0.2333837859877007,-0.018933682834311957,-0.02369640333917197,0.004762720504860011,L = 2,-6.848405357723723
2077,IFE,2,-0.27613489455840035,-0.03300677957587628,-0.24312811498252407,-0.019327531666919917,-0.024268244443685465,0.004940712776765548,L = 2,-7.366005351222436
2078,IFE,2,-0.284862570489409,-0.031680295009201664,-0.25318227548020733,-0.019723265818156595,-0.024845575355736293,0.005122309537579698,L = 2,-7.991790335496231
2079,IFE,2,-0.2936400393509213,-0.030082289572361032,-0.2635577497785603,-0.020120883409700252,-0.025428396075324416,0.005307512665624167,L = 2,-8.7612264068062
2080,IFE,2,-0.30246197306788913,-0.028195300170441806,-0.27426667289744733,-0.020520382649361322,-0.02601670660244984,0.005496323953088519,L = 2,-9.727389715289195
2081,IFE,2,-0.309018238284152,-0.018106689168474577,-0.2909115491156774,-0.020880493407653303,-0.02650482445120149,0.005624331043548184,L = 2,-16.066523615050585
2082,IFE,2,-0.3178131556838394,-0.015141139829118022,-0.30267201585472137,-0.02128315610072605,-0.027101893479678944,0.005818737378952892,L = 2,-19.99004165278567
2083,IFE,2,-0.32663474957008143,-0.011813348503936005,-0.3148214010661454,-0.021687698876010752,-0.027704435711440597,0.0060167368354298485,L = 2,-26.649632909860596
2084,IFE,2,-0.335477863500245,-0.008102373070300595,-0.3273754904299444,-0.02209412030494705,-0.028312451146486443,0.006218330841539397,L = 2,-40.40488972668336
2085,IFE,2,-0.34433738180686424,-0.003986342910265117,-0.3403510388965991,-0.02250241904380602,-0.028925939784816525,0.006423520741010503,L = 2,-85.37926780462638
2086,IFE,2,-0.3506678225147656,0.00971152277317855,-0.36037934528794413,-0.02285651422819325,-0.029399469482983272,0.006542955254790023,L = 2,-37.108428173926136
2087,IFE,2,-0.3594566474672293,0.015150309462355738,-0.374606956929585,-0.02326782600981,-0.030021158958730042,0.006753332948920042,L = 2,-24.726026742910964
2088,IFE,2,-0.36824607344104665,0.021080604659991176,-0.3893266781010378,-0.023681015404906375,-0.03064830460515135,0.006967289200244973,L = 2,-18.46847774911978
2089,IFE,2,-0.377031289231069,0.027529182083680936,-0.4045604713147499,-0.02409608141821374,-0.0312809064222472,0.007184825004033463,L = 2,-14.695695283826463
2090,IFE,2,-0.385807550482389,0.03452418119650669,-0.4203317316788957,-0.02451302313793642,-0.03191896441001755,0.007405941272081128,L = 2,-12.174994948799156
2091,IFE,2,-0.39184463832098526,0.052457536167831664,-0.4443021744888169,-0.024859781612601807,-0.032370052942086565,0.007510271329484758,L = 2,-8.469749190418034
2092,IFE,2,-0.4005202092071072,0.06105607083680109,-0.46157628004390827,-0.025279609827410697,-0.03301572996083391,0.007736120133423217,L = 2,-7.559875270678188
2093,IFE,2,-0.4091734077101029,0.07030600829780531,-0.4794794160079082,-0.025701316038134324,-0.03366684609871133,0.007965530060577005,L = 2,-6.8198924617780605
2094,IFE,2,-0.4177998769513469,0.0802423855879193,-0.4980422625392662,-0.02612489966519702,-0.03432340135571877,0.00819850169052175,L = 2,-6.206723029110039
2095,IFE,2,-0.4263953435612702,0.0909022364321117,-0.5172975799933819,-0.026550360211085384,-0.03498539573185622,0.008435035520770838,L = 2,-5.690702454605877
2096,IFE,2,-0.4320099679187779,0.11413235676128353,-0.5461423246800614,-0.026887511227038807,-0.03541113335642824,0.00852362212938943,L = 2,-4.785166452160095
2097,IFE,2,-0.4404543893807623,0.1268727806692458,-0.5673271700500081,-0.027315728815062137,-0.03608019302912569,0.008764464214063553,L = 2,-4.471622416229814
2098,IFE,2,-0.4488562589513706,0.14047648408997992,-0.5893327430413505,-0.02774582741345913,-0.0367546745423552,0.009008847128896073,L = 2,-4.195241266601341
2099,IFE,2,-0.45721175822429116,0.15499071772876527,-0.6122024759530564,-0.028177806841846672,-0.037434577896116775,0.009256771054270106,L = 2,-3.949929937252208
2100,IFE,2,-0.46551716018770606,0.17046567020754622,-0.6359828303952523,-0.028611667000434306,-0.03811990309041039,0.009508236089976085,L = 2,-3.73085577653804
