variable,coef,estimate,std.error,p.value,spec,L,estimator
tmp,sum,0.010594819461893161,0.002518533132187537,2.59078466951043e-5,Direct,0,AFE
tmp,b0,0.010594819461893161,0.002518533132187537,2.59078466951043e-5,Direct,0,AFE
tmp2,sum,-4.0453337302582615e-4,9.207661215289264e-5,1.115693073784076e-5,Direct,0,AFE
tmp2,b0,-4.0453337302582615e-4,9.207661215289264e-5,1.115693073784076e-5,Direct,0,AFE
pre,sum,0.018494200719385716,0.00774352709861713,0.016924526104722372,Direct,0,AFE
pre,b0,0.018494200719385716,0.00774352709861713,0.016924526104722372,Direct,0,AFE
pre2,sum,-0.004580901417516843,0.0014860223645243552,0.0020515954057756325,Direct,0,AFE
pre2,b0,-0.004580901417516843,0.0014860223645243552,0.0020515954057756325,Direct,0,AFE
tmp,sum,0.007218634951529396,0.002288951209091157,0.0016122207395588724,Direct,0,IFE
tmp,b0,0.007218634951529396,0.002288951209091157,0.0016122207395588724,Direct,0,IFE
tmp2,sum,-2.959179505940668e-4,8.328990787868036e-5,3.8105732347670974e-4,Direct,0,IFE
tmp2,b0,-2.959179505940668e-4,8.328990787868036e-5,3.8105732347670974e-4,Direct,0,IFE
pre,sum,0.013314465596281666,0.007074408218415165,0.059827776218494,Direct,0,IFE
pre,b0,0.013314465596281666,0.007074408218415165,0.059827776218494,Direct,0,IFE
pre2,sum,-0.0033659147633933384,0.0015681933457364898,0.03184389724868386,Direct,0,IFE
pre2,b0,-0.0033659147633933384,0.0015681933457364898,0.03184389724868386,Direct,0,IFE
tmp,sum,0.006755962566753616,0.004292574910754296,0.11551709244094127,Direct,1,AFE
tmp,b0,0.011708143548847008,0.0023782107622628405,8.518862900486534e-7,Direct,1,AFE
tmp,b1,-0.004952180982093392,0.00306708317409322,0.10639250661882269,Direct,1,AFE
tmp2,sum,-2.5097866848662874e-4,1.4748571929595848e-4,0.0888087973761452,Direct,1,AFE
tmp2,b0,-4.39153491290787e-4,8.935011564469458e-5,8.879426312005631e-7,Direct,1,AFE
tmp2,b1,1.8817482280415824e-4,1.0514367616545888e-4,0.0735033983187861,Direct,1,AFE
pre,sum,0.011974546648121054,0.01031030471228528,0.24547301015177314,Direct,1,AFE
pre,b0,0.01592455050415103,0.007152236326979173,0.025979807924043145,Direct,1,AFE
pre,b1,-0.003950003856029975,0.008176501857062845,0.6290303080988073,Direct,1,AFE
pre2,sum,-0.003989353320206192,0.00201553975783331,0.0477824920872743,Direct,1,AFE
pre2,b0,-0.004125878335720299,0.0013909587066473453,0.0030149263664747826,Direct,1,AFE
pre2,b1,1.365250155141072e-4,0.0016495919511146308,0.9340400685148522,Direct,1,AFE
tmp,sum,0.004095159107085712,0.0031164583851087395,0.1888318657436062,Direct,1,IFE
tmp,b0,0.008679932205425945,0.0023235297100602514,1.8721862176711342e-4,Direct,1,IFE
tmp,b1,-0.004584773098340233,0.002338181849738421,0.04989905773788279,Direct,1,IFE
tmp2,sum,-2.052361742495895e-4,1.1039535684275413e-4,0.06301275175009645,Direct,1,IFE
tmp2,b0,-3.7779004990129395e-4,8.315515923241936e-5,5.540812197827565e-6,Direct,1,IFE
tmp2,b1,1.7255387565170448e-4,8.229139439703032e-5,0.03600560191450453,Direct,1,IFE
pre,sum,0.0038692856798174225,0.009773122796119749,0.6921707719245703,Direct,1,IFE
pre,b0,0.01240844947355727,0.006840576034044655,0.06968572604593824,Direct,1,IFE
pre,b1,-0.008539163793739847,0.00699866421944036,0.22242190044804253,Direct,1,IFE
pre2,sum,-0.0020393902973610567,0.002094770581243776,0.3302737628825652,Direct,1,IFE
pre2,b0,-0.003333635431902569,0.00150823179523075,0.027084776527023936,Direct,1,IFE
pre2,b1,0.0012942451345415121,0.0015594211121859212,0.4065657547612477,Direct,1,IFE
tmp,sum,0.005533267781538951,0.005087597386935073,0.27677200303506755,Direct,2,AFE
tmp,b0,0.011840007215010889,0.0024690822334821555,1.62425919226242e-6,Direct,2,AFE
tmp,b1,-0.004641789611757155,0.0029511023612345806,0.11574191957499252,Direct,2,AFE
tmp,b2,-0.0016649498217147826,0.002046114728188097,0.4158094780328948,Direct,2,AFE
tmp2,sum,-1.8807988581128447e-4,1.6185594745947077e-4,0.24522724633495013,Direct,2,AFE
tmp2,b0,-4.316223152528141e-4,8.939371231546048e-5,1.3768301323215599e-6,Direct,2,AFE
tmp2,b1,1.6008241723101344e-4,1.0682545802764861e-4,0.13399253345357434,Direct,2,AFE
tmp2,b2,8.346001221051621e-5,7.975740520947962e-5,0.2953656106535095,Direct,2,AFE
pre,sum,0.003656087569708208,0.013530231754365898,0.7869939439748485,Direct,2,AFE
pre,b0,0.017047866170151683,0.007206163511333508,0.017994366883814995,Direct,2,AFE
pre,b1,-0.0040382798388781446,0.007873428811183011,0.6080214332241496,Direct,2,AFE
pre,b2,-0.009353498761565332,0.007879217951399455,0.23518421741985518,Direct,2,AFE
pre2,sum,-0.0025762387930897625,0.0024692519380502508,0.29679657472412463,Direct,2,AFE
pre2,b0,-0.004357576121236119,0.0014249686660276531,0.0022280812756742424,Direct,2,AFE
pre2,b1,5.216705838736275e-5,0.0015839809356942554,0.9737271034955636,Direct,2,AFE
pre2,b2,0.0017291702697589944,0.0014516991368616191,0.2336004245417466,Direct,2,AFE
tmp,sum,0.0052344679442358055,0.0035678569186298054,0.14234389451525806,Direct,2,IFE
tmp,b0,0.01149774165593848,0.00227130134888037,4.1448423857595494e-7,Direct,2,IFE
tmp,b1,-0.0032538241171993785,0.002417827296744617,0.17837874789027575,Direct,2,IFE
tmp,b2,-0.0030094495945032955,0.002284401595979751,0.1877076707110308,Direct,2,IFE
tmp2,sum,-2.4681558832621907e-4,1.2738320840293216e-4,0.05267407096853139,Direct,2,IFE
tmp2,b0,-4.5766869197212234e-4,8.20935919239642e-5,2.4758327034569106e-8,Direct,2,IFE
tmp2,b1,1.6760439756057725e-4,8.594790467667633e-5,0.051167821989154615,Direct,2,IFE
tmp2,b2,4.324870608532599e-5,8.369081793175308e-5,0.6053183753453297,Direct,2,IFE
pre,sum,-0.006745227314005031,0.011577936853987315,0.5601671822341228,Direct,2,IFE
pre,b0,0.011174939948728008,0.006716637776083737,0.09615841574216023,Direct,2,IFE
pre,b1,-0.007919221958603772,0.006835245506171622,0.24662484642699795,Direct,2,IFE
pre,b2,-0.010000945304129266,0.006819354519600115,0.14249767451653592,Direct,2,IFE
pre2,sum,-6.885514407380847e-5,0.002519346469739538,0.978196084441553,Direct,2,IFE
pre2,b0,-0.0031862441153419283,0.001496630011716568,0.03325874834296397,Direct,2,IFE
pre2,b1,7.836902398621814e-4,0.0015430419393372852,0.6115329109644195,Direct,2,IFE
pre2,b2,0.0023336987314059384,0.0015433365152664224,0.13050519681776293,Direct,2,IFE
tmp,sum,0.002856071528340329,0.006122501087889981,0.6408664406945659,Direct,3,AFE
tmp,b0,0.01076309024183739,0.002565830158519194,2.7313787074385695e-5,Direct,3,AFE
tmp,b1,-0.004431059917932618,0.0029739546450185746,0.13623595134995442,Direct,3,AFE
tmp,b2,-0.0015266891569408506,0.0019229067179544704,0.42722533674773694,Direct,3,AFE
tmp,b3,-0.0019492696386235917,0.0019462034397143622,0.3165486698047207,Direct,3,AFE
tmp2,sum,-1.6125333868086353e-4,1.8871420935245473e-4,0.39283667660063154,Direct,3,AFE
tmp2,b0,-3.910370912062741e-4,9.163866505458918e-5,1.9797479830893894e-5,Direct,3,AFE
tmp2,b1,1.6360178483043332e-4,1.0765352617625579e-4,0.12858470736315808,Direct,3,AFE
tmp2,b2,7.991088029198315e-5,7.809795759545525e-5,0.3062069369940901,Direct,3,AFE
tmp2,b3,-1.3728912597005912e-5,7.716255487268024e-5,0.8587842685344764,Direct,3,AFE
pre,sum,0.007040272722528048,0.01620908174624761,0.6640406581339532,Direct,3,AFE
pre,b0,0.015578961008626933,0.007337879741434724,0.03374651739520681,Direct,3,AFE
pre,b1,-0.0011982787429074175,0.00755261042150283,0.8739386765755657,Direct,3,AFE
pre,b2,-0.004812992461852409,0.007617876220543688,0.5275160066607774,Direct,3,AFE
pre,b3,-0.002527417081339059,0.00681221465584569,0.710628189620432,Direct,3,AFE
pre2,sum,-0.0026532376288955378,0.0028979190817361947,0.3598943090085022,Direct,3,AFE
pre2,b0,-0.004067006166855722,0.001438761193660166,0.004702425148264309,Direct,3,AFE
pre2,b1,-3.670936061540512e-4,0.001485528998179093,0.8048207320635263,Direct,3,AFE
pre2,b2,9.811118523428595e-4,0.0014116783569166126,0.48705734618735813,Direct,3,AFE
pre2,b3,7.997502917713758e-4,0.0013747383655708825,0.5607369261306221,Direct,3,AFE
tmp,sum,0.010542661586701411,0.0044179602409717056,0.017017991390081193,Direct,3,IFE
tmp,b0,0.012465539343208105,0.002293040795719799,5.441408525612744e-8,Direct,3,IFE
tmp,b1,-2.16318126484649e-4,0.0023005207173738503,0.9250852693204961,Direct,3,IFE
tmp,b2,-9.782001285556278e-4,0.0022895473861667013,0.6692001070249325,Direct,3,IFE
tmp,b3,-7.283595014664165e-4,0.0022221468483527205,0.7430833842199529,Direct,3,IFE
tmp2,sum,-2.7856033654724517e-4,1.5603637283408185e-4,0.074224513735274,Direct,3,IFE
tmp2,b0,-4.005144895770644e-4,8.333218458041957e-5,1.5379516441720217e-6,Direct,3,IFE
tmp2,b1,9.628722437508025e-5,8.309613054019694e-5,0.2465601491717947,Direct,3,IFE
tmp2,b2,4.495415327871845e-5,8.476428067199831e-5,0.5958740535105794,Direct,3,IFE
tmp2,b3,-1.928722462397945e-5,8.215533011239958e-5,0.8143908647921752,Direct,3,IFE
pre,sum,0.004478832068956665,0.014627687500203969,0.7594610042670978,Direct,3,IFE
pre,b0,0.011221222420668704,0.00688033886624863,0.10290903655042694,Direct,3,IFE
pre,b1,-0.0052689068394934716,0.0069193670553934035,0.4463749751284696,Direct,3,IFE
pre,b2,-0.00689538540125855,0.006893191216189482,0.3171564880384828,Direct,3,IFE
pre,b3,0.005421901889039983,0.00694064005602652,0.4346955597939853,Direct,3,IFE
pre2,sum,-0.0012923641217389805,0.003138317297987901,0.6804848398821257,Direct,3,IFE
pre2,b0,-0.0029285855633140187,0.0015242313319954385,0.054687292255926584,Direct,3,IFE
pre2,b1,5.696371845119238e-4,0.0015422756070098858,0.711867978140498,Direct,3,IFE
pre2,b2,0.0016589769785666968,0.0015469242478295389,0.2835243251057254,Direct,3,IFE
pre2,b3,-5.923927215035824e-4,0.0015484301826373017,0.702033930550527,Direct,3,IFE
tmp,sum,0.0013781191063192795,0.006663050917761817,0.8361425926855458,Direct,4,AFE
tmp,b0,0.010716676566353625,0.0025536288065913454,2.7089664340857633e-5,Direct,4,AFE
tmp,b1,-0.004410562267589563,0.003064334556152524,0.15005948566603833,Direct,4,AFE
tmp,b2,-0.0016578249273941211,0.0019673109514147112,0.399404212423421,Direct,4,AFE
tmp,b3,-0.0016999168060362248,0.0019278771193331015,0.3779088857538982,Direct,4,AFE
tmp,b4,-0.0015702534590144356,0.0020137933868599627,0.43553860754478435,Direct,4,AFE
tmp2,sum,-1.0840769701527195e-4,1.9715714267201314e-4,0.5824193311072807,Direct,4,AFE
tmp2,b0,-3.9210253701334966e-4,9.343634155466501e-5,2.71110775431152e-5,Direct,4,AFE
tmp2,b1,1.7367029634796178e-4,1.1459385636483968e-4,0.1296385277464616,Direct,4,AFE
tmp2,b2,8.311624172366167e-5,7.933518362946393e-5,0.2947956126801196,Direct,4,AFE
tmp2,b3,-2.6428856440707773e-5,8.600215894643686e-5,0.7586115578205015,Direct,4,AFE
tmp2,b4,5.3337158367162e-5,9.980127846971173e-5,0.5930415649356384,Direct,4,AFE
pre,sum,0.007879228941630536,0.01925691476927734,0.6824195909614457,Direct,4,AFE
pre,b0,0.017119549619525033,0.007667104943724323,0.0255583701769698,Direct,4,AFE
pre,b1,-0.0023678678236827948,0.007670236155253398,0.7575432054255299,Direct,4,AFE
pre,b2,-0.004155395323150346,0.007865076883986617,0.5972668496532231,Direct,4,AFE
pre,b3,-0.0012833575572716196,0.006927177185489391,0.8530218594625796,Direct,4,AFE
pre,b4,-0.0014336999737897369,0.007009149679638659,0.8379261306628518,Direct,4,AFE
pre2,sum,-0.0021142844127518775,0.003503903625721725,0.5462371243102373,Direct,4,AFE
pre2,b0,-0.004284551657754886,0.001475336918775608,0.0036828999834442096,Direct,4,AFE
pre2,b1,-8.18147003257704e-5,0.0015415289319749147,0.957673157197038,Direct,4,AFE
pre2,b2,0.0010076239264612892,0.0014802501349839587,0.4960537859823117,Direct,4,AFE
pre2,b3,8.124485627913223e-4,0.0013823345448160558,0.5567091256824006,Direct,4,AFE
pre2,b4,4.3200945607616714e-4,0.001342232580088731,0.7475596165015059,Direct,4,AFE
tmp,sum,0.012123806363820632,0.00508277337861638,0.017066412411798126,Direct,4,IFE
tmp,b0,0.012751624728858293,0.0023344614971827324,4.6989637005698195e-8,Direct,4,IFE
tmp,b1,-3.450967195132124e-4,0.002334399731876773,0.8824761190675335,Direct,4,IFE
tmp,b2,-5.745879489964375e-4,0.002327058117316748,0.8049732111878374,Direct,4,IFE
tmp,b3,-0.0010032158438501569,0.0022825544174412175,0.6602887523391192,Direct,4,IFE
tmp,b4,0.0012950821473221466,0.0023603845024937416,0.5832290348765757,Direct,4,IFE
tmp2,sum,-3.305988182588946e-4,1.7644574663768192e-4,0.06097770845323187,Direct,4,IFE
tmp2,b0,-4.057202681173875e-4,8.401975794163083e-5,1.3731181775450771e-6,Direct,4,IFE
tmp2,b1,1.1169165330734317e-4,8.425393080864501e-5,0.18495396528306798,Direct,4,IFE
tmp2,b2,1.8646227112244576e-5,8.568419019203774e-5,0.8277285318525437,Direct,4,IFE
tmp2,b3,-2.1594187575401064e-5,8.416879112445022e-5,0.7975199014101062,Direct,4,IFE
tmp2,b4,-3.362224298569379e-5,8.528629042822087e-5,0.6934127213325061,Direct,4,IFE
pre,sum,0.008313628525014872,0.016934597005025732,0.6234790144444817,Direct,4,IFE
pre,b0,0.013104100757529944,0.006895708352671042,0.0573902203925146,Direct,4,IFE
pre,b1,-0.00628792654587175,0.006910475938871697,0.3628688014175395,Direct,4,IFE
pre,b2,-0.005633757995220838,0.0069185212071049456,0.41547259843904266,Direct,4,IFE
pre,b3,0.005288859214973198,0.006914176128908512,0.44431336054653087,Direct,4,IFE
pre,b4,0.0018423530936043176,0.006910252276433351,0.7897682592354289,Direct,4,IFE
pre2,sum,-0.001666628077351556,0.003587734737027197,0.642264545254009,Direct,4,IFE
pre2,b0,-0.0031323463455696157,0.001517097284224054,0.03895167025449017,Direct,4,IFE
pre2,b1,8.762826601467257e-4,0.001525968341343048,0.5658007049199314,Direct,4,IFE
pre2,b2,0.0014324463334955918,0.0015424329085365653,0.35304831422488375,Direct,4,IFE
pre2,b3,-3.6986212061653736e-4,0.001531393301676944,0.8091521121932059,Direct,4,IFE
pre2,b4,-4.7314860480772057e-4,0.0015485829555556118,0.7599575807357295,Direct,4,IFE
tmp,sum,-0.004568043836376608,0.005307412524259571,0.38940808068119664,Direct,5,AFE
tmp,b0,0.010679006269394995,0.002618678958429758,4.542226960122996e-5,Direct,5,AFE
tmp,b1,-0.004940634025889614,0.0030112247634717848,0.10085159735133942,Direct,5,AFE
tmp,b2,-0.001594264969765384,0.0019745771921502522,0.4194385915025238,Direct,5,AFE
tmp,b3,-0.0019427662299388183,0.0020565346739007543,0.3448225055223612,Direct,5,AFE
tmp,b4,-6.495757658647903e-4,0.0020291816131814515,0.7488795511341447,Direct,5,AFE
tmp,b5,-0.006119809114312996,0.0037036969306946817,0.09846291996143086,Direct,5,AFE
tmp2,sum,4.935842741194935e-5,1.822591452689425e-4,0.786533672845499,Direct,5,AFE
tmp2,b0,-3.944071939935732e-4,9.186768635886198e-5,1.7610894649270867e-5,Direct,5,AFE
tmp2,b1,1.88237080042709e-4,1.1346783765227736e-4,0.09712655935493164,Direct,5,AFE
tmp2,b2,7.467114687831732e-5,8.08449277275806e-5,0.35567675798013276,Direct,5,AFE
tmp2,b3,-1.4287173079911196e-5,8.9539306743026e-5,0.873225215643914,Direct,5,AFE
tmp2,b4,2.349617952742913e-5,9.687508243715054e-5,0.8083609903512051,Direct,5,AFE
tmp2,b5,1.716483880369783e-4,1.1884759534778472e-4,0.14866216215942288,Direct,5,AFE
pre,sum,0.01191855742833481,0.021415677208709075,0.5778457009074748,Direct,5,AFE
pre,b0,0.01768880382215564,0.007628906638091788,0.02041374108494752,Direct,5,AFE
pre,b1,-0.003915626900452477,0.007786646512894952,0.6150596504754964,Direct,5,AFE
pre,b2,-0.0031505987270685548,0.008066514310825787,0.6961095839565976,Direct,5,AFE
pre,b3,-0.0032366950579723417,0.007319311523487432,0.6583350450072203,Direct,5,AFE
pre,b4,-0.002450389624278013,0.0071390639092962106,0.7314203037602013,Direct,5,AFE
pre,b5,0.0069830639159505535,0.005479289905817664,0.20250508761634387,Direct,5,AFE
pre2,sum,-0.0028792212284382617,0.00385951729878328,0.45566407755000043,Direct,5,AFE
pre2,b0,-0.004459228520817392,0.001460863678295415,0.002269736805116885,Direct,5,AFE
pre2,b1,5.474967431570953e-4,0.0015293926011954162,0.7203559419234589,Direct,5,AFE
pre2,b2,7.633695781171241e-4,0.0015325581881427892,0.6184124823228365,Direct,5,AFE
pre2,b3,0.0012781649750897813,0.0015007908692277114,0.3944023010965683,Direct,5,AFE
pre2,b4,8.509338199302399e-4,0.0013474130057226199,0.527693028839807,Direct,5,AFE
pre2,b5,-0.0018599578239151102,0.001062741145520557,0.08009220536240622,Direct,5,AFE
tmp,sum,0.0031234759456526522,0.005198557510372982,0.54794980734733445,Direct,5,IFE
tmp,b0,0.012415035395936056,0.0022921992808499644,6.087519326878251e-8,Direct,5,IFE
tmp,b1,-0.0016574877640718865,0.0024348993416844766,0.49604787710317194,Direct,5,IFE
tmp,b2,-0.0014666008768669213,0.002325543914408483,0.528270352577232,Direct,5,IFE
tmp,b3,-7.61998936530583e-4,0.0022802917545731182,0.7382533186170409,Direct,5,IFE
tmp,b4,-1.5758809128316523e-4,0.0023777842125898116,0.9471587383744006,Direct,5,IFE
tmp,b5,-0.005247883781530848,0.0022800855101986323,0.021356775391108456,Direct,5,IFE
tmp2,sum,-1.882078858942476e-4,1.7584753628345056e-4,0.2844887269392371,Direct,5,IFE
tmp2,b0,-4.3564477816211754e-4,8.185461638994849e-5,1.025325857300865e-7,Direct,5,IFE
tmp2,b1,1.5572115926350041e-4,8.570741285086875e-5,0.06923356877157362,Direct,5,IFE
tmp2,b2,3.0648060682462726e-5,8.45087130217225e-5,0.7168577271129866,Direct,5,IFE
tmp2,b3,-4.218636418885688e-5,8.327864470967017e-5,0.6124573955044408,Direct,5,IFE
tmp2,b4,1.7252794979000859e-6,8.520280181051981e-5,0.9838446649736562,Direct,5,IFE
tmp2,b5,1.0152875701286356e-4,8.305602958937388e-5,0.221551546066395,Direct,5,IFE
pre,sum,0.008490361222677791,0.017840239821320367,0.6341379908564346,Direct,5,IFE
pre,b0,0.015161070429799774,0.006690737340309441,0.023452667923682745,Direct,5,IFE
pre,b1,-0.007952701980007828,0.006803079425782335,0.24240942748956928,Direct,5,IFE
pre,b2,-0.003992326865647431,0.006787930673227848,0.5564310768718168,Direct,5,IFE
pre,b3,0.0025253363572908783,0.006810530435916552,0.7107874122437627,Direct,5,IFE
pre,b4,-0.0019695106568106096,0.006713458212432617,0.769241241067906,Direct,5,IFE
pre,b5,0.0047184939380530075,0.006744118214414653,0.484148536754355,Direct,5,IFE
pre2,sum,-0.002094076199680547,0.003798807210991801,0.5814652453693541,Direct,5,IFE
pre2,b0,-0.004035173588075281,0.0014745829831872231,0.006209950622855971,Direct,5,IFE
pre2,b1,0.0012929057713356464,0.0015222921956877054,0.3957059723957538,Direct,5,IFE
pre2,b2,0.0013505101080929496,0.0015277420490669533,0.37670111137790213,Direct,5,IFE
pre2,b3,2.471663886676851e-4,0.0015392074798709233,0.8724239770691394,Direct,5,IFE
pre2,b4,5.109553815679066e-4,0.001511450826785111,0.7353208074924722,Direct,5,IFE
pre2,b5,-0.001460440261269454,0.0015143341703753096,0.334839998939296,Direct,5,IFE
tmp,sum,0.015475842104069002,0.004141247424675376,1.862288382276189e-4,Interactive,0,AFE
tmp,b0,0.015475842104069002,0.004141247424675376,1.862288382276189e-4,Interactive,0,AFE
tmp2,sum,-5.656820679805124e-4,1.490575206331658e-4,1.4760841876539e-4,Interactive,0,AFE
tmp2,b0,-5.656820679805124e-4,1.490575206331658e-4,1.4760841876539e-4,Interactive,0,AFE
pre,sum,0.11039273570758609,0.0467866898325755,0.018300064682815125,Interactive,0,AFE
pre,b0,0.11039273570758609,0.0467866898325755,0.018300064682815125,Interactive,0,AFE
pre2,sum,-0.0731393440751056,0.029189867216127433,0.012222946347133046,Interactive,0,AFE
pre2,b0,-0.0731393440751056,0.029189867216127433,0.012222946347133046,Interactive,0,AFE
tmp_pre,sum,-0.011307580366994332,0.004824580677077186,0.019091287642050064,Interactive,0,AFE
tmp_pre,b0,-0.011307580366994332,0.004824580677077186,0.019091287642050064,Interactive,0,AFE
tmp2_pre,sum,3.310600847068774e-4,1.4434330741422682e-4,0.021815765884623122,Interactive,0,AFE
tmp2_pre,b0,3.310600847068774e-4,1.4434330741422682e-4,0.021815765884623122,Interactive,0,AFE
pre2_tmp,sum,0.006653463729768334,0.00260100603105049,0.01052655822060249,Interactive,0,AFE
pre2_tmp,b0,0.006653463729768334,0.00260100603105049,0.01052655822060249,Interactive,0,AFE
tmp2_pre2,sum,-1.6073706643416266e-4,6.0997361117728553e-5,0.008410063573072593,Interactive,0,AFE
tmp2_pre2,b0,-1.6073706643416266e-4,6.0997361117728553e-5,0.008410063573072593,Interactive,0,AFE
tmp,sum,0.012276113947756323,0.003817274640477726,0.001300194674275538,Interactive,0,IFE
tmp,b0,0.012276113947756323,0.003817274640477726,0.001300194674275538,Interactive,0,IFE
tmp2,sum,-4.7273133679506135e-4,1.2338738238641315e-4,1.2747947999267997e-4,Interactive,0,IFE
tmp2,b0,-4.7273133679506135e-4,1.2338738238641315e-4,1.2747947999267997e-4,Interactive,0,IFE
pre,sum,0.09138927071609892,0.051650579520551985,0.07683122899998446,Interactive,0,IFE
pre,b0,0.09138927071609892,0.051650579520551985,0.07683122899998446,Interactive,0,IFE
pre2,sum,-0.057139456960584235,0.02580064400892777,0.026783935634860267,Interactive,0,IFE
pre2,b0,-0.057139456960584235,0.02580064400892777,0.026783935634860267,Interactive,0,IFE
tmp_pre,sum,-0.010366475296529419,0.004957986787644354,0.036540271310895815,Interactive,0,IFE
tmp_pre,b0,-0.010366475296529419,0.004957986787644354,0.036540271310895815,Interactive,0,IFE
tmp2_pre,sum,3.142440123660261e-4,1.338732522432213e-4,0.018908760713162394,Interactive,0,IFE
tmp2_pre,b0,3.142440123660261e-4,1.338732522432213e-4,0.018908760713162394,Interactive,0,IFE
pre2_tmp,sum,0.005299407616532271,0.002250922504501631,0.01855627933038804,Interactive,0,IFE
pre2_tmp,b0,0.005299407616532271,0.002250922504501631,0.01855627933038804,Interactive,0,IFE
tmp2_pre2,sum,-1.300221533998656e-4,5.234293056446617e-5,0.012989968135343286,Interactive,0,IFE
tmp2_pre2,b0,-1.300221533998656e-4,5.234293056446617e-5,0.012989968135343286,Interactive,0,IFE
tmp,sum,0.008433390847182486,0.006563455908179838,0.19882689279273283,Interactive,1,AFE
tmp,b0,0.017395616704392318,0.004137994896902657,2.6238292084793403e-5,Interactive,1,AFE
tmp,b1,-0.008962225857209832,0.004476707388268892,0.0452881511406597,Interactive,1,AFE
tmp2,sum,-3.078564905313185e-4,2.2376487264681177e-4,0.16888248371060602,Interactive,1,AFE
tmp2,b0,-6.370785564435261e-4,1.4754209473445877e-4,1.5748911392402153e-5,Interactive,1,AFE
tmp2,b1,3.292220659122076e-4,1.5055896710088938e-4,0.028766968009129826,Interactive,1,AFE
pre,sum,0.07272089490982156,0.057515323059270304,0.20609572164352083,Interactive,1,AFE
pre,b0,0.10019574305607581,0.04390942193485315,0.02249681417583204,Interactive,1,AFE
pre,b1,-0.027474848146254262,0.03950355317165825,0.4867399984897344,Interactive,1,AFE
pre2,sum,-0.05402538033487693,0.03336844852290159,0.10543525631288188,Interactive,1,AFE
pre2,b0,-0.06443820827958217,0.02720638978159604,0.017860603849347696,Interactive,1,AFE
pre2,b1,0.01041282794470524,0.02148827698557855,0.6279730263277228,Interactive,1,AFE
tmp_pre,sum,-0.004659782339086321,0.0062133009841171035,0.45327345174785144,Interactive,1,AFE
tmp_pre,b0,-0.012031503179149883,0.004794433220822745,0.012091128290499267,Interactive,1,AFE
tmp_pre,b1,0.007371720840063562,0.0038393675418172467,0.05485345287421512,Interactive,1,AFE
tmp2_pre,sum,1.0528594345324347e-4,1.887974354812367e-4,0.5770723602023682,Interactive,1,AFE
tmp2_pre,b0,3.7701728499275905e-4,1.4107017886552225e-4,0.007527687150253548,Interactive,1,AFE
tmp2_pre,b1,-2.7173134153951557e-4,1.2118254700120576e-4,0.02494000909891377,Interactive,1,AFE
pre2_tmp,sum,0.003659116592152986,0.0030894112625545734,0.2362524686887665,Interactive,1,AFE
pre2_tmp,b0,0.006237661290328536,0.0025347583608947622,0.013860812337262213,Interactive,1,AFE
pre2_tmp,b1,-0.0025785446981755502,0.001797471839182632,0.15141831069477288,Interactive,1,AFE
tmp2_pre2,sum,-6.879954098103322e-5,7.573594606273405e-5,0.3636598994541421,Interactive,1,AFE
tmp2_pre2,b0,-1.581774716044909e-4,6.061888441600552e-5,0.009070747242811499,Interactive,1,AFE
tmp2_pre2,b1,8.937793062345768e-5,4.3164060276041633e-5,0.038390932691643044,Interactive,1,AFE
tmp,sum,0.008149699582941098,0.005525702120928565,0.14024714215496284,Interactive,1,IFE
tmp,b0,0.014672024030276638,0.003854176807481548,1.4078480215780456e-4,Interactive,1,IFE
tmp,b1,-0.00652232444733554,0.0040082074696404886,0.10368566270685173,Interactive,1,IFE
tmp2,sum,-3.4073789065867553e-4,1.7268629800681353e-4,0.048477207602052375,Interactive,1,IFE
tmp2,b0,-6.055787291086748e-4,1.22400425067884e-4,7.516442141461849e-7,Interactive,1,IFE
tmp2,b1,2.6484083844999923e-4,1.2487202703617575e-4,0.033930382937657086,Interactive,1,IFE
pre,sum,0.0587334945378849,0.07737892113469526,0.4478301889087369,Interactive,1,IFE
pre,b0,0.07312696069168319,0.052500482779155304,0.16365557298044,Interactive,1,IFE
pre,b1,-0.014393466153798289,0.054341741143753765,0.7911100466523762,Interactive,1,IFE
pre2,sum,-0.026848343969879274,0.037676965600938125,0.4760976113884228,Interactive,1,IFE
pre2,b0,-0.041476433105985346,0.025562053246850812,0.10467958070912435,Interactive,1,IFE
pre2,b1,0.014628089136106073,0.026196374180070578,0.5765703921231156,Interactive,1,IFE
tmp_pre,sum,-0.005217628306576153,0.007411488166268039,0.4814377616064205,Interactive,1,IFE
tmp_pre,b0,-0.010494888250499112,0.005062599979095316,0.03817010136174073,Interactive,1,IFE
tmp_pre,b1,0.00527725994392296,0.005235736102354918,0.31348765987182936,Interactive,1,IFE
tmp2_pre,sum,1.3382189656545123e-4,1.9638941805436347e-4,0.49561150694712547,Interactive,1,IFE
tmp2_pre,b0,3.543345522212069e-4,1.349078657228463e-4,0.008626979083805898,Interactive,1,IFE
tmp2_pre,b1,-2.205126556557557e-4,1.388734188391475e-4,0.11231619440387604,Interactive,1,IFE
pre2_tmp,sum,0.0014965547711577613,0.003277949678228549,0.6479930232480602,Interactive,1,IFE
pre2_tmp,b0,0.004188418687132212,0.0022487101357892615,0.06252036836256336,Interactive,1,IFE
pre2_tmp,b1,-0.002691863915974451,0.0023029534372504294,0.2424541343047827,Interactive,1,IFE
tmp2_pre2,sum,-2.207098641124312e-5,7.558725410969716e-5,0.770291598541922,Interactive,1,IFE
tmp2_pre2,b0,-1.1197562665883119e-4,5.243759116218342e-5,0.03272773670962555,Interactive,1,IFE
tmp2_pre2,b1,8.990464024758807e-5,5.356011688623617e-5,0.09323502223910295,Interactive,1,IFE
tmp,sum,0.011019404743966902,0.008785837265880126,0.20976073181022245,Interactive,2,AFE
tmp,b0,0.018108872854418593,0.0041345424101586715,1.1873502879414396e-5,Interactive,2,AFE
tmp,b1,-0.008313516769278887,0.004464464747129708,0.06258151620924904,Interactive,2,AFE
tmp,b2,0.0012240486588271956,0.0033296955079405405,0.7131597361801156,Interactive,2,AFE
tmp2,sum,-3.417177311407634e-4,2.686804435498548e-4,0.20343103726205194,Interactive,2,AFE
tmp2,b0,-6.530926938699335e-4,1.4492768928566497e-4,6.595698246341354e-6,Interactive,2,AFE
tmp2,b1,2.8707691889392833e-4,1.533802781891273e-4,0.06125258507084068,Interactive,2,AFE
tmp2,b2,2.4298043835241748e-5,1.1361304916328383e-4,0.8306510368706622,Interactive,2,AFE
pre,sum,0.1235689242183765,0.08017718133013656,0.12326856556468899,Interactive,2,AFE
pre,b0,0.1093686719277026,0.04347892139939202,0.011888349290467804,Interactive,2,AFE
pre,b1,-0.026685263962343296,0.04117589063294813,0.5169333226296096,Interactive,2,AFE
pre,b2,0.04088551625301719,0.037650822543153085,0.2775175013832238,Interactive,2,AFE
pre2,sum,-0.06311848317340046,0.04260900429271503,0.13851561476215188,Interactive,2,AFE
pre2,b0,-0.06407023438856568,0.027296262076374804,0.018914265243462233,Interactive,2,AFE
pre2,b1,0.011283090069360275,0.022356882174116296,0.6137830206433273,Interactive,2,AFE
pre2,b2,-0.01033133885419506,0.020189726711898677,0.6088521212135226,Interactive,2,AFE
tmp_pre,sum,-0.01143159515027675,0.008220920172003104,0.1643621264309338,Interactive,2,AFE
tmp_pre,b0,-0.013613193439173506,0.004741993603841838,0.004094677496972276,Interactive,2,AFE
tmp_pre,b1,0.007118933009590926,0.003911896393333476,0.06878697724378474,Interactive,2,AFE
tmp_pre,b2,-0.004937334720694172,0.0035749845202755867,0.16725478570663557,Interactive,2,AFE
tmp2_pre,sum,2.7495387343056803e-4,2.389294496737088e-4,0.24982509477744594,Interactive,2,AFE
tmp2_pre,b0,4.2887762189599144e-4,1.384412723471897e-4,0.0019489526093470263,Interactive,2,AFE
tmp2_pre,b1,-2.6296024182848455e-4,1.1973867473809375e-4,0.028083508738936797,Interactive,2,AFE
tmp2_pre,b2,1.0903649336306117e-4,1.084037907222225e-4,0.3144942088355587,Interactive,2,AFE
pre2_tmp,sum,0.0049259481468725864,0.0036503807604764643,0.17719758544122113,Interactive,2,AFE
pre2_tmp,b0,0.006356276588068237,0.0025470731350231398,0.012577201931497308,Interactive,2,AFE
pre2_tmp,b1,-0.0026150517192319346,0.001864545181438128,0.16076165301690812,Interactive,2,AFE
pre2_tmp,b2,0.0011847232780362847,0.0016201213027775528,0.4646228553907253,Interactive,2,AFE
tmp2_pre2,sum,-1.0142995074342219e-4,8.450725640566967e-5,0.2300417279214922,Interactive,2,AFE
tmp2_pre2,b0,-1.6413582484883836e-4,6.080919674572174e-5,0.006950762434235856,Interactive,2,AFE
tmp2_pre2,b1,8.923898117276623e-5,4.4104060091760706e-5,0.04303466649705361,Interactive,2,AFE
tmp2_pre2,b2,-2.6533107067350044e-5,3.6857889234684595e-5,0.47160139291276526,Interactive,2,AFE
tmp,sum,0.014413865242826144,0.006772746782379852,0.03331921339224163,Interactive,2,IFE
tmp,b0,0.02024479174337262,0.0037922569483625356,9.374214674084135e-8,Interactive,2,IFE
tmp,b1,-0.006261711801981819,0.003968497922757694,0.11459906909632475,Interactive,2,IFE
tmp,b2,4.307853014353431e-4,0.0039041306501080004,0.912139019374128,Interactive,2,IFE
tmp2,sum,-4.6273340329293415e-4,2.0891563961702157e-4,0.02676490715849722,Interactive,2,IFE
tmp2,b0,-7.522360336032271e-4,1.2131614175077646e-4,5.623898232750533e-10,Interactive,2,IFE
tmp2,b1,3.0240976321718375e-4,1.2613254328294363e-4,0.01650488384636359,Interactive,2,IFE
tmp2,b2,-1.2907132906890829e-5,1.242257758897775e-4,0.9172482293164599,Interactive,2,IFE
pre,sum,0.16797633995258365,0.09706143027027013,0.08351976903227933,Interactive,2,IFE
pre,b0,0.11078944024307565,0.052063353236817315,0.03333927404963008,Interactive,2,IFE
pre,b1,0.0018445018753206824,0.05239058876618616,0.9719148872406344,Interactive,2,IFE
pre,b2,0.055342397834187325,0.05269150592910405,0.2935757639209756,Interactive,2,IFE
pre2,sum,-0.07290843607927586,0.04655613109144934,0.1173408996202474,Interactive,2,IFE
pre2,b0,-0.0551927861321099,0.025091926162782358,0.02783363067413412,Interactive,2,IFE
pre2,b1,-0.004041325420489227,0.025627221893174356,0.8746958902176478,Interactive,2,IFE
pre2,b2,-0.01367432452667673,0.02552587254996247,0.592162800251377,Interactive,2,IFE
tmp_pre,sum,-0.01594966791278445,0.009352152834051296,0.0881097555177502,Interactive,2,IFE
tmp_pre,b0,-0.015585160232833298,0.00502581841496104,0.0019285567736854667,Interactive,2,IFE
tmp_pre,b1,0.005173885574708167,0.005037236963154652,0.30436034077050744,Interactive,2,IFE
tmp_pre,b2,-0.005538393254659317,0.005066128310508428,0.2742971777173897,Interactive,2,IFE
tmp2_pre,sum,3.6039148326031344e-4,2.4600583667599545e-4,0.14292875603719885,Interactive,2,IFE
tmp2_pre,b0,4.979447395928822e-4,1.3386077869438138e-4,1.9932508357442378e-4,Interactive,2,IFE
tmp2_pre,b1,-2.4190270495296124e-4,1.339643664757601e-4,0.07096142308402265,Interactive,2,IFE
tmp2_pre,b2,1.0434944862039245e-4,1.3453960521169592e-4,0.437982870100755,Interactive,2,IFE
pre2_tmp,sum,0.005817036010816501,0.004044493587979587,0.150360109996771,Interactive,2,IFE
pre2_tmp,b0,0.005871798398439385,0.002197851436189673,0.007548868215741203,Interactive,2,IFE
pre2_tmp,b1,-0.001417936492403469,0.0022439516580486526,0.5274570460634368,Interactive,2,IFE
pre2_tmp,b2,0.001363174104780585,0.002241127803021778,0.5430192750864364,Interactive,2,IFE
tmp2_pre2,sum,-1.1617923091429662e-4,9.257952676434365e-5,0.20951042562131433,Interactive,2,IFE
tmp2_pre2,b0,-1.5763213171460293e-4,5.099379475051946e-5,0.0019934781820635603,Interactive,2,IFE
tmp2_pre2,b1,6.807371581929191e-5,5.193369158077456e-5,0.18993163571438015,Interactive,2,IFE
tmp2_pre2,b2,-2.6620815018985626e-5,5.199747563711461e-5,0.6086764822997477,Interactive,2,IFE
tmp,sum,0.006424364357248805,0.009997582340312146,0.5204890100719053,Interactive,3,AFE
tmp,b0,0.016189270127412014,0.004028830500124524,5.8605921255729904e-5,Interactive,3,AFE
tmp,b1,-0.009106592432196798,0.0048272178532210355,0.059226326834950216,Interactive,3,AFE
tmp,b2,6.57229624889731e-4,0.003496446410316666,0.8508995871032732,Interactive,3,AFE
tmp,b3,-0.0013155429628561423,0.0027868331981319456,0.6368863999055003,Interactive,3,AFE
tmp2,sum,-3.0213656457011e-4,3.0254985424418385e-4,0.31797203391732454,Interactive,3,AFE
tmp2,b0,-5.999890851141427e-4,1.4458028661693803e-4,3.3266725808283805e-5,Interactive,3,AFE
tmp2,b1,3.261823118106323e-4,1.593428585044064e-4,0.04065347537924627,Interactive,3,AFE
tmp2,b2,3.0488179604581296e-5,1.1677251012801582e-4,0.7940228064012298,Interactive,3,AFE
tmp2,b3,-5.8817970871180836e-5,1.0202601523504896e-4,0.5642774481021626,Interactive,3,AFE
pre,sum,0.034638882826454276,0.09140159710617612,0.7047067328264145,Interactive,3,AFE
pre,b0,0.07915492887430603,0.04067450452985344,0.05164782037231265,Interactive,3,AFE
pre,b1,-0.03145457240413678,0.04189792978174086,0.45280741241395184,Interactive,3,AFE
pre,b2,0.029867492308036897,0.04138476433450182,0.4704773389565531,Interactive,3,AFE
pre,b3,-0.04292896595175187,0.03742522925241065,0.251357017532795,Interactive,3,AFE
pre2,sum,-0.0038441852067565736,0.04987220669771164,0.9385593368502347,Interactive,3,AFE
pre2,b0,-0.04769996803596192,0.02598972169456817,0.06645537213546003,Interactive,3,AFE
pre2,b1,0.01416347951575898,0.02151602544535914,0.510360905842761,Interactive,3,AFE
pre2,b2,-0.004508208103110808,0.021361223751358963,0.8328511110718022,Interactive,3,AFE
pre2,b3,0.034200511416557174,0.023321022857169225,0.14250942007629594,Interactive,3,AFE
tmp_pre,sum,-0.006937879435491234,0.008938055570310792,0.4376202919155441,Interactive,3,AFE
tmp_pre,b0,-0.011370107212106715,0.004489117400213109,0.011315041430576937,Interactive,3,AFE
tmp_pre,b1,0.008288358108443394,0.00417075640989443,0.04689410375527907,Interactive,3,AFE
tmp_pre,b2,-0.0035679615833728437,0.003953381186613388,0.3667866122674328,Interactive,3,AFE
tmp_pre,b3,-2.881687484550693e-4,0.003557534907406917,0.935440070038567,Interactive,3,AFE
tmp2_pre,sum,2.3929418924555096e-4,2.583939420472937e-4,0.3544029440236625,Interactive,3,AFE
tmp2_pre,b0,3.865979512057548e-4,1.3508966884140036e-4,0.004212589931538432,Interactive,3,AFE
tmp2_pre,b1,-3.020431975431384e-4,1.2382894675566077e-4,0.014719940558670768,Interactive,3,AFE
tmp2_pre,b2,8.179310417353963e-5,1.1334630564151555e-4,0.4705273629907208,Interactive,3,AFE
tmp2_pre,b3,7.294633140939492e-5,1.0296233896238305e-4,0.47864979937006574,Interactive,3,AFE
pre2_tmp,sum,0.0014388957684061364,0.004134627936762678,0.7278319650512433,Interactive,3,AFE
pre2_tmp,b0,0.005023254360185757,0.002412451183838633,0.0373223695654297,Interactive,3,AFE
pre2_tmp,b1,-0.002892938436306854,0.0018397790689204854,0.11584901779961206,Interactive,3,AFE
pre2_tmp,b2,5.196539721847219e-4,0.0017525970949413335,0.7668443748028466,Interactive,3,AFE
pre2_tmp,b3,-0.001211074127657488,0.002025930494363458,0.5499823244775155,Interactive,3,AFE
tmp2_pre2,sum,-5.65356003806463e-5,9.34498044037569e-5,0.5451898844486841,Interactive,3,AFE
tmp2_pre2,b0,-1.3683040329901425e-4,5.790946965627718e-5,0.018135842191951464,Interactive,3,AFE
tmp2_pre2,b1,9.595474490948149e-5,4.343675062570297e-5,0.0271698969585434,Interactive,3,AFE
tmp2_pre2,b2,-1.1091933519027348e-5,3.9603472995067314e-5,0.7794201423845936,Interactive,3,AFE
tmp2_pre2,b3,-4.56800847208619e-6,4.7598426689968725e-5,0.92354460828493,Interactive,3,AFE
tmp,sum,0.02038437741473522,0.00834211673349318,0.01454356350621453,Interactive,3,IFE
tmp,b0,0.021196485416784736,0.0037400771694773407,1.4498693449874436e-8,Interactive,3,IFE
tmp,b1,-0.0032679927605082128,0.003972134574228238,0.41066176858605896,Interactive,3,IFE
tmp,b2,0.004619369921234338,0.0037974786098719368,0.22382085923877443,Interactive,3,IFE
tmp,b3,-0.0021634851627756416,0.0038524895349959015,0.5744014866391234,Interactive,3,IFE
tmp2,sum,-5.834427525200829e-4,2.5364912541094833e-4,0.02143710744193509,Interactive,3,IFE
tmp2,b0,-6.661093744282082e-4,1.199459257290613e-4,2.8014363830089187e-8,Interactive,3,IFE
tmp2,b1,1.751365338792828e-4,1.2552298429466637e-4,0.16293904702280185,Interactive,3,IFE
tmp2,b2,-1.0961470943146095e-4,1.2173986167360228e-4,0.36790681786378476,Interactive,3,IFE
tmp2,b3,1.714479746030348e-5,1.2266844951500837e-4,0.8888453997168665,Interactive,3,IFE
pre,sum,0.1234192479794751,0.1209859204169208,0.30767511602305814,Interactive,3,IFE
pre,b0,0.10476799839151141,0.050991382797247194,0.03991556414341363,Interactive,3,IFE
pre,b1,0.0015651493700878615,0.053099958641783886,0.9764853355001728,Interactive,3,IFE
pre,b2,0.045273560186863224,0.051785248336285915,0.3819788961235218,Interactive,3,IFE
pre,b3,-0.02818745996898739,0.05323132199800576,0.5964394280580055,Interactive,3,IFE
pre2,sum,-0.03882050661345117,0.059019813610837316,0.5106963463783605,Interactive,3,IFE
pre2,b0,-0.05204938075309164,0.024720216975874277,0.03524441681310953,Interactive,3,IFE
pre2,b1,0.0016856330249702244,0.025549911836562952,0.9473984274491949,Interactive,3,IFE
pre2,b2,-0.007371208848718417,0.025202337913197877,0.7699187680032267,Interactive,3,IFE
pre2,b3,0.01891444996338866,0.02574318625631396,0.4625001901040661,Interactive,3,IFE
tmp_pre,sum,-0.015049428434739349,0.011587082406257302,0.19400884764964949,Interactive,3,IFE
tmp_pre,b0,-0.014186317915716761,0.0049795783601525615,0.00438707467870384,Interactive,3,IFE
tmp_pre,b1,0.0034401463069541065,0.005157351479669972,0.5047482461688872,Interactive,3,IFE
tmp_pre,b2,-0.00615773193200042,0.0050293203231415815,0.22081395508600868,Interactive,3,IFE
tmp_pre,b3,0.0018544751060237269,0.005180557980015938,0.7203670983447692,Interactive,3,IFE
tmp2_pre,sum,4.3311363008592544e-4,3.02572598566708e-4,0.15230499421502494,Interactive,3,IFE
tmp2_pre,b0,4.5828018921729535e-4,1.332293094004279e-4,5.821763188151131e-4,Interactive,3,IFE
tmp2_pre,b1,-1.6115701565196618e-4,1.368100420690309e-4,0.2388117999181924,Interactive,3,IFE
tmp2_pre,b2,1.6257164455346269e-4,1.3382067610440327e-4,0.22442445786415735,Interactive,3,IFE
tmp2_pre,b3,-2.6581188032866433e-5,1.3799212004407053e-4,0.847250076758583,Interactive,3,IFE
pre2_tmp,sum,0.004607337850864325,0.005130000096541051,0.36912343089555655,Interactive,3,IFE
pre2_tmp,b0,0.005470365213736786,0.0021860933777728816,0.012337277723250703,Interactive,3,IFE
pre2_tmp,b1,-0.0012871636737728552,0.0022605048527492293,0.5690750490055794,Interactive,3,IFE
pre2_tmp,b2,0.001104960841080546,0.002238713937915312,0.6216102699106687,Interactive,3,IFE
pre2_tmp,b3,-6.808245301801519e-4,0.0022815831144233608,0.7653978459704056,Interactive,3,IFE
tmp2_pre2,sum,-1.2760326850814115e-4,1.1706420084162576e-4,0.2757007658342178,Interactive,3,IFE
tmp2_pre2,b0,-1.4751044565587134e-4,5.1103647394931455e-5,0.0038955838049237225,Interactive,3,IFE
tmp2_pre2,b1,5.2457735957881405e-5,5.265014922430172e-5,0.31908233389695645,Interactive,3,IFE
tmp2_pre2,b2,-2.9783376047434368e-5,5.2403758001722634e-5,0.5698012182989916,Interactive,3,IFE
tmp2_pre2,b3,-2.767182762716858e-6,5.3291178417911144e-5,0.9585878810122118,Interactive,3,IFE
tmp,sum,0.007395602197947086,0.011155012381324521,0.5073403725679871,Interactive,4,AFE
tmp,b0,0.01562579800647156,0.003984263372905863,8.786119129387936e-5,Interactive,4,AFE
tmp,b1,-0.009213506462384068,0.00509808147461307,0.07072334735557761,Interactive,4,AFE
tmp,b2,0.0011523208245644795,0.003543315180843155,0.7450222914489161,Interactive,4,AFE
tmp,b3,-0.001022771581354995,0.002894182969966173,0.7237970499105573,Interactive,4,AFE
tmp,b4,8.537614106501117e-4,0.0033805324866267757,0.800614158637471,Interactive,4,AFE
tmp2,sum,-2.904812744422306e-4,3.1868808614728724e-4,0.3620368046733617,Interactive,4,AFE
tmp2,b0,-5.868869143311342e-4,1.4717061388608063e-4,6.668896040495279e-5,Interactive,4,AFE
tmp2,b1,3.440913841929225e-4,1.692102692147055e-4,0.04200066068792617,Interactive,4,AFE
tmp2,b2,1.8265969243658297e-5,1.1636228029964555e-4,0.875264548936168,Interactive,4,AFE
tmp2,b3,-8.15606749367221e-5,1.1319127642931357e-4,0.47118261626915997,Interactive,4,AFE
tmp2,b4,1.5608961389044864e-5,1.481545910899257e-4,0.9160934020286545,Interactive,4,AFE
pre,sum,0.06983622430827462,0.11512340251679724,0.5441027444964139,Interactive,4,AFE
pre,b0,0.07324428152004525,0.04108639497934297,0.07463687499856207,Interactive,4,AFE
pre,b1,-0.04057793053561211,0.04264117408605919,0.34129287037568107,Interactive,4,AFE
pre,b2,0.04749477004467453,0.041795048104013605,0.2558004322713656,Interactive,4,AFE
pre,b3,-0.04285647260944318,0.03627877247782125,0.23747964112483555,Interactive,4,AFE
pre,b4,0.03253157588861013,0.04189823989344063,0.4374877341659546,Interactive,4,AFE
pre2,sum,0.007556178966703746,0.06201264009012179,0.9030185966350374,Interactive,4,AFE
pre2,b0,-0.04251239163133074,0.02542964049801443,0.09457060365555109,Interactive,4,AFE
pre2,b1,0.01844147231060852,0.022471081031626965,0.4118309611146132,Interactive,4,AFE
pre2,b2,-0.0075738525207134436,0.020479821264960237,0.7115164295912116,Interactive,4,AFE
pre2,b3,0.031990714381817026,0.02265200894362448,0.15787097372483325,Interactive,4,AFE
pre2,b4,0.007210236426322386,0.023755161609939963,0.7614913700357362,Interactive,4,AFE
tmp_pre,sum,-0.009222422445219584,0.010695161086798752,0.3885232222746775,Interactive,4,AFE
tmp_pre,b0,-0.010879987181130162,0.004471281380879743,0.014961730409386734,Interactive,4,AFE
tmp_pre,b1,0.009421396903064589,0.004126403222753773,0.022418689081293595,Interactive,4,AFE
tmp_pre,b2,-0.0054272990084921775,0.004166447317710264,0.19270441122382162,Interactive,4,AFE
tmp_pre,b3,-4.122956499359395e-4,0.003496119736516946,0.9061235192924929,Interactive,4,AFE
tmp_pre,b4,-0.0019242375087258946,0.0037532100807851046,0.608167396942842,Interactive,4,AFE
tmp2_pre,sum,2.638301729430449e-4,2.981586166656089e-4,0.37622935905685223,Interactive,4,AFE
tmp2_pre,b0,3.787067781920916e-4,1.354119038806808e-4,0.00516270847101732,Interactive,4,AFE
tmp2_pre,b1,-3.355891115144006e-4,1.230485508246934e-4,0.006385684361129461,Interactive,4,AFE
tmp2_pre,b2,1.2970066920880603e-4,1.2127918230489449e-4,0.28487196947340826,Interactive,4,AFE
tmp2_pre,b3,8.249718354738938e-5,1.0055391033851659e-4,0.4119724989285473,Interactive,4,AFE
tmp2_pre,b4,8.514653509158547e-6,1.1439177719639394e-4,0.9406649446916964,Interactive,4,AFE
pre2_tmp,sum,8.32268719902581e-5,0.005176199520637579,0.9871715580533732,Interactive,4,AFE
pre2_tmp,b0,0.004614659819344122,0.0023197127960205995,0.04666547695490077,Interactive,4,AFE
pre2_tmp,b1,-0.0033987009694298066,0.0018678321654489575,0.06882046703597189,Interactive,4,AFE
pre2_tmp,b2,8.439431136948612e-4,0.0017184106698921906,0.6233427021470188,Interactive,4,AFE
pre2_tmp,b3,-9.635761652359652e-4,0.001987812293568644,0.6278593488436632,Interactive,4,AFE
pre2_tmp,b4,-0.0010130989263829532,0.0018829589993932727,0.5905524891353862,Interactive,4,AFE
tmp2_pre2,sum,-1.776888547771347e-5,1.1657433169493169e-4,0.8788514496025389,Interactive,4,AFE
tmp2_pre2,b0,-1.2912399927891063e-4,5.551011104959368e-5,0.02001136228989979,Interactive,4,AFE
tmp2_pre2,b1,1.099174495090057e-4,4.334056737587338e-5,0.01120841097048036,Interactive,4,AFE
tmp2_pre2,b2,-1.9218841621820143e-5,3.9856255579446034e-5,0.6296611112306921,Interactive,4,AFE
tmp2_pre2,b3,-1.1407007710825374e-5,4.671084820866064e-5,0.8070723031354368,Interactive,4,AFE
tmp2_pre2,b4,3.206351362483697e-5,4.11192791094078e-5,0.43552722182179787,Interactive,4,AFE
tmp,sum,0.02061356845673541,0.009872749870782859,0.036804534998211715,Interactive,4,IFE
tmp,b0,0.020488328018294436,0.003905118895399699,1.549896343998409e-7,Interactive,4,IFE
tmp,b1,-0.002811358175384215,0.003946577138154807,0.4762458808012154,Interactive,4,IFE
tmp,b2,0.0034997583698845734,0.003942349339170172,0.37468374023288753,Interactive,4,IFE
tmp,b3,-0.0019517076879582808,0.0038674348691753817,0.6138034714200552,Interactive,4,IFE
tmp,b4,0.0013885479318988972,0.003923695433717925,0.7234229728485857,Interactive,4,IFE
tmp2,sum,-5.38454800280552e-4,2.9737743103329096e-4,0.0701906955879876,Interactive,4,IFE
tmp2,b0,-6.732944295596748e-4,1.241370148844255e-4,5.8344929817193384e-8,Interactive,4,IFE
tmp2,b1,2.3314614327224757e-4,1.25024363565662e-4,0.06220864690393364,Interactive,4,IFE
tmp2,b2,-8.246212364611332e-5,1.2608710040731876e-4,0.5131058785295115,Interactive,4,IFE
tmp2,b3,-2.8492758330629896e-5,1.2429761016277257e-4,0.8186900494113273,Interactive,4,IFE
tmp2,b4,1.2648367983618422e-5,1.257838649099532e-4,0.9199026383089717,Interactive,4,IFE
pre,sum,0.11746280435205589,0.14178730754887617,0.40741925602248696,Interactive,4,IFE
pre,b0,0.10001041778562407,0.05194055707352097,0.05416954276392205,Interactive,4,IFE
pre,b1,-0.01658538132584257,0.05286345184279211,0.7537184899886605,Interactive,4,IFE
pre,b2,0.054724157621857034,0.054189810926835426,0.3125620581984193,Interactive,4,IFE
pre,b3,-0.0554420963526238,0.05345367854248024,0.29964317265121565,Interactive,4,IFE
pre,b4,0.03475570662304116,0.05217635780879345,0.5053345101718106,Interactive,4,IFE
pre2,sum,-0.01710296321967693,0.07041323904429606,0.808087404408722,Interactive,4,IFE
pre2,b0,-0.045294234897359724,0.024999654986725014,0.07001797078859924,Interactive,4,IFE
pre2,b1,0.01059800993150294,0.025608983333702692,0.6789916230886088,Interactive,4,IFE
pre2,b2,-0.011698930871656195,0.02625261957564434,0.6558651966373581,Interactive,4,IFE
pre2,b3,0.032639632421649724,0.0260900189541899,0.21092023219372746,Interactive,4,IFE
pre2,b4,-0.003347439803813679,0.025478713536529977,0.895473268040649,Interactive,4,IFE
tmp_pre,sum,-0.011158024962420406,0.01339804891517207,0.40495206894060254,Interactive,4,IFE
tmp_pre,b0,-0.013830722375329372,0.005064334018772568,0.006314148159417078,Interactive,4,IFE
tmp_pre,b1,0.006329141149275991,0.005087862571442492,0.21351112911618483,Interactive,4,IFE
tmp_pre,b2,-0.006734666392309803,0.0052618186551317185,0.20057598293467893,Interactive,4,IFE
tmp_pre,b3,0.0023022976974878904,0.00515163616264365,0.6549428494309144,Interactive,4,IFE
tmp_pre,b4,7.759249584548883e-4,0.005085807267464872,0.8787399673903151,Interactive,4,IFE
tmp2_pre,sum,2.5361184315005986e-4,3.481104178154565e-4,0.4662840072547244,Interactive,4,IFE
tmp2_pre,b0,4.446018119777752e-4,1.3565856844318037e-4,0.0010478309979935307,Interactive,4,IFE
tmp2_pre,b1,-2.580011336124244e-4,1.3485569600224913e-4,0.05572699339928816,Interactive,4,IFE
tmp2_pre,b2,1.6862537616134935e-4,1.3951913107613232e-4,0.22680951936769791,Interactive,4,IFE
tmp2_pre,b3,3.878649862068027e-6,1.368477670308473e-4,0.9773887391775955,Interactive,4,IFE
tmp2_pre,b4,-1.0549286123870829e-4,1.3646977933630443e-4,0.43951491382573993,Interactive,4,IFE
pre2_tmp,sum,0.001979135275503854,0.006050546735988963,0.7435920720427419,Interactive,4,IFE
pre2_tmp,b0,0.004954430589364006,0.002197503110382583,0.024160160676327598,Interactive,4,IFE
pre2_tmp,b1,-0.002344167025535864,0.0022377117387394046,0.2948352535608966,Interactive,4,IFE
pre2_tmp,b2,0.0014676301106171328,0.0023202483168905034,0.5270396423804335,Interactive,4,IFE
pre2_tmp,b3,-0.0013353981607762799,0.0022863947004839783,0.5591780408595437,Interactive,4,IFE
pre2_tmp,b4,-7.633602381651404e-4,0.002250414550486376,0.7344525010080821,Interactive,4,IFE
tmp2_pre2,sum,-5.118754220764862e-5,1.364930246993748e-4,0.7076459843478808,Interactive,4,IFE
tmp2_pre2,b0,-1.3591679047486767e-4,5.1281072030060016e-5,0.00803898538416732,Interactive,4,IFE
tmp2_pre2,b1,8.21598580593387e-5,5.17498777065037e-5,0.11236915710032987,Interactive,4,IFE
tmp2_pre2,b2,-3.708902083432041e-5,5.402207738752681e-5,0.4923644368459933,Interactive,4,IFE
tmp2_pre2,b3,5.574205261687392e-7,5.294211057999291e-5,0.9915993335068299,Interactive,4,IFE
tmp2_pre2,b4,3.910099051603202e-5,5.2616835300925026e-5,0.4574047995970844,Interactive,4,IFE
tmp,sum,0.012590940687657978,0.010223125527065004,0.21809344892115298,Interactive,5,AFE
tmp,b0,0.0167599128189785,0.004069138881959154,3.8087342034030686e-5,Interactive,5,AFE
tmp,b1,-0.011042938357054825,0.00398313775672966,0.005564086896785758,Interactive,5,AFE
tmp,b2,0.002062471300868264,0.0035878399442469586,0.565392463400002,Interactive,5,AFE
tmp,b3,9.42199952302979e-4,0.0030919969351215497,0.760577778564636,Interactive,5,AFE
tmp,b4,0.0016211900843634461,0.0034039666700893317,0.6338856182410786,Interactive,5,AFE
tmp,b5,0.0022481048881996123,0.0052179399877232925,0.6665836503011342,Interactive,5,AFE
tmp2,sum,-3.8716308101093027e-4,2.949722731250116e-4,0.18933780045916446,Interactive,5,AFE
tmp2,b0,-6.254229911902705e-4,1.4399589206420124e-4,1.4033325426572169e-5,Interactive,5,AFE
tmp2,b1,3.878874764492185e-4,1.4865534187565174e-4,0.009072571443366232,Interactive,5,AFE
tmp2,b2,-8.736137293526393e-6,1.1877822694068155e-4,0.9413684662307843,Interactive,5,AFE
tmp2,b3,-1.292179008702361e-4,1.1825838407416706e-4,0.27453681328775725,Interactive,5,AFE
tmp2,b4,-6.5173210645432145e-6,1.4592780107246668e-4,0.96437730417173,Interactive,5,AFE
tmp2,b5,-5.156207041572525e-6,1.7081348747073898e-4,0.9759185685804873,Interactive,5,AFE
pre,sum,0.3210843988348205,0.14871268571419213,0.030843015157682865,Interactive,5,AFE
pre,b0,0.09563065979081664,0.04258081899213257,0.02471282373726303,Interactive,5,AFE
pre,b1,-0.061108783188520976,0.04076263521831783,0.13383804045152198,Interactive,5,AFE
pre,b2,0.06220482771194577,0.040291282162274684,0.12261786907543323,Interactive,5,AFE
pre,b3,0.0020348263554772206,0.03711964947020994,0.9562834297577263,Interactive,5,AFE
pre,b4,0.036806475091010815,0.04008768971317457,0.35854082717513436,Interactive,5,AFE
pre,b5,0.185516393074091,0.04553277283795297,4.614330343786796e-5,Interactive,5,AFE
pre2,sum,-0.1130730944049281,0.0794739296746881,0.15480294477773537,Interactive,5,AFE
pre2,b0,-0.050611410156807646,0.02401844598419249,0.03510118207532015,Interactive,5,AFE
pre2,b1,0.027906857333253765,0.02280460742262393,0.22105120123919475,Interactive,5,AFE
pre2,b2,-0.018921520357979282,0.021162274896345565,0.37126003734717833,Interactive,5,AFE
pre2,b3,0.014966896389542517,0.023216815108217936,0.5191490965878574,Interactive,5,AFE
pre2,b4,8.469679200888008e-4,0.023459907652781182,0.9712004044560358,Interactive,5,AFE
pre2,b5,-0.08726088553302626,0.02539432540390368,5.898577356612415e-4,Interactive,5,AFE
tmp_pre,sum,-0.030974335019105893,0.013017800338328934,0.017341639279682897,Interactive,5,AFE
tmp_pre,b0,-0.013422800534916176,0.004636606210799959,0.003792039797560601,Interactive,5,AFE
tmp_pre,b1,0.010939855397716844,0.0038271964558151926,0.004257141994700126,Interactive,5,AFE
tmp_pre,b2,-0.006185772281197099,0.0038916812575593438,0.11195074675692042,Interactive,5,AFE
tmp_pre,b3,-0.005151181142135308,0.0037075948476695186,0.16472353967142478,Interactive,5,AFE
tmp_pre,b4,-0.0018196273047855968,0.0036677722249239255,0.6198151065137123,Interactive,5,AFE
tmp_pre,b5,-0.015334809153788556,0.00424838963887299,3.0671909381812184e-4,Interactive,5,AFE
tmp2_pre,sum,7.400357812722142e-4,3.434519762431885e-4,0.03118536156888977,Interactive,5,AFE
tmp2_pre,b0,4.4688285675983e-4,1.380468031336868e-4,0.0012071568992653527,Interactive,5,AFE
tmp2_pre,b1,-3.625380396636358e-4,1.1789304408645152e-4,0.0021040122626758665,Interactive,5,AFE
tmp2_pre,b2,1.3902554251627645e-4,1.1545174356388351e-4,0.22851712940755375,Interactive,5,AFE
tmp2_pre,b3,1.9764156426826994e-4,1.0961172057092504e-4,0.07137155008647582,Interactive,5,AFE
tmp2_pre,b4,-3.2649380048262655e-6,1.1512431204346721e-4,0.977374940030811,Interactive,5,AFE
tmp2_pre,b5,3.2228879539629993e-4,1.1519373298805792e-4,0.005145228019047978,Interactive,5,AFE
pre2_tmp,sum,0.009855794948396474,0.00640691223608903,0.12397368316342192,Interactive,5,AFE
pre2_tmp,b0,0.005386524207279499,0.0022251294765856283,0.015487720404887207,Interactive,5,AFE
pre2_tmp,b1,-0.0042143957007935474,0.0018300984208055161,0.021288712701421394,Interactive,5,AFE
pre2_tmp,b2,0.0015881657568935625,0.0017486450108493065,0.36375856019517666,Interactive,5,AFE
pre2_tmp,b3,5.466498688763248e-4,0.0020938166095546213,0.794032203689373,Interactive,5,AFE
pre2_tmp,b4,-6.052435206361506e-4,0.0018585595020467222,0.7446877045768863,Interactive,5,AFE
pre2_tmp,b5,0.007154094336776785,0.0020657385777114335,5.337641035855308e-4,Interactive,5,AFE
tmp2_pre2,sum,-2.1628337863036575e-4,1.372199474297252e-4,0.11498425601849645,Interactive,5,AFE
tmp2_pre2,b0,-1.4748418477097722e-4,5.394221784442409e-5,0.006254834315628117,Interactive,5,AFE
tmp2_pre2,b1,1.2772908163442717e-4,4.0569157841373046e-5,0.0016415102908526756,Interactive,5,AFE
tmp2_pre2,b2,-3.1261935223772026e-5,4.0134809357273054e-5,0.4360249406405011,Interactive,5,AFE
tmp2_pre2,b3,-4.3782474289619144e-5,5.0352322175098294e-5,0.38456143690265876,Interactive,5,AFE
tmp2_pre2,b4,2.643370633133829e-5,4.081078951179065e-5,0.5171701597514704,Interactive,5,AFE
tmp2_pre2,b5,-1.4791757231176283e-4,4.491997113428838e-5,9.915503044843857e-4,Interactive,5,AFE
tmp,sum,0.023360832404349854,0.010448185423000456,0.02535998654416617,Interactive,5,IFE
tmp,b0,0.0202930245568646,0.003841722996633939,1.2759180345738942e-7,Interactive,5,IFE
tmp,b1,-0.005035592783964153,0.003943405160693222,0.20161438812470606,Interactive,5,IFE
tmp,b2,0.004286338219661907,0.0038999047220435908,0.27172971283445424,Interactive,5,IFE
tmp,b3,1.2474075436097421e-4,0.003794430003540005,0.9737745070338046,Interactive,5,IFE
tmp,b4,8.059378380455865e-4,0.003904276094760011,0.8364594152470177,Interactive,5,IFE
tmp,b5,0.0028863838193809383,0.003935150489616293,0.4632611297050923,Interactive,5,IFE
tmp2,sum,-6.413153502272846e-4,3.1453912617380477e-4,0.04145952466497289,Interactive,5,IFE
tmp2,b0,-7.244701990953256e-4,1.222589632884315e-4,3.109658183890907e-9,Interactive,5,IFE
tmp2,b1,3.0128300083622926e-4,1.248441356943934e-4,0.015809966079472312,Interactive,5,IFE
tmp2,b2,-9.816160181976848e-5,1.2425732772270868e-4,0.4295356976257625,Interactive,5,IFE
tmp2,b3,-7.884735455014998e-5,1.2139103486116893e-4,0.5159946075342783,Interactive,5,IFE
tmp2,b4,2.7685510669356604e-5,1.2533827854701693e-4,0.8251809521051474,Interactive,5,IFE
tmp2,b5,-6.880470626762644e-5,1.2540982570588555e-4,0.5832532985663929,Interactive,5,IFE
pre,sum,0.41889727596263315,0.15120979126330192,0.005600378309590986,Interactive,5,IFE
pre,b0,0.10945158012476969,0.052427382779406374,0.036826741737269124,Interactive,5,IFE
pre,b1,-0.01995183011601892,0.052073487634026264,0.7016103519979389,Interactive,5,IFE
pre,b2,0.09143524060077113,0.052719597322877385,0.0828526139375389,Interactive,5,IFE
pre,b3,0.011277319795289287,0.05335557169633098,0.8326051070096223,Interactive,5,IFE
pre,b4,0.055919576512423436,0.05123797480047672,0.27511021092458116,Interactive,5,IFE
pre,b5,0.17076538904539854,0.05176937324355758,9.717538747388683e-4,Interactive,5,IFE
pre2,sum,-0.179570875125449,0.07357823508465063,0.014665184188072848,Interactive,5,IFE
pre2,b0,-0.051011300531009635,0.024894530096262867,0.040452655951524814,Interactive,5,IFE
pre2,b1,0.00612008054505464,0.025336472337983182,0.8091271668788425,Interactive,5,IFE
pre2,b2,-0.032568833543881334,0.02543965336804613,0.20046113300424773,Interactive,5,IFE
pre2,b3,-3.034175645616616e-4,0.025647862288237504,0.9905611414800469,Interactive,5,IFE
pre2,b4,-0.017571896642610732,0.025007620315741712,0.48226661041054186,Interactive,5,IFE
pre2,b5,-0.08423550738844028,0.025154495324415056,8.118409881872744e-4,Interactive,5,IFE
tmp_pre,sum,-0.03634387074620559,0.014484660820527084,0.012102955499584499,Interactive,5,IFE
tmp_pre,b0,-0.015222957363094619,0.005050187945827473,0.0025754341106338638,Interactive,5,IFE
tmp_pre,b1,0.006423150441204062,0.0049848913458985745,0.19756373825186183,Interactive,5,IFE
tmp_pre,b2,-0.008752617494260286,0.005081850091370164,0.08500994762686033,Interactive,5,IFE
tmp_pre,b3,-0.003617900665988716,0.005173449418653067,0.4843515855248036,Interactive,5,IFE
tmp_pre,b4,-0.0017403093273140862,0.0049673223015060134,0.7260748431755771,Interactive,5,IFE
tmp_pre,b5,-0.013433236336751945,0.005011653619928775,0.007353423297523592,Interactive,5,IFE
tmp2_pre,sum,0.00078210356293726465,3.7819825205460673e-4,0.038642614530217535,Interactive,5,IFE
tmp2_pre,b0,4.916265532879311e-4,1.3422618953127705e-4,2.495977075013888e-4,Interactive,5,IFE
tmp2_pre,b1,-2.551590759579183e-4,1.3223210817291315e-4,0.05365266791593118,Interactive,5,IFE
tmp2_pre,b2,1.9186785218433294e-4,1.3438715003680527e-4,0.15337111660247574,Interactive,5,IFE
tmp2_pre,b3,1.2760824397189686e-4,1.3729167421678442e-4,0.3526465029736154,Interactive,5,IFE
tmp2_pre,b4,-3.956413232176635e-5,1.327607964639742e-4,0.7656950290477678,Interactive,5,IFE
tmp2_pre,b5,2.6572412177278836e-4,1.3366962664148767e-4,0.04682087143975798,Interactive,5,IFE
pre2_tmp,sum,0.014977730158741195,0.006343730224762963,0.01822431215867672,Interactive,5,IFE
pre2_tmp,b0,0.005484052594386661,0.0021737372745221036,0.01164020272210243,Interactive,5,IFE
pre2_tmp,b1,-0.002057580069133296,0.0022082696648199145,0.3514599326437476,Interactive,5,IFE
pre2_tmp,b2,0.0027767801608979507,0.002233952926442033,0.21387168131937717,Interactive,5,IFE
pre2_tmp,b3,0.0015121618552973084,0.002263174998815555,0.5040317903645066,Interactive,5,IFE
pre2_tmp,b4,5.595508331854432e-4,0.002207386611577501,0.7998894473570332,Interactive,5,IFE
pre2_tmp,b5,0.006702764784107128,0.0022093770373336065,0.0024151014714461896,Interactive,5,IFE
tmp2_pre2,sum,-3.1142394462797807e-4,1.4339344488168893e-4,0.029869667099216072,Interactive,5,IFE
tmp2_pre2,b0,-1.499597418208741e-4,5.030658965052533e-5,0.0028738716626440677,Interactive,5,IFE
tmp2_pre2,b1,7.78681189241504e-5,5.085614568445658e-5,0.12573362959249929,Interactive,5,IFE
tmp2_pre2,b2,-5.575515243291256e-5,5.166063720228949e-5,0.2804727610152916,Interactive,5,IFE
tmp2_pre2,b3,-5.910784682906087e-5,5.261608754062955e-5,0.2612762499085447,Interactive,5,IFE
tmp2_pre2,b4,9.557466255121985e-6,5.1420265829514304e-5,0.8525469917279639,Interactive,5,IFE
tmp2_pre2,b5,-1.3402678872440294e-4,5.121606963833446e-5,0.00887350929351516,Interactive,5,IFE
