term,estimate,std.error,statistic,p.value,nobs,spec,L,estimator
tmp,0.010594819461893161,0.002518533132187537,4.206742141482474,2.628343883457339e-5,6456,Direct,0,AFE
tmp2,-4.0453337302582615e-4,9.207661215289264e-5,-4.393443281276476,1.1347994505283846e-5,6456,Direct,0,AFE
pre,0.018494200719385716,0.00774352709861713,2.3883432554511863,0.016955104785768182,6456,Direct,0,AFE
pre2,-0.004580901417516843,0.0014860223645243552,-3.0826598084094745,0.0020608585032702745,6456,Direct,0,AFE
tmp,0.007218634951529396,0.002288951209091157,3.153686685351236,0.0016122207395588724,6456,Direct,0,IFE
tmp2,-2.959179505940668e-4,8.328990787868036e-5,-3.552866825415383,3.8105732347670974e-4,6456,Direct,0,IFE
pre,0.013314465596281666,0.007074408218415165,1.8820606876520367,0.059827776218494,6456,Direct,0,IFE
pre2,-0.0033659147633933384,0.0015681933457364898,-2.146364651109116,0.03184389724868386,6456,Direct,0,IFE
tmp,0.006755962566753616,0.004292574910754296,1.5738717919232423,0.11557065595293319,6334,Direct,1,AFE
tmp2,-2.5097866848662874e-4,1.4748571929595848e-4,-1.7017150520383044,0.08886142925955101,6334,Direct,1,AFE
pre,0.011974546648121054,0.01031030471228528,1.161415397728521,0.24551994652849612,6334,Direct,1,AFE
pre2,-0.003989353320206192,0.00201553975783331,-1.9792977561974345,0.04782885639257362,6334,Direct,1,AFE
d1_tmp,0.004952180982093392,0.00306708317409322,1.6146223304027285,0.1064459250921584,6334,Direct,1,AFE
d1_tmp2,-1.8817482280415824e-4,1.0514367616545888e-4,-1.7896922541307931,0.07355461454675365,6334,Direct,1,AFE
d1_pre,0.003950003856029975,0.008176501857062845,0.4830921493178614,0.6290482151557266,6334,Direct,1,AFE
d1_pre2,-1.365250155141072e-4,0.0016495919511146308,-0.08276290110524431,0.9340428732402535,6334,Direct,1,AFE
tmp,0.004095159107085712,0.0031164583851087395,1.3140426089606916,0.1888318657436062,6334,Direct,1,IFE
tmp2,-2.052361742495895e-4,1.1039535684275413e-4,-1.8591015067954852,0.06301275175009645,6334,Direct,1,IFE
pre,0.0038692856798174225,0.009773122796119749,0.3959108834029647,0.6921707719245703,6334,Direct,1,IFE
pre2,-0.0020393902973610567,0.002094770581243776,-0.9735626018531169,0.3302737628825652,6334,Direct,1,IFE
d1_tmp,0.004584773098340233,0.002338181849738421,1.9608282815355633,0.04989905773788279,6334,Direct,1,IFE
d1_tmp2,-1.7255387565170448e-4,8.229139439703032e-5,-2.096864160779508,0.03600560191450453,6334,Direct,1,IFE
d1_pre,0.008539163793739847,0.00699866421944036,1.2201133710659249,0.22242190044804253,6334,Direct,1,IFE
d1_pre2,-0.0012942451345415121,0.0015594211121859212,-0.8299522973158301,0.4065657547612477,6334,Direct,1,IFE
tmp,0.005533267781538951,0.005087597386935073,1.0875993835023892,0.27681734467420593,6212,Direct,2,AFE
tmp2,-1.8807988581128447e-4,1.6185594745947077e-4,-1.1620202331976726,0.24527521750519593,6212,Direct,2,AFE
pre,0.003656087569708208,0.013530231754365898,0.27021618225633653,0.7870035895838394,6212,Direct,2,AFE
pre2,-0.0025762387930897625,0.0024692519380502508,-1.0433276383794152,0.2968402009792789,6212,Direct,2,AFE
d1_tmp,0.006306739433471938,0.003850943681949004,1.6377127152064785,0.10153606107913885,6212,Direct,2,AFE
d1_tmp2,-2.4354242944152964e-4,1.1879885626678619e-4,-2.050040186368522,0.04040551987720294,6212,Direct,2,AFE
d1_pre,0.013391778600443476,0.012277896373337314,1.0907225629892976,0.27544043795957246,6212,Direct,2,AFE
d1_pre2,-0.0017813373281463571,0.0022225353359322463,-0.8014888669471579,0.4228816280227651,6212,Direct,2,AFE
d2_tmp,0.0016649498217147826,0.002046114728188097,0.8137128376907542,0.41584299135389513,6212,Direct,2,AFE
d2_tmp2,-8.346001221051621e-5,7.975740520947962e-5,-1.0464233633392641,0.2954093601429897,6212,Direct,2,AFE
d2_pre,0.009353498761565332,0.007879217951399455,1.1871100430600507,0.2352329944911129,6212,Direct,2,AFE
d2_pre2,-0.0017291702697589944,0.0014516991368616191,-1.1911354259652114,0.23364932684905057,6212,Direct,2,AFE
tmp,0.0052344679442358055,0.0035678569186298054,1.4671182347318017,0.14234389451525806,6212,Direct,2,IFE
tmp2,-2.4681558832621907e-4,1.2738320840293216e-4,-1.9375833865442014,0.05267407096853139,6212,Direct,2,IFE
pre,-0.006745227314005031,0.011577936853987315,-0.5825932028366563,0.5601671822341228,6212,Direct,2,IFE
pre2,-6.885514407380847e-5,0.002519346469739538,-0.027330557706470218,0.978196084441553,6212,Direct,2,IFE
d1_tmp,0.006263273711702674,0.0030310004008157797,2.066404778441119,0.038790275122663885,6212,Direct,2,IFE
d1_tmp2,-2.1085310364590324e-4,1.0912721836495534e-4,-1.9321770205921032,0.05333766044904366,6212,Direct,2,IFE
d1_pre,0.017920167262733037,0.009380361858911586,1.910391894499082,0.05608277369565769,6212,Direct,2,IFE
d1_pre2,-0.0031173889712681198,0.0020391067974986224,-1.5288012256602885,0.1263137284532635,6212,Direct,2,IFE
d2_tmp,0.0030094495945032955,0.002284401595979751,1.3173907774357778,0.1877076707110308,6212,Direct,2,IFE
d2_tmp2,-4.324870608532599e-5,8.369081793175308e-5,-0.5167676353766048,0.6053183753453297,6212,Direct,2,IFE
d2_pre,0.010000945304129266,0.006819354519600115,1.4665530697054474,0.14249767451653592,6212,Direct,2,IFE
d2_pre2,-0.0023336987314059384,0.0015433365152664224,-1.512112691121727,0.13050519681776293,6212,Direct,2,IFE
tmp,0.002856071528340329,0.006122501087889981,0.46648771267505434,0.6408844068126457,6090,Direct,3,AFE
tmp2,-1.6125333868086353e-4,1.8871420935245473e-4,-0.8544843508826433,0.3928728668204373,6090,Direct,3,AFE
pre,0.007040272722528048,0.01620908174624761,0.4343412435536557,0.664057226512891,6090,Direct,3,AFE
pre2,-0.0026532376288955378,0.0028979190817361947,-0.9155664992916006,0.35993334126776744,6090,Direct,3,AFE
d1_tmp,0.00790701871349706,0.004854609480586179,1.628765144779949,0.1034184377527479,6090,Direct,3,AFE
d1_tmp2,-2.2978375252541053e-4,1.5266158325423225e-4,-1.5051838689681625,0.132332650668386,6090,Direct,3,AFE
d1_pre,0.008538688286098885,0.014409218795650009,0.592585094805877,0.5534825464436924,6090,Direct,3,AFE
d1_pre2,-0.0014137685379601841,0.002537998783304949,-0.557040668127978,0.5775216847552984,6090,Direct,3,AFE
d2_tmp,0.0034759587955644424,0.003008474886292561,1.1553890017170714,0.24797997005041036,6090,Direct,3,AFE
d2_tmp2,-6.618196769497723e-5,9.835541941069533e-5,-0.6728858266429241,0.5010474199894956,6090,Direct,3,AFE
d2_pre,0.0073404095431914675,0.011081145372045227,0.662423359385697,0.5077269276119831,6090,Direct,3,AFE
d2_pre2,-0.0017808621441142353,0.002058416427234166,-0.8651612572423587,0.3869869794601739,6090,Direct,3,AFE
d3_tmp,0.0019492696386235917,0.0019462034397143622,1.0015754770784289,0.3165915165018976,6090,Direct,3,AFE
d3_tmp2,1.3728912597005912e-5,7.716255487268024e-5,0.17792195475718622,0.8587906401759895,6090,Direct,3,AFE
d3_pre,0.002527417081339059,0.00681221465584569,0.3710125427668717,0.7106420848888315,6090,Direct,3,AFE
d3_pre2,-7.997502917713758e-4,0.0013747383655708825,-0.5817472704628175,0.5607601106809422,6090,Direct,3,AFE
tmp,0.010542661586701411,0.0044179602409717056,2.3863188013621897,0.017017991390081193,6090,Direct,3,IFE
tmp2,-2.7856033654724517e-4,1.5603637283408185e-4,-1.7852269409225932,0.074224513735274,6090,Direct,3,IFE
pre,0.004478832068956665,0.014627687500203969,0.3061886623496853,0.7594610042670978,6090,Direct,3,IFE
pre2,-0.0012923641217389805,0.003138317297987901,-0.41180161182795827,0.6804848398821257,6090,Direct,3,IFE
d1_tmp,0.0019228777565066934,0.0036544714488252264,0.5261712352753024,0.5987692378379526,6090,Direct,3,IFE
d1_tmp2,-1.2195415302981925e-4,1.3348641761173191e-4,-0.9136072059746466,0.3609232786169163,6090,Direct,3,IFE
d1_pre,0.006742390351712039,0.012263517214170972,0.5497925459688632,0.5824616718639697,6090,Direct,3,IFE
d1_pre2,-0.001636221441575038,0.0026419197120541448,-0.6193304944542934,0.5356986593749185,6090,Direct,3,IFE
d2_tmp,0.0017065596300220444,0.0030552500897612573,0.5585662645886373,0.5764577689055678,6090,Direct,3,IFE
d2_tmp2,-2.5666928654739e-5,1.1173743539224182e-4,-0.22970751534289385,0.8183190546576623,6090,Direct,3,IFE
d2_pre,0.0014734835122185675,0.009753913835697979,0.151065873354942,0.8799237526237287,6090,Direct,3,IFE
d2_pre2,-0.0010665842570631143,0.002105787641823498,-0.5065013374945586,0.6125047509884517,6090,Direct,3,IFE
d3_tmp,7.283595014664165e-4,0.0022221468483527205,0.3277728931399606,0.7430833842199529,6090,Direct,3,IFE
d3_tmp2,1.928722462397945e-5,8.215533011239958e-5,0.2347653475141774,0.8143908647921752,6090,Direct,3,IFE
d3_pre,-0.005421901889039983,0.00694064005602652,-0.7811818283721794,0.4346955597939853,6090,Direct,3,IFE
d3_pre2,5.923927215035824e-4,0.0015484301826373017,0.38257632029273236,0.702033930550527,6090,Direct,3,IFE
tmp,0.0013781191063192795,0.006663050917761817,0.2068300427729889,0.836150206157926,5968,Direct,4,AFE
tmp2,-1.0840769701527195e-4,1.9715714267201314e-4,-0.5498542712987929,0.5824415326590227,5968,Direct,4,AFE
pre,0.007879228941630536,0.01925691476927734,0.40916361920036803,0.6824354338256833,5968,Direct,4,AFE
pre2,-0.0021142844127518775,0.003503903625721725,-0.603408266492028,0.546261867590794,5968,Direct,4,AFE
d1_tmp,0.009338557460034345,0.005510825051517287,1.6945842723610276,0.09021060707048349,5968,Direct,4,AFE
d1_tmp2,-2.836948399980777e-4,1.5720636024383098e-4,-1.8046015412993464,0.07119142782761483,5968,Direct,4,AFE
d1_pre,0.009240320677894497,0.017900154134110755,0.5162145872412366,0.60572517927479,5968,Direct,4,AFE
d1_pre2,-0.0021702672450030084,0.003206952066378041,-0.676738286099214,0.49860032014499445,5968,Direct,4,AFE
d2_tmp,0.004927995192444782,0.0036366723718658017,1.3550836282555925,0.17544625306541384,5968,Direct,4,AFE
d2_tmp2,-1.1002454365011591e-4,1.2373914251537766e-4,-0.8891652343270653,0.3739529530331044,5968,Direct,4,AFE
d2_pre,0.0068724528542117025,0.014350436195511553,0.4789020180697524,0.6320272666694138,5968,Direct,4,AFE
d2_pre2,-0.0022520819453287788,0.0026401781046893626,-0.8530037959669216,0.3936941357866828,5968,Direct,4,AFE
d3_tmp,0.0032701702650506604,0.002944013299376697,1.1107865123241858,0.26670853852759396,5968,Direct,4,AFE
d3_tmp2,-2.690830192645423e-5,1.0142412401661155e-4,-0.26530475059412006,0.7907845922265135,5968,Direct,4,AFE
d3_pre,0.0027170575310613565,0.009861080672226578,0.27553344520483064,0.7829167270782891,5968,Direct,4,AFE
d3_pre2,-0.0012444580188674895,0.0018296167922465297,-0.6801741349014719,0.4964226757638851,5968,Direct,4,AFE
d4_tmp,0.0015702534590144356,0.0020137933868599627,0.779749039429947,0.4355719713864652,5968,Direct,4,AFE
d4_tmp2,-5.3337158367162e-5,9.980127846971173e-5,-0.5344336183363531,0.5930630456428125,5968,Direct,4,AFE
d4_pre,0.0014336999737897369,0.007009149679638659,0.20454691928674124,0.8379336568447828,5968,Direct,4,AFE
d4_pre2,-4.3200945607616714e-4,0.001342232580088731,-0.3218588659557111,0.7475717796293089,5968,Direct,4,AFE
tmp,0.012123806363820632,0.00508277337861638,2.385273837867024,0.017066412411798126,5968,Direct,4,IFE
tmp2,-3.305988182588946e-4,1.7644574663768192e-4,-1.8736570563967996,0.06097770845323187,5968,Direct,4,IFE
pre,0.008313628525014872,0.016934597005025732,0.4909256785117243,0.6234790144444817,5968,Direct,4,IFE
pre2,-0.001666628077351556,0.003587734737027197,-0.46453492231494425,0.642264545254009,5968,Direct,4,IFE
d1_tmp,6.278183650376603e-4,0.004272151430279031,0.14695601859708773,0.8831667354035138,5968,Direct,4,IFE
d1_tmp2,-7.512144985849289e-5,1.5453782151755757e-4,-0.4861039784358426,0.6268934463269342,5968,Direct,4,IFE
d1_pre,0.004790472232515072,0.014687269229282606,0.32616493629490445,0.7442995687798906,5968,Direct,4,IFE
d1_pre2,-0.0014657182682180597,0.0031231684501163404,-0.469304903539052,0.6388517107730285,5968,Direct,4,IFE
d2_tmp,2.827216455244479e-4,0.003705872083582121,0.07629017924740868,0.9391882388997084,5968,Direct,4,IFE
d2_tmp2,3.657020344885028e-5,1.360984589637495e-4,0.26870402300874646,0.7881574556988838,5968,Direct,4,IFE
d2_pre,-0.001497454313356678,0.01226011969365769,-0.12214026867383108,0.9027879308164176,5968,Direct,4,IFE
d2_pre2,-5.89435608071334e-4,0.002621793291269459,-0.2248215410551807,0.8221181076818898,5968,Direct,4,IFE
d3_tmp,-2.918663034719896e-4,0.0030696593735764616,-0.0950810067020355,0.9242504841762813,5968,Direct,4,IFE
d3_tmp2,5.5216430561094856e-5,1.1104953341241529e-4,0.49722343592415025,0.6190314965328781,5968,Direct,4,IFE
d3_pre,-0.007131212308577516,0.009749150347348514,-0.7314701337555019,0.46449204061043303,5968,Direct,4,IFE
d3_pre2,8.430107254242579e-4,0.0020808974759896773,0.4051188177943851,0.6853901749003157,5968,Direct,4,IFE
d4_tmp,-0.0012950821473221466,0.0023603845024937416,-0.5486742291155932,0.5832290348765757,5968,Direct,4,IFE
d4_tmp2,3.362224298569379e-5,8.528629042822087e-5,0.39422799159017397,0.6934127213325061,5968,Direct,4,IFE
d4_pre,-0.0018423530936043176,0.006910252276433351,-0.2666115533708456,0.7897682592354289,5968,Direct,4,IFE
d4_pre2,4.7314860480772057e-4,0.0015485829555556118,0.3055364926433411,0.7599575807357295,5968,Direct,4,IFE
tmp,-0.004568043836376608,0.005307412524259571,-0.860691309653547,0.3894462504365611,5846,Direct,5,AFE
tmp2,4.935842741194935e-5,1.822591452689425e-4,0.27081454452733117,0.7865440118144547,5846,Direct,5,AFE
pre,0.01191855742833481,0.021415677208709075,0.5565342301427625,0.5778687369353198,5846,Direct,5,AFE
pre2,-0.0028792212284382617,0.00385951729878328,-0.7460055249256019,0.4556965143699758,5846,Direct,5,AFE
d1_tmp,0.015247050105771603,0.004829657484061899,3.156963026071227,0.0016029822956040113,5846,Direct,5,AFE
d1_tmp2,-4.4376562140552257e-4,1.5280671938434082e-4,-2.904097563205708,0.0036980538498046626,5846,Direct,5,AFE
d1_pre,0.005770246393820832,0.019933437710530747,0.28947572805128524,0.7722284522634824,5846,Direct,5,AFE
d1_pre2,-0.0015800072923791305,0.0035331432282855227,-0.4471959358256296,0.6547515115098234,5846,Direct,5,AFE
d2_tmp,0.010306416079881989,0.004350444922039924,2.3690487443406845,0.017868846048480914,5846,Direct,5,AFE
d2_tmp2,-2.5552854136281356e-4,1.5553950778963822e-4,-1.642852963816801,0.10047151588695587,5846,Direct,5,AFE
d2_pre,0.001854619493368356,0.016293210244814796,0.11382775189797702,0.9093785656094908,5846,Direct,5,AFE
d2_pre2,-0.0010325105492220352,0.0029979931395313192,-0.344400571037814,0.7305584556298879,5846,Direct,5,AFE
d3_tmp,0.008712151110116605,0.00419755860319117,2.0755281661805127,0.03798478185299466,5846,Direct,5,AFE
d3_tmp2,-1.8085739448449624e-4,1.4883174958620554e-4,-1.2151801950009395,0.2243504408334342,5846,Direct,5,AFE
d3_pre,-0.001295979233700199,0.011827708259137565,-0.10957145757285505,0.9127533148223268,5846,Direct,5,AFE
d3_pre2,-2.69140971104911e-4,0.0021382318936813004,-0.1258708056409835,0.8998388732054834,5846,Direct,5,AFE
d4_tmp,0.006769384880177786,0.003988117711640295,1.697388434754492,0.08968080633261212,5846,Direct,5,AFE
d4_tmp2,-1.9514456756440743e-4,1.572836803964145e-4,-1.2407172001098214,0.2147640787438938,5846,Direct,5,AFE
d4_pre,-0.004532674291672541,0.00974394983354352,-0.46517832799885955,0.6418224939952057,5846,Direct,5,AFE
d4_pre2,0.0010090240039848702,0.0018408445946117632,0.5481310084177284,0.5836245824888452,5846,Direct,5,AFE
d5_tmp,0.006119809114312996,0.0037036969306946817,1.6523514825402137,0.09852099233957709,5846,Direct,5,AFE
d5_tmp2,-1.716483880369783e-4,1.1884759534778472e-4,-1.4442731258859902,0.14872011407625324,5846,Direct,5,AFE
d5_pre,-0.0069830639159505535,0.005479289905817664,-1.274446878332948,0.20255986610390117,5846,Direct,5,AFE
d5_pre2,0.0018599578239151102,0.001062741145520557,1.7501513249532241,0.08014893408501875,5846,Direct,5,AFE
tmp,0.0031234759456526522,0.005198557510372982,0.6008351238627639,0.54794980734733445,5846,Direct,5,IFE
tmp2,-1.882078858942476e-4,1.7584753628345056e-4,-1.0702901494785417,0.2844887269392371,5846,Direct,5,IFE
pre,0.008490361222677791,0.017840239821320367,0.4759107112748115,0.6341379908564346,5846,Direct,5,IFE
pre2,-0.002094076199680547,0.003798807210991801,-0.5512457156607906,0.5814652453693541,5846,Direct,5,IFE
d1_tmp,0.009291559450283404,0.0046181318339112,2.0119736257971166,0.0442227172638918,5846,Direct,5,IFE
d1_tmp2,-2.474368922678699e-4,1.5970601988620577e-4,-1.5493272729742713,0.12130306680017705,5846,Direct,5,IFE
d1_pre,0.006670709207121983,0.01590321576255271,0.4194566247934268,0.6748824483361995,5846,Direct,5,IFE
d1_pre2,-0.0019410973883947338,0.00338639015732976,-0.5732054778724405,0.5665055758210691,5846,Direct,5,IFE
d2_tmp,0.007634071686211517,0.003977536845874542,1.9192962836106708,0.05494684809241543,5846,Direct,5,IFE
d2_tmp2,-9.17157330043695e-5,1.4186453523323562e-4,-0.6465021920635919,0.5179541779572606,5846,Direct,5,IFE
d2_pre,-0.0012819927728858443,0.013859655889051787,-0.09249816756984089,0.9263022470484145,5846,Direct,5,IFE
d2_pre2,-6.481916170590873e-4,0.0029724054936043458,-0.21806971439589443,0.8273747939568876,5846,Direct,5,IFE
d3_tmp,0.006167470809344596,0.003516351479758975,1.753940368261292,0.07944072555503633,5846,Direct,5,IFE
d3_tmp2,-6.106767232190677e-5,1.2612328974800273e-4,-0.48419029065861985,0.6282508269274348,5846,Direct,5,IFE
d3_pre,-0.005274319638533276,0.011642801445410609,-0.4530112158369171,0.6505406652638994,5846,Direct,5,IFE
d3_pre2,7.023184910338622e-4,0.002500958811122776,0.280819695194646,0.7788486966533101,5846,Direct,5,IFE
d4_tmp,0.005405471872814013,0.003115969612684518,1.7347639883294652,0.08278261715847594,5846,Direct,5,IFE
d4_tmp2,-1.0325403651076365e-4,1.0970938412385439e-4,-0.941159567482367,0.3466230933057744,5846,Direct,5,IFE
d4_pre,-0.002748983281242398,0.009354875828721094,-0.2938556675228699,0.7688681953687788,5846,Direct,5,IFE
d4_pre2,9.494848797015473e-4,0.002018199211209651,0.47046142641808547,0.6380253869171326,5846,Direct,5,IFE
d5_tmp,0.005247883781530848,0.0022800855101986323,2.301617092015848,0.021356775391108456,5846,Direct,5,IFE
d5_tmp2,-1.0152875701286356e-4,8.305602958937388e-5,-1.222412840040852,0.221551546066395,5846,Direct,5,IFE
d5_pre,-0.0047184939380530075,0.006744118214414653,-0.6996457932732935,0.484148536754355,5846,Direct,5,IFE
d5_pre2,0.001460440261269454,0.0015143341703753096,0.9644108214949024,0.334839998939296,5846,Direct,5,IFE
tmp,0.015475842104069002,0.004141247424675376,3.7370001154379517,1.879516406142001e-4,6456,Interactive,0,AFE
tmp2,-5.656820679805124e-4,1.490575206331658e-4,-3.795058884500499,1.4905578791100883e-4,6456,Interactive,0,AFE
pre,0.11039273570758609,0.0467866898325755,2.35949019053544,0.018331774912973785,6456,Interactive,0,AFE
pre2,-0.0731393440751056,0.029189867216127433,-2.505641547923727,0.01224910406875168,6456,Interactive,0,AFE
tmp_pre,-0.011307580366994332,0.004824580677077186,-2.3437436585358666,0.019123605496626058,6456,Interactive,0,AFE
tmp2_pre,3.310600847068774e-4,1.4434330741422682e-4,2.293560336377933,0.021850019735510783,6456,Interactive,0,AFE
pre2_tmp,0.006653463729768334,0.00260100603105049,2.5580347182359833,0.010550799164039837,6456,Interactive,0,AFE
tmp2_pre2,-1.6073706643416266e-4,6.0997361117728553e-5,-2.6351478734289917,0.008431590877426781,6456,Interactive,0,AFE
tmp,0.012276113947756323,0.003817274640477726,3.215936788404616,0.001300194674275538,6456,Interactive,0,IFE
tmp2,-4.7273133679506135e-4,1.2338738238641315e-4,-3.8312777826391136,1.2747947999267997e-4,6456,Interactive,0,IFE
pre,0.09138927071609892,0.051650579520551985,1.7693755145522567,0.07683122899998446,6456,Interactive,0,IFE
pre2,-0.057139456960584235,0.02580064400892777,-2.214652352895235,0.026783935634860267,6456,Interactive,0,IFE
tmp_pre,-0.010366475296529419,0.004957986787644354,-2.0908638406143782,0.036540271310895815,6456,Interactive,0,IFE
tmp2_pre,3.142440123660261e-4,1.338732522432213e-4,2.347324854670048,0.018908760713162394,6456,Interactive,0,IFE
pre2_tmp,0.005299407616532271,0.002250922504501631,2.354326995235936,0.01855627933038804,6456,Interactive,0,IFE
tmp2_pre2,-1.300221533998656e-4,5.234293056446617e-5,-2.4840442061173627,0.012989968135343286,6456,Interactive,0,IFE
tmp,0.008433390847182486,0.006563455908179838,1.2849009675942524,0.19887735040321897,6334,Interactive,1,AFE
tmp2,-3.078564905313185e-4,2.2376487264681177e-4,-1.3758034801880459,0.16893472491904804,6334,Interactive,1,AFE
pre,0.07272089490982156,0.057515323059270304,1.2643742752671616,0.20614568332669642,6334,Interactive,1,AFE
pre2,-0.05402538033487693,0.03336844852290159,-1.6190558064993035,0.10548872270600831,6334,Interactive,1,AFE
tmp_pre,-0.004659782339086321,0.0062133009841171035,-0.7499688733892015,0.4533033658305585,6334,Interactive,1,AFE
tmp2_pre,1.0528594345324347e-4,1.887974354812367e-4,0.5576661737214493,0.5770935246289403,6334,Interactive,1,AFE
pre2_tmp,0.003659116592152986,0.0030894112625545734,1.1844057916482555,0.236300195110473,6334,Interactive,1,AFE
tmp2_pre2,-6.879954098103322e-5,7.573594606273405e-5,-0.908413303823323,0.3636970155674961,6334,Interactive,1,AFE
d1_tmp,0.008962225857209832,0.004476707388268892,2.0019682056270054,0.04533386227915938,6334,Interactive,1,AFE
d1_tmp2,-3.292220659122076e-4,1.5055896710088938e-4,-2.1866652797345263,0.028806122598951062,6334,Interactive,1,AFE
d1_pre,0.027474848146254262,0.03950355317165825,0.6955032127582398,0.48676739999339225,6334,Interactive,1,AFE
d1_pre2,-0.01041282794470524,0.02148827698557855,-0.4845818001924311,0.6279910210124027,6334,Interactive,1,AFE
d1_tmp_pre,-0.007371720840063562,0.0038393675418172467,-1.9200352036560648,0.054901629624577085,6334,Interactive,1,AFE
d1_tmp2_pre,2.7173134153951557e-4,1.2118254700120576e-4,2.242330667771918,0.024977018727717893,6334,Interactive,1,AFE
d1_pre2_tmp,0.0025785446981755502,0.001797471839182632,1.4345396917862687,0.15147132910317848,6334,Interactive,1,AFE
d1_tmp2_pre2,-8.937793062345768e-5,4.3164060276041633e-5,-2.0706562369682175,0.03843433845423086,6334,Interactive,1,AFE
tmp,0.008149699582941098,0.005525702120928565,1.474871320347537,0.14024714215496284,6334,Interactive,1,IFE
tmp2,-3.4073789065867553e-4,1.7268629800681353e-4,-1.9731611285409068,0.048477207602052375,6334,Interactive,1,IFE
pre,0.0587334945378849,0.07737892113469526,0.7590373925690456,0.4478301889087369,6334,Interactive,1,IFE
pre2,-0.026848343969879274,0.037676965600938125,-0.712593053651082,0.4760976113884228,6334,Interactive,1,IFE
tmp_pre,-0.005217628306576153,0.007411488166268039,-0.7039919904781313,0.4814377616064205,6334,Interactive,1,IFE
tmp2_pre,1.3382189656545123e-4,1.9638941805436347e-4,0.6814109328864519,0.49561150694712547,6334,Interactive,1,IFE
pre2_tmp,0.0014965547711577613,0.003277949678228549,0.4565520883671774,0.6479930232480602,6334,Interactive,1,IFE
tmp2_pre2,-2.207098641124312e-5,7.558725410969716e-5,-0.2919934937603668,0.770291598541922,6334,Interactive,1,IFE
d1_tmp,0.00652232444733554,0.0040082074696404886,1.627242226540871,0.10368566270685173,6334,Interactive,1,IFE
d1_tmp2,-2.6484083844999923e-4,1.2487202703617575e-4,-2.120898048473852,0.033930382937657086,6334,Interactive,1,IFE
d1_pre,0.014393466153798289,0.054341741143753765,0.264869432794255,0.7911100466523762,6334,Interactive,1,IFE
d1_pre2,-0.014628089136106073,0.026196374180070578,-0.5584012900241243,0.5765703921231156,6334,Interactive,1,IFE
d1_tmp_pre,-0.00527725994392296,0.005235736102354918,-1.0079308507450109,0.31348765987182936,6334,Interactive,1,IFE
d1_tmp2_pre,2.205126556557557e-4,1.388734188391475e-4,1.5878679843776888,0.11231619440387604,6334,Interactive,1,IFE
d1_pre2_tmp,0.002691863915974451,0.0023029534372504294,1.1688746600054383,0.2424541343047827,6334,Interactive,1,IFE
d1_tmp2_pre2,-8.990464024758807e-5,5.356011688623617e-5,-1.6785743847152,0.09323502223910295,6334,Interactive,1,IFE
tmp,0.011019404743966902,0.008785837265880126,1.2542236340708077,0.20981154750185682,6212,Interactive,2,AFE
tmp2,-3.417177311407634e-4,2.686804435498548e-4,-1.2718370069139633,0.20348230432555828,6212,Interactive,2,AFE
pre,0.1235689242183765,0.08017718133013656,1.5411981584831556,0.12332341196273638,6212,Interactive,2,AFE
pre2,-0.06311848317340046,0.04260900429271503,-1.4813414258589466,0.13857022859252302,6212,Interactive,2,AFE
tmp_pre,-0.01143159515027675,0.008220920172003104,-1.3905493437593295,0.16441576419780476,6212,Interactive,2,AFE
tmp2_pre,2.7495387343056803e-4,2.389294496737088e-4,1.1507743135308584,0.24987278992447362,6212,Interactive,2,AFE
pre2_tmp,0.0049259481468725864,0.0036503807604764643,1.3494340645795069,0.17725053858920584,6212,Interactive,2,AFE
tmp2_pre2,-1.0142995074342219e-4,8.450725640566967e-5,-1.2002513755329673,0.23009101188711933,6212,Interactive,2,AFE
d1_tmp,0.007089468110451692,0.006945107540981925,1.0207859372396928,0.3073986723944938,6212,Interactive,2,AFE
d1_tmp2,-3.113749627291701e-4,2.0266931870903407e-4,-1.5363695142045712,0.12450261905385974,6212,Interactive,2,AFE
d1_pre,-0.014200252290673893,0.06300228953214436,-0.22539263884098673,0.821681821284743,6212,Interactive,2,AFE
d1_pre2,-9.517512151652141e-4,0.0305066240755999,-0.031198182165507224,0.9751125688533211,6212,Interactive,2,AFE
d1_tmp_pre,-0.0021815982888967545,0.006254211954930126,-0.34882065152541314,0.7272366880679323,6212,Interactive,2,AFE
d1_tmp2_pre,1.539237484654234e-4,1.8601891232980717e-4,0.8274628990009372,0.4080089681943241,6212,Interactive,2,AFE
d1_pre2_tmp,0.00143032844119565,0.002524377152215221,0.5666064755579377,0.5710036165008117,6212,Interactive,2,AFE
d1_tmp2_pre2,-6.270587410541619e-5,5.974181694435226e-5,-1.0496144461730192,0.29393937979626467,6212,Interactive,2,AFE
d2_tmp,-0.0012240486588271956,0.0033296955079405405,-0.3676157942695143,0.7131732216964104,6212,Interactive,2,AFE
d2_tmp2,-2.4298043835241748e-5,1.1361304916328383e-4,-0.21386666420967876,0.830658594822056,6212,Interactive,2,AFE
d2_pre,-0.04088551625301719,0.037650822543153085,-1.0859129626227075,0.2775628737832558,6212,Interactive,2,AFE
d2_pre2,0.01033133885419506,0.020189726711898677,0.5117126646447551,0.6088717070278054,6212,Interactive,2,AFE
d2_tmp_pre,0.004937334720694172,0.0035749845202755867,1.3810786292058028,0.16730827895989728,6212,Interactive,2,AFE
d2_tmp2_pre,-1.0903649336306117e-4,1.084037907222225e-4,-1.0058365361268586,0.3145363943536989,6212,Interactive,2,AFE
d2_pre2_tmp,-0.0011847232780362847,0.0016201213027775528,-0.7312559102859661,0.4646525550420607,6212,Interactive,2,AFE
d2_tmp2_pre2,2.6533107067350044e-5,3.6857889234684595e-5,0.7198759239414458,0.47163055558815403,6212,Interactive,2,AFE
tmp,0.014413865242826144,0.006772746782379852,2.1282155831258325,0.03331921339224163,6212,Interactive,2,IFE
tmp2,-4.6273340329293415e-4,2.0891563961702157e-4,-2.2149294525828913,0.02676490715849722,6212,Interactive,2,IFE
pre,0.16797633995258365,0.09706143027027013,1.7306188409221777,0.08351976903227933,6212,Interactive,2,IFE
pre2,-0.07290843607927586,0.04655613109144934,-1.566032966443521,0.1173408996202474,6212,Interactive,2,IFE
tmp_pre,-0.01594966791278445,0.009352152834051296,-1.7054541554016873,0.0881097555177502,6212,Interactive,2,IFE
tmp2_pre,3.6039148326031344e-4,2.4600583667599545e-4,1.4649712711287042,0.14292875603719885,6212,Interactive,2,IFE
pre2_tmp,0.005817036010816501,0.004044493587979587,1.438260658418396,0.150360109996771,6212,Interactive,2,IFE
tmp2_pre2,-1.1617923091429662e-4,9.257952676434365e-5,-1.2549127758022007,0.20951042562131433,6212,Interactive,2,IFE
d1_tmp,0.005830926500546476,0.005554023453782608,1.049856297703475,0.29378418691941194,6212,Interactive,2,IFE
d1_tmp2,-2.895026303102929e-4,1.7373911126479863e-4,-1.6663066145714145,0.09565235994616611,6212,Interactive,2,IFE
d1_pre,-0.05718689970950801,0.07559779026662496,-0.7564625832027128,0.4493718978550299,6212,Interactive,2,IFE
d1_pre2,0.017715649947165957,0.03674592894950589,0.48211190881879107,0.6297264504772804,6212,Interactive,2,IFE
d1_tmp_pre,3.645076799511504e-4,0.007238651012947767,0.050355747127352316,0.9598389002947929,6212,Interactive,2,IFE
d1_tmp2_pre,1.3755325633256878e-4,1.919378235280711e-4,0.7166552886979646,0.4735868205358966,6212,Interactive,2,IFE
d1_pre2_tmp,5.4762387622883954e-5,0.0031908008732066074,0.0171625838775236,0.9863069115302544,6212,Interactive,2,IFE
d1_tmp2_pre2,-4.145290080030629e-5,7.33226344920898e-5,-0.5653493097657084,0.571836195548094,6212,Interactive,2,IFE
d2_tmp,-4.307853014353431e-4,0.0039041306501080004,-0.11034090301855708,0.912139019374128,6212,Interactive,2,IFE
d2_tmp2,1.2907132906890829e-5,1.242257758897775e-4,0.10390060206460705,0.9172482293164599,6212,Interactive,2,IFE
d2_pre,-0.055342397834187325,0.05269150592910405,-1.0503096629777486,0.2935757639209756,6212,Interactive,2,IFE
d2_pre2,0.01367432452667673,0.02552587254996247,0.5357044896275969,0.592162800251377,6212,Interactive,2,IFE
d2_tmp_pre,0.005538393254659317,0.005066128310508428,1.0932200914002301,0.2742971777173897,6212,Interactive,2,IFE
d2_tmp2_pre,-1.0434944862039245e-4,1.3453960521169592e-4,-0.7756039454419407,0.437982870100755,6212,Interactive,2,IFE
d2_pre2_tmp,-0.001363174104780585,0.002241127803021778,-0.6082536225477984,0.5430192750864364,6212,Interactive,2,IFE
d2_tmp2_pre2,2.6620815018985626e-5,5.199747563711461e-5,0.5119636038635748,0.6086764822997477,6212,Interactive,2,IFE
tmp,0.006424364357248805,0.009997582340312146,0.6425917925521404,0.5205151302372284,6090,Interactive,3,AFE
tmp2,-3.0213656457011e-4,3.0254985424418385e-4,-0.9986339782740722,0.3180148759847658,6090,Interactive,3,AFE
pre,0.034638882826454276,0.09140159710617612,0.37897459041351567,0.7047209986084135,6090,Interactive,3,AFE
pre2,-0.0038441852067565736,0.04987220669771164,-0.07708071210999697,0.9385620709826854,6090,Interactive,3,AFE
tmp_pre,-0.006937879435491234,0.008938055570310792,-0.7762179795051322,0.43765284082554035,6090,Interactive,3,AFE
tmp2_pre,2.3929418924555096e-4,2.583939420472937e-4,0.9260828150597783,0.35444256815877717,6090,Interactive,3,AFE
pre2_tmp,0.0014388957684061364,0.004134627936762678,0.348010943285204,0.7278449527757204,6090,Interactive,3,AFE
tmp2_pre2,-5.65356003806463e-5,9.34498044037569e-5,-0.6049836138380771,0.5452142236714212,6090,Interactive,3,AFE
d1_tmp,0.009764905770163208,0.008260733955657976,1.182086945612743,0.23722103828389737,6090,Interactive,3,AFE
d1_tmp2,-2.978525205440327e-4,2.3882366085452392e-4,-1.247165040006088,0.21238877463149627,6090,Interactive,3,AFE
d1_pre,0.044516046047851754,0.07977567882156718,0.5580152586030636,0.5768561134859069,6090,Interactive,3,AFE
d1_pre2,-0.043855782829205346,0.044031917986765895,-0.9959998299957433,0.3192929565440379,6090,Interactive,3,AFE
d1_tmp_pre,-0.004432227776615481,0.007814115320086626,-0.56720787895492,0.5705955297260216,6090,Interactive,3,AFE
d1_tmp2_pre,1.4730376196020383e-4,2.2128318237165515e-4,0.6656798785223563,0.5056429602528416,6090,Interactive,3,AFE
d1_pre2_tmp,0.0035843585917796203,0.003810686626270344,0.9406070200235176,0.34694656623490083,6090,Interactive,3,AFE
d1_tmp2_pre2,-8.029480291836796e-5,8.920117884355339e-5,-0.900154055802267,0.36807670465689357,6090,Interactive,3,AFE
d2_tmp,6.583133379664114e-4,0.004812444865934429,0.13679394908529247,0.891198549158866,6090,Interactive,3,AFE
d2_tmp2,2.832979126659954e-5,1.392196482094243e-4,0.20348989263342923,0.8387594860674878,6090,Interactive,3,AFE
d2_pre,0.013061473643714976,0.058757115871935064,0.22229603087025754,0.8240914906801647,6090,Interactive,3,AFE
d2_pre2,-0.029692303313446366,0.03472080926033093,-0.8551731352463114,0.39249163177096047,6090,Interactive,3,AFE
d2_tmp_pre,0.003856130331827913,0.005429310113879657,0.7102431526189638,0.4775827303070407,6090,Interactive,3,AFE
d2_tmp2_pre,-1.5473943558293456e-4,1.5383903238079923e-4,-1.005852891741457,0.3145294909912801,6090,Interactive,3,AFE
d2_pre2_tmp,6.914201554727662e-4,0.002997062513300376,0.23069927717702884,0.8175568026950203,6090,Interactive,3,AFE
d2_tmp2_pre2,1.5659941991113537e-5,7.041924012041558e-5,0.22238158157252663,0.8240249008421547,6090,Interactive,3,AFE
d3_tmp,0.0013155429628561423,0.0027868331981319456,0.47205658513683907,0.6369046625470103,6090,Interactive,3,AFE
d3_tmp2,5.8817970871180836e-5,1.0202601523504896e-4,0.5764997362258555,0.5643004538792302,6090,Interactive,3,AFE
d3_pre,0.04292896595175187,0.03742522925241065,1.147059532013066,0.2514056746810474,6090,Interactive,3,AFE
d3_pre2,-0.034200511416557174,0.023321022857169225,-1.466509922228537,0.1425651722394701,6090,Interactive,3,AFE
d3_tmp_pre,2.881687484550693e-4,0.003557534907406917,0.08100236707589052,0.935442944155838,6090,Interactive,3,AFE
d3_tmp2_pre,-7.294633140939492e-5,1.0296233896238305e-4,-0.7084758577215853,0.4786790792202331,6090,Interactive,3,AFE
d3_pre2_tmp,0.001211074127657488,0.002025930494363458,0.5977866126340154,0.5500063254150205,6090,Interactive,3,AFE
d3_tmp2_pre2,4.56800847208619e-6,4.7598426689968725e-5,0.09596973660158581,0.923548017914829,6090,Interactive,3,AFE
tmp,0.02038437741473522,0.00834211673349318,2.44354976871673,0.01454356350621453,6090,Interactive,3,IFE
tmp2,-5.834427525200829e-4,2.5364912541094833e-4,-2.3001961925743726,0.02143710744193509,6090,Interactive,3,IFE
pre,0.1234192479794751,0.1209859204169208,1.0201124854377186,0.30767511602305814,6090,Interactive,3,IFE
pre2,-0.03882050661345117,0.059019813610837316,-0.6577537989093697,0.5106963463783605,6090,Interactive,3,IFE
tmp_pre,-0.015049428434739349,0.011587082406257302,-1.2988108573917017,0.19400884764964949,6090,Interactive,3,IFE
tmp2_pre,4.3311363008592544e-4,3.02572598566708e-4,1.4314370572140132,0.15230499421502494,6090,Interactive,3,IFE
pre2_tmp,0.004607337850864325,0.005130000096541051,0.8981165232279165,0.36912343089555655,6090,Interactive,3,IFE
tmp2_pre2,-1.2760326850814115e-4,1.1706420084162576e-4,-1.0900281007408363,0.2757007658342178,6090,Interactive,3,IFE
d1_tmp,8.121080020495166e-4,0.00708734101325716,0.11458571000470212,0.9087735068605928,6090,Interactive,3,IFE
d1_tmp2,-8.266662190812531e-5,2.1743025506801796e-4,-0.380198339381357,0.703798191839103,6090,Interactive,3,IFE
d1_pre,-0.018651249587963693,0.10266975990208274,-0.1816625421716345,0.8558475637866392,6090,Interactive,3,IFE
d1_pre2,-0.013228874139640467,0.049599230430246964,-0.26671531039669394,0.7896883648300665,6090,Interactive,3,IFE
d1_tmp_pre,8.631105190225869e-4,0.009885085337316843,0.08731442264481909,0.9304215901915921,6090,Interactive,3,IFE
d1_tmp2_pre,2.5166559131369916e-5,2.588390616641644e-4,0.09722859822457068,0.9225448575327309,6090,Interactive,3,IFE
d1_pre2_tmp,8.63027362872461e-4,0.004336792540620769,0.19900130218101855,0.8422617259733213,6090,Interactive,3,IFE
d1_tmp2_pre2,-1.9907177147730178e-5,9.951174581446459e-5,-0.2000485167333539,0.8414426370776741,6090,Interactive,3,IFE
d2_tmp,-0.002455884758458696,0.0054751183618339545,-0.44855372909893937,0.6537536189467881,6090,Interactive,3,IFE
d2_tmp2,9.246991197115747e-5,1.7202265043642033e-4,0.5375449787371717,0.5908912245376203,6090,Interactive,3,IFE
d2_pre,-0.017086100217875832,0.07678430915070043,-0.22252072600330183,0.8239085406645799,6090,Interactive,3,IFE
d2_pre2,-0.011543241114670243,0.03769515531829817,-0.30622611890570633,0.759432487024164,6090,Interactive,3,IFE
d2_tmp_pre,0.004303256825976693,0.007386497861675352,0.5825841835417062,0.5601732553392083,6090,Interactive,3,IFE
d2_tmp2_pre,-1.3599045652059626e-4,1.9579918252805506e-4,-0.6945404713378254,0.48734332939311886,6090,Interactive,3,IFE
d2_pre2_tmp,-4.2413631090039417e-4,0.0032928921888275417,-0.1288035825586537,0.8975130706749924,6090,Interactive,3,IFE
d2_tmp2_pre2,3.255055881015123e-5,7.589921722236097e-5,0.42886554040192887,0.6680210790988786,6090,Interactive,3,IFE
d3_tmp,0.0021634851627756416,0.0038524895349959015,0.5615810615765744,0.5744014866391234,6090,Interactive,3,IFE
d3_tmp2,-1.714479746030348e-5,1.2266844951500837e-4,-0.13976533923831677,0.8888453997168665,6090,Interactive,3,IFE
d3_pre,0.02818745996898739,0.05323132199800576,0.5295277087058516,0.5964394280580055,6090,Interactive,3,IFE
d3_pre2,-0.01891444996338866,0.02574318625631396,-0.7347361657203395,0.4625001901040661,6090,Interactive,3,IFE
d3_tmp_pre,-0.0018544751060237269,0.005180557980015938,-0.3579682175505777,0.7203670983447692,6090,Interactive,3,IFE
d3_tmp2_pre,2.6581188032866433e-5,1.3799212004407053e-4,0.19262830387979546,0.847250076758583,6090,Interactive,3,IFE
d3_pre2_tmp,6.808245301801519e-4,0.0022815831144233608,0.29840005646790607,0.7653978459704056,6090,Interactive,3,IFE
d3_tmp2_pre2,2.767182762716858e-6,5.3291178417911144e-5,0.05192571913153282,0.9585878810122118,6090,Interactive,3,IFE
tmp,0.007395602197947086,0.011155012381324521,0.6629846695937911,0.5073681005558924,5968,Interactive,4,AFE
tmp2,-2.904812744422306e-4,3.1868808614728724e-4,-0.9114908497331765,0.36207667215919914,5968,Interactive,4,AFE
pre,0.06983622430827462,0.11512340251679724,0.6066205721993412,0.5441277322962842,5968,Interactive,4,AFE
pre2,0.007556178966703746,0.06201264009012179,0.12184901264842933,0.9030230392466251,5968,Interactive,4,AFE
tmp_pre,-0.009222422445219584,0.010695161086798752,-0.8622986012434167,0.3885607424259848,5968,Interactive,4,AFE
tmp2_pre,2.638301729430449e-4,2.981586166656089e-4,0.8848651630247398,0.37626796315956634,5968,Interactive,4,AFE
pre2_tmp,8.32268719902581e-5,0.005176199520637579,0.016078760422281135,0.9871721400875573,5968,Interactive,4,AFE
tmp2_pre2,-1.776888547771347e-5,1.1657433169493169e-4,-0.15242536859841171,0.8788570295043573,5968,Interactive,4,AFE
d1_tmp,0.008230195808524472,0.009702897230430304,0.8482204451999004,0.39635205181173083,5968,Interactive,4,AFE
d1_tmp2,-2.964056398889036e-4,2.5613844165623984e-4,-1.1572087265475983,0.24723724733828595,5968,Interactive,4,AFE
d1_pre,0.0034080572117706344,0.09995242535710736,0.034096793545473444,0.9728012002052553,5968,Interactive,4,AFE
d1_pre2,-0.05006857059803449,0.056055858071885435,-0.8931906908610174,0.3717940635630397,5968,Interactive,4,AFE
d1_tmp_pre,-0.0016575647359105769,0.009368120967116731,-0.17693673488299683,0.8595645855649406,5968,Interactive,4,AFE
d1_tmp2_pre,1.1487660524904664e-4,2.596956339174695e-4,0.44235093026459615,0.6582526406458883,5968,Interactive,4,AFE
d1_pre2_tmp,0.004531432947353864,0.00484703818961584,0.9348869907940647,0.34988750333759255,5968,Interactive,4,AFE
d1_tmp2_pre2,-1.1135511380119715e-4,1.1255143682185192e-4,-0.9893708774011626,0.3225251535384688,5968,Interactive,4,AFE
d2_tmp,-9.83310653859596e-4,0.006258940603536525,-0.15710496650247655,0.8751678786696907,5968,Interactive,4,AFE
d2_tmp2,4.768574430401894e-5,1.8079832363251835e-4,0.2637510312371181,0.7919816314298009,5968,Interactive,4,AFE
d2_pre,-0.037169873323841474,0.07796244681724851,-0.47676637716324166,0.6335473938680865,5968,Interactive,4,AFE
d2_pre2,-0.03162709828742597,0.044528079644359425,-0.7102731251836575,0.4775648359341945,5968,Interactive,4,AFE
d2_tmp_pre,0.007763832167154011,0.007463534835518051,1.0402352689782972,0.2982762433863675,5968,Interactive,4,AFE
d2_tmp2_pre,-2.2071250626535396e-4,2.1108566524760184e-4,-1.0456063229422041,0.2957886875369027,5968,Interactive,4,AFE
d2_pre2_tmp,0.0011327319779240572,0.003973481337945094,0.28507293267164435,0.7755989788832498,5968,Interactive,4,AFE
d2_tmp2_pre2,-1.437664292191454e-6,9.469205944950612e-5,-0.015182522172918614,0.987887114925488,5968,Interactive,4,AFE
d3_tmp,1.690101707048834e-4,0.004519371083810284,0.037396834110464516,0.9701699514171186,5968,Interactive,4,AFE
d3_tmp2,6.595171354767724e-5,1.4609262346356299e-4,0.4514376700485927,0.6516919023172434,5968,Interactive,4,AFE
d3_pre,0.010324896720833051,0.05992304030856383,0.1723026179524052,0.8632059531992351,5968,Interactive,4,AFE
d3_pre2,-0.039200950808139415,0.03537066453778865,-1.1082899153975079,0.26778499461687616,5968,Interactive,4,AFE
d3_tmp_pre,0.002336533158661834,0.00545580195465438,0.4282657578265872,0.6684743823056077,5968,Interactive,4,AFE
d3_tmp2_pre,-9.101183705654794e-5,1.530229083133678e-4,-0.5947595563284515,0.5520286228055664,5968,Interactive,4,AFE
d3_pre2_tmp,0.0019766750916189184,0.003066686982545876,0.644563694589377,0.5192367962524747,5968,Interactive,4,AFE
d3_tmp2_pre2,-2.0656505914011598e-5,7.109045610887674e-5,-0.2905665126465874,0.7713938078669695,5968,Interactive,4,AFE
d4_tmp,-8.537614106501117e-4,0.0033805324866267757,-0.2525523461252187,0.8006235773906848,5968,Interactive,4,AFE
d4_tmp2,-1.5608961389044864e-5,1.481545910899257e-4,-0.10535590746270333,0.9160972362958266,5968,Interactive,4,AFE
d4_pre,-0.03253157588861013,0.04189823989344063,-0.7764425420100548,0.4375210560203632,5968,Interactive,4,AFE
d4_pre2,-0.007210236426322386,0.023755161609939963,-0.3035229372342127,0.7615028277626782,5968,Interactive,4,AFE
d4_tmp_pre,0.0019242375087258946,0.0037532100807851046,0.5126911276768654,0.608187944870112,5968,Interactive,4,AFE
d4_tmp2_pre,-8.514653509158547e-6,1.1439177719639394e-4,-0.07443413956704364,0.9406676462129717,5968,Interactive,4,AFE
d4_pre2_tmp,0.0010130989263829532,0.0018829589993932727,0.5380355741730936,0.5905742163030341,5968,Interactive,4,AFE
d4_tmp2_pre2,-3.206351362483697e-5,4.11192791094078e-5,-0.7797683791956622,0.43556070769343025,5968,Interactive,4,AFE
tmp,0.02061356845673541,0.009872749870782859,2.087925727536016,0.036804534998211715,5968,Interactive,4,IFE
tmp2,-5.38454800280552e-4,2.9737743103329096e-4,-1.810678094869522,0.0701906955879876,5968,Interactive,4,IFE
pre,0.11746280435205589,0.14178730754887617,0.828443718853782,0.40741925602248696,5968,Interactive,4,IFE
pre2,-0.01710296321967693,0.07041323904429606,-0.24289414109919982,0.808087404408722,5968,Interactive,4,IFE
tmp_pre,-0.011158024962420406,0.01339804891517207,-0.8328096899082791,0.40495206894060254,5968,Interactive,4,IFE
tmp2_pre,2.5361184315005986e-4,3.481104178154565e-4,0.7285385043676197,0.4662840072547244,5968,Interactive,4,IFE
pre2_tmp,0.001979135275503854,0.006050546735988963,0.32710023769122476,0.7435920720427419,5968,Interactive,4,IFE
tmp2_pre2,-5.118754220764862e-5,1.364930246993748e-4,-0.37501947312244654,0.7076459843478808,5968,Interactive,4,IFE
d1_tmp,-1.2524043844097492e-4,0.008374050017521327,-0.014955778647002326,0.9880674599602052,5968,Interactive,4,IFE
d1_tmp2,-1.3483962927912278e-4,2.5604263906520424e-4,-0.5266295870539918,0.5984508415136505,5968,Interactive,4,IFE
d1_pre,-0.01745238656643182,0.1243957784095062,-0.14029725758843054,0.8884251310230693,5968,Interactive,4,IFE
d1_pre2,-0.028191271677682792,0.06159647678655308,-0.45767669107719383,0.6471847364621217,5968,Interactive,4,IFE
d1_tmp_pre,-0.0026726974129089656,0.0116830224889365,-0.22876763401251143,0.8190495240295278,5968,Interactive,4,IFE
d1_tmp2_pre,1.9098996882771534e-4,3.0290399285350556e-4,0.6305297167874722,0.5283480664116915,5968,Interactive,4,IFE
d1_pre2_tmp,0.0029752953138601516,0.005281359205319954,0.5633578778097718,0.5731912139041504,5968,Interactive,4,IFE
d1_tmp2_pre2,-8.472924826721903e-5,1.1895846770561925e-4,-0.7122590758053003,0.4763043608763229,5968,Interactive,4,IFE
d2_tmp,-0.00293659861382519,0.006963524154555038,-0.42171155705753927,0.6732355677930277,5968,Interactive,4,IFE
d2_tmp2,9.83065139931248e-5,2.1680619618677068e-4,0.4534303710971309,0.6502388710124974,5968,Interactive,4,IFE
d2_pre,-0.03403776789227439,0.10249542275053236,-0.33209061418401337,0.7398208371469357,5968,Interactive,4,IFE
d2_pre2,-0.017593261746179853,0.05039877019151928,-0.3490811716104198,0.7270283714091803,5968,Interactive,4,IFE
d2_tmp_pre,0.0036564437363670248,0.009764522648201839,0.3744621081953625,0.7080605425984599,5968,Interactive,4,IFE
d2_tmp2_pre,-6.701116478470908e-5,2.559985515134237e-4,-0.26176384353954146,0.7935035159942169,5968,Interactive,4,IFE
d2_pre2_tmp,6.311282883242874e-4,0.004359065126379227,0.14478523950123268,0.8848804365906939,5968,Interactive,4,IFE
d2_tmp2_pre2,-2.569390207880346e-6,9.921135763615353e-5,-0.025898145828255822,0.9793385789666051,5968,Interactive,4,IFE
d3_tmp,5.631597560593836e-4,0.005490340173155043,0.10257283488789037,0.9183020037123963,5968,Interactive,4,IFE
d3_tmp2,1.5844390347011475e-5,1.739585697055437e-4,0.09108140158792388,0.9274279105926069,5968,Interactive,4,IFE
d3_pre,0.020686389729582644,0.07610148433469917,0.2718263633151042,0.7857555332133627,5968,Interactive,4,IFE
d3_pre2,-0.029292192617836048,0.03775370334915583,-0.7758760073663349,0.43782220017752704,5968,Interactive,4,IFE
d3_tmp_pre,-0.0030782226559427786,0.007234542955322343,-0.42548958171271584,0.6704798147745559,5968,Interactive,4,IFE
d3_tmp2_pre,1.0161421137664026e-4,1.9236309196236015e-4,0.5282417242311909,0.5973315732656852,5968,Interactive,4,IFE
d3_pre2_tmp,0.0020987583989414203,0.003255488843428975,0.6446830260769127,0.5191326182819855,5968,Interactive,4,IFE
d3_tmp2_pre2,-3.965841104220076e-5,7.44144703136876e-5,-0.532939505919,0.5940754568481833,5968,Interactive,4,IFE
d4_tmp,-0.0013885479318988972,0.003923695433717925,-0.353887796684354,0.7234229728485857,5968,Interactive,4,IFE
d4_tmp2,-1.2648367983618422e-5,1.257838649099532e-4,-0.10055636303331274,0.9199026383089717,5968,Interactive,4,IFE
d4_pre,-0.03475570662304116,0.05217635780879345,-0.6661198305640197,0.5053345101718106,5968,Interactive,4,IFE
d4_pre2,0.003347439803813679,0.025478713536529977,0.13138182188886044,0.895473268040649,5968,Interactive,4,IFE
d4_tmp_pre,-7.759249584548883e-4,0.005085807267464872,-0.1525667249364061,0.8787399673903151,5968,Interactive,4,IFE
d4_tmp2_pre,1.0549286123870829e-4,1.3646977933630443e-4,0.7730126167987765,0.43951491382573993,5968,Interactive,4,IFE
d4_pre2_tmp,7.633602381651404e-4,0.002250414550486376,0.33920871956687154,0.7344525010080821,5968,Interactive,4,IFE
d4_tmp2_pre2,-3.910099051603202e-5,5.2616835300925026e-5,-0.7431269914354695,0.4574047995970844,5968,Interactive,4,IFE
tmp,0.012590940687657978,0.010223125527065004,1.2316136248473473,0.2181472592624297,5846,Interactive,5,AFE
tmp2,-3.8716308101093027e-4,2.949722731250116e-4,-1.3125405886771178,0.18939376909000047,5846,Interactive,5,AFE
pre,0.3210843988348205,0.14871268571419213,2.1590921937346086,0.03088706623488353,5846,Interactive,5,AFE
pre2,-0.1130730944049281,0.0794739296746881,-1.4227696411612212,0.15486090203365663,5846,Interactive,5,AFE
tmp_pre,-0.030974335019105893,0.013017800338328934,-2.379383168745235,0.017376292592015775,5846,Interactive,5,AFE
tmp2_pre,7.400357812722142e-4,3.434519762431885e-4,2.1546994411475335,0.03122959286824485,5846,Interactive,5,AFE
pre2_tmp,0.009855794948396474,0.00640691223608903,1.5383065328849805,0.12403246926115022,5846,Interactive,5,AFE
tmp2_pre2,-2.1628337863036575e-4,1.372199474297252e-4,-1.5761803052805534,0.11504302966450554,5846,Interactive,5,AFE
d1_tmp,0.004168972131320524,0.009181711209082824,0.45405175967595796,0.6498098822740963,5846,Interactive,5,AFE
d1_tmp2,-2.3825991017934029e-4,2.4907072042646723e-4,-0.9565954190495923,0.338814467903787,5846,Interactive,5,AFE
d1_pre,-0.22545373904400384,0.12898461793555926,-1.7479118258631472,0.08053631870647344,5846,Interactive,5,AFE
d1_pre2,0.06246168424812046,0.07127146382045467,0.8763912076433902,0.38085651040117796,5846,Interactive,5,AFE
d1_tmp_pre,0.017551534484189717,0.011665696404582867,1.5045423672516112,0.13250045211721828,5846,Interactive,5,AFE
d1_tmp2_pre,-2.9315292451238427e-4,3.1295482960258205e-4,-0.936725996159433,0.3489415508047804,5846,Interactive,5,AFE
d1_pre2_tmp,-0.004469270741116974,0.005950072114131861,-0.7511288359853868,0.45260796375504586,5846,Interactive,5,AFE
d1_tmp2_pre2,6.879919385938853e-5,1.3216702064841756e-4,0.5205473613754512,0.602703539779948,5846,Interactive,5,AFE
d2_tmp,-0.0068739662257343015,0.00761220187219712,-0.9030194339486506,0.36655599426066643,5846,Interactive,5,AFE
d2_tmp2,1.4962756626987823e-4,2.2682958714248644e-4,0.6596474831825506,0.5095083006938399,5846,Interactive,5,AFE
d2_pre,-0.2865625222325248,0.10574282022199417,-2.7099950770267114,0.0067497436757192365,5846,Interactive,5,AFE
d2_pre2,0.09036854158137422,0.05815501349738929,1.5539252103420296,0.1202610553115602,5846,Interactive,5,AFE
d2_tmp_pre,0.02849138988190656,0.009842106221365953,2.89484681846406,0.0038086936323935617,5846,Interactive,5,AFE
d2_tmp2_pre,-6.556909641760201e-4,2.6534215473522193e-4,-2.4711149452687495,0.013499989564736659,5846,Interactive,5,AFE
d2_pre2_tmp,-0.008683666441910522,0.00496583018396412,-1.7486837286446493,0.08040271229843553,5846,Interactive,5,AFE
d2_tmp2_pre2,1.965282754938157e-4,1.1258693599150674e-4,1.7455690907925703,0.08094292069702089,5846,Interactive,5,AFE
d3_tmp,-0.004811494924866037,0.006820541310151428,-0.7054417979559475,0.48056587026465336,5846,Interactive,5,AFE
d3_tmp2,1.4089142897635184e-4,2.1769840853065337e-4,0.6471863066307781,0.5175389742881691,5846,Interactive,5,AFE
d3_pre,-0.22435769452057905,0.08962672996600392,-2.5032453443931244,0.012335413912605292,5846,Interactive,5,AFE
d3_pre2,0.07144702122339494,0.047694068376188226,1.4980273995469346,0.1341847774235061,5846,Interactive,5,AFE
d3_tmp_pre,0.02230561760070946,0.008238380383998014,2.7075246056901223,0.006800116681502136,5846,Interactive,5,AFE
d3_tmp2_pre,-5.166654216597436e-4,2.1870803421694885e-4,-2.362352272560934,0.018194765412413643,5846,Interactive,5,AFE
d3_pre2_tmp,-0.007095500685016959,0.003979504976382514,-1.7830108837976568,0.07464087498558997,5846,Interactive,5,AFE
d3_tmp2_pre2,1.6526634027004368e-4,8.796200188780603e-5,1.8788378700252635,0.060320636179873224,5846,Interactive,5,AFE
d4_tmp,-0.0038692949725630584,0.00641323786347636,-0.6033294031707204,0.5463150006674555,5846,Interactive,5,AFE
d4_tmp2,1.167352810611574e-5,2.379013770572294e-4,0.04906877064148966,0.9608663115949599,5846,Interactive,5,AFE
d4_pre,-0.22232286816510183,0.07456130561770102,-2.9817459112776303,0.002878936783227775,5846,Interactive,5,AFE
d4_pre2,0.08641391761293746,0.04055235777643584,2.130922154744621,0.033140753680040005,5846,Interactive,5,AFE
d4_tmp_pre,0.017154436458574153,0.0067091358384374486,2.5568772002340925,0.010588843813967656,5846,Interactive,5,AFE
d4_tmp2_pre,-3.1902385739147367e-4,1.852710589350111e-4,-1.7219303393919718,0.0851395958731767,5846,Interactive,5,AFE
d4_pre2_tmp,-0.006548850816140634,0.0031865099076494093,-2.055179806728271,0.03990979571549617,5846,Interactive,5,AFE
d4_tmp2_pre2,1.2148386598042454e-4,6.694344141231249e-5,1.8147239433388431,0.06962198850076524,5846,Interactive,5,AFE
d5_tmp,-0.0022481048881996123,0.0052179399877232925,-0.4308414610917195,0.6666009039673606,5846,Interactive,5,AFE
d5_tmp2,5.156207041572525e-6,1.7081348747073898e-4,0.030186182121337484,0.9759196878435069,5846,Interactive,5,AFE
d5_pre,-0.185516393074091,0.04553277283795297,-4.074348683624587,4.6807103558689206e-5,5846,Interactive,5,AFE
d5_pre2,0.08726088553302626,0.02539432540390368,3.4362356213491814,5.943194471537158e-4,5846,Interactive,5,AFE
d5_tmp_pre,0.015334809153788556,0.00424838963887299,3.6095580813667,3.095084934405023e-4,5846,Interactive,5,AFE
d5_tmp2_pre,-3.2228879539629993e-4,1.1519373298805792e-4,-2.7977979967860875,0.005163517847982459,5846,Interactive,5,AFE
d5_pre2_tmp,-0.007154094336776785,0.0020657385777114335,-3.463213793829895,5.379211403004868e-4,5846,Interactive,5,AFE
d5_tmp2_pre2,1.4791757231176283e-4,4.491997113428838e-5,3.2929133429218562,9.979511300056028e-4,5846,Interactive,5,AFE
tmp,0.023360832404349854,0.010448185423000456,2.2358746000931147,0.02535998654416617,5846,Interactive,5,IFE
tmp2,-6.413153502272846e-4,3.1453912617380477e-4,-2.038904851134206,0.04145952466497289,5846,Interactive,5,IFE
pre,0.41889727596263315,0.15120979126330192,2.770305232636731,0.005600378309590986,5846,Interactive,5,IFE
pre2,-0.179570875125449,0.07357823508465063,-2.4405433878490763,0.014665184188072848,5846,Interactive,5,IFE
tmp_pre,-0.03634387074620559,0.014484660820527084,-2.509128187157859,0.012102955499584499,5846,Interactive,5,IFE
tmp2_pre,0.00078210356293726465,3.7819825205460673e-4,2.0679724422003396,0.038642614530217535,5846,Interactive,5,IFE
pre2_tmp,0.014977730158741195,0.006343730224762963,2.3610288628408447,0.01822431215867672,5846,Interactive,5,IFE
tmp2_pre2,-3.1142394462797807e-4,1.4339344488168893e-4,-2.1718143732785538,0.029869667099216072,5846,Interactive,5,IFE
d1_tmp,-0.0030678078474852535,0.009211954204215958,-0.3330246524761527,0.7391156743028362,5846,Interactive,5,IFE
d1_tmp2,-8.315484886804095e-5,2.795524700390668e-4,-0.29745703501178244,0.7661176053346564,5846,Interactive,5,IFE
d1_pre,-0.30944569583786347,0.13375726801171164,-2.3134869636449866,0.020695880687643595,5846,Interactive,5,IFE
d1_pre2,0.12855957459443937,0.06553203684756737,1.961782065365662,0.04978786258228047,5846,Interactive,5,IFE
d1_tmp_pre,0.02112091338311097,0.012750395332450109,1.6564908641975722,0.09762245364565611,5846,Interactive,5,IFE
d1_tmp2_pre,-2.904770096493335e-4,3.326366687696346e-4,-0.8732561287477945,0.3825234872983172,5846,Interactive,5,IFE
d1_pre2_tmp,-0.009493677564354534,0.005642501928001285,-1.6825297865192634,0.09246615397304973,5846,Interactive,5,IFE
d1_tmp2_pre2,1.6146420280710398e-4,1.2735035680977666e-4,1.2678739726523358,0.20484296014948275,5846,Interactive,5,IFE
d2_tmp,-0.008103400631449407,0.00788344137311128,-1.0279014262842572,0.3039961985838528,5846,Interactive,5,IFE
d2_tmp2,2.181281519681883e-4,2.432097630572711e-4,0.8968725154212803,0.3697869475653029,5846,Interactive,5,IFE
d2_pre,-0.3293975259538824,0.11541810823821423,-2.8539501381709607,0.00431793078360116,5846,Interactive,5,IFE
d2_pre2,0.134679655139494,0.05629364192847347,2.392448783303407,0.016736363784727128,5846,Interactive,5,IFE
d2_tmp_pre,0.027544063824315033,0.011060766665493804,2.490249062955469,0.012765360418263165,5846,Interactive,5,IFE
d2_tmp2_pre,-5.456360856072518e-4,2.893868741180526e-4,-1.8854900978842073,0.0593637000882977,5846,Interactive,5,IFE
d2_pre2_tmp,-0.01155125763348783,0.004859204315882558,-2.3771911783441486,0.01744504392725898,5846,Interactive,5,IFE
d2_tmp2_pre2,2.3933232173125438e-4,1.1004216477191726e-4,2.174914699536445,0.029636509162484805,5846,Interactive,5,IFE
d3_tmp,-0.003817062411787499,0.006602752021627041,-0.5781017368643967,0.5631954344984544,5846,Interactive,5,IFE
d3_tmp2,1.1996655014841982e-4,2.0694797290610783e-4,0.5796942509934542,0.5621208209425355,5846,Interactive,5,IFE
d3_pre,-0.23796228535311126,0.09510070739387444,-2.502213620426116,0.012341943037832955,5846,Interactive,5,IFE
d3_pre2,0.10211082159561267,0.04626059207274299,2.207296037954883,0.027293383930736215,5846,Interactive,5,IFE
d3_tmp_pre,0.018791446330054747,0.009153401465524163,2.052946808990276,0.04007773653492446,5846,Interactive,5,IFE
d3_tmp2_pre,-3.5376823342291887e-4,2.4141573443746105e-4,-1.465390125657128,0.1428145099149382,5846,Interactive,5,IFE
d3_pre2_tmp,-0.00877447747258988,0.004008960517250526,-2.188716360471342,0.028617462107068347,5846,Interactive,5,IFE
d3_tmp2_pre2,1.8357716929834182e-4,9.141977419197964e-5,2.0080685051008063,0.04463601250509327,5846,Interactive,5,IFE
d4_tmp,-0.003692321657426525,0.005593512493094086,-0.6601078771139196,0.5091846040849926,5846,Interactive,5,IFE
d4_tmp2,4.111919559826984e-5,1.762028549177012e-4,0.2333628227390261,0.8154796794070251,5846,Interactive,5,IFE
d4_pre,-0.22668496555782197,0.07317880892582615,-3.0976859132483185,0.0019503801789812496,5846,Interactive,5,IFE
d4_pre2,0.10180740403105101,0.035729198838454386,2.849417488798501,0.004379936486595567,5846,Interactive,5,IFE
d4_tmp_pre,0.015173545664066031,0.0070910376790626495,2.139820199921966,0.032369300102787504,5846,Interactive,5,IFE
d4_tmp2_pre,-2.26159989451022e-4,1.8945424601815524e-4,-1.1937446333578046,0.23257787541951505,5846,Interactive,5,IFE
d4_pre2_tmp,-0.007262315617292571,0.0031164338164881094,-2.3303288453840585,0.019788777319933174,5846,Interactive,5,IFE
d4_tmp2_pre2,1.2446932246928095e-4,7.186618261309627e-5,1.7319595662870055,0.08328076182505773,5846,Interactive,5,IFE
d5_tmp,-0.0028863838193809383,0.003935150489616293,-0.7334875316705823,0.4632611297050923,5846,Interactive,5,IFE
d5_tmp2,6.880470626762644e-5,1.2540982570588555e-4,0.5486388796121052,0.5832532985663929,5846,Interactive,5,IFE
d5_pre,-0.17076538904539854,0.05176937324355758,-3.2985794176414793,9.717538747388683e-4,5846,Interactive,5,IFE
d5_pre2,0.08423550738844028,0.025154495324415056,3.3487257964058994,8.118409881872744e-4,5846,Interactive,5,IFE
d5_tmp_pre,0.013433236336751945,0.005011653619928775,2.680399994791112,0.007353423297523592,5846,Interactive,5,IFE
d5_tmp2_pre,-2.6572412177278836e-4,1.3366962664148767e-4,-1.987916989440549,0.04682087143975798,5846,Interactive,5,IFE
d5_pre2_tmp,-0.006702764784107128,0.0022093770373336065,-3.0337804144992746,0.0024151014714461896,5846,Interactive,5,IFE
d5_tmp2_pre2,1.3402678872440294e-4,5.121606963833446e-5,2.6168893800489115,0.00887350929351516,5846,Interactive,5,IFE
