ssp,spec,estimator,L,n_country,delta_bhm,delta_unweighted,delta_cold,delta_hot,n_gainers,ratio_bhm_vs_L0,ratio_unw_vs_L0
SSP585,Direct,AFE,0,149,-0.3238573628143445,-0.33228812443095984,0.2355389954386167,-0.8925442160356087,27,1,1
SSP585,Direct,IFE,0,149,-0.3965287321732891,-0.45608942006129266,-0.08075133041150431,-0.8264230018490838,24,1,1
SSP585,Direct,AFE,1,149,-0.2797569740449557,-0.35880660873522974,0.041763103111169896,-0.754035391090344,28,0.8638277407493435,1.079805693777599
SSP585,Direct,IFE,1,149,-0.4717630162809957,-0.5290738227859169,-0.2958451850366228,-0.7591927453652203,13,1.1897322388099434,1.160022134946292
SSP585,Direct,AFE,2,149,-0.18230624912706905,-0.27090998118005927,0.0933791011956499,-0.630341875790759,36,0.5629214279484469,0.8152863772787244
SSP585,Direct,IFE,2,149,-0.4886051216412727,-0.5377450621188666,-0.26758441692702556,-0.8043035653748165,15,1.2322060975590157,1.1790342824584716
SSP585,Direct,AFE,3,149,-0.43694868705698187,-0.4967974516569193,-0.29490895492690217,-0.6959941017638696,11,1.3492010286870286,1.4950803689047873
SSP585,Direct,IFE,3,149,0.4449498207047844,0.31799122412138914,1.2586284481434318,-0.6101041702470263,53,-1.1221124337349015,-0.6972124546950796
SSP585,Direct,AFE,4,149,-0.40477870192021126,-0.45910225328718895,-0.3075798782545926,-0.6086043299860173,6,1.2498672205648014,1.3816390642109075
SSP585,Direct,IFE,4,149,0.51286997815099,0.422867709701397,1.5472551937145382,-0.686527941191569,50,-1.2933992836787878,-0.927159655763488
SSP585,Direct,AFE,5,149,-0.4506339996203612,-0.43666926600719586,-0.49349444805481807,-0.38060175305354194,0,1.3914582509544273,1.3141284141736564
SSP585,Direct,IFE,5,149,-0.47431358703784376,-0.5344027142797775,-0.31040171402323274,-0.7554170345329017,13,1.19616448583242,1.1717060093346618
SSP585,Interactive,AFE,0,149,-0.25938437611420784,-0.2863808052762413,0.3249158112451889,-0.8895268002440525,31,1,1
SSP585,Interactive,IFE,0,149,-0.36630079875769384,-0.4356812662310765,-0.05215285887609549,-0.8140959614879911,26,1,1
SSP585,Interactive,AFE,1,149,-0.2600744095258496,-0.35482277855596817,0.05179825624921465,-0.7560221995637485,30,1.0026602736139278,1.2389893876222189
SSP585,Interactive,IFE,1,149,-0.4886624798402913,-0.49526340673547,-0.2886807412327774,-0.6990916366981267,17,1.3340469949767682,1.1367562599599872
SSP585,Interactive,AFE,2,149,-0.22112687046902446,-0.2655162048564804,0.056867611152854824,-0.5836015699856912,31,0.8525065147781358,0.9271438586827249
SSP585,Interactive,IFE,2,149,-0.46551716018770606,-0.43355956569266474,-0.12413160682636906,-0.7388618184407432,15,1.2708603469239044,0.9951301543057707
SSP585,Interactive,AFE,3,149,-0.4960078148813908,-0.5429204645083353,-0.3970523684174595,-0.6868436526513328,4,1.9122501605994835,1.8957990706976233
SSP585,Interactive,IFE,3,149,0.3586624162173362,0.48172074948928606,1.634627772265701,-0.65581417965011,52,-0.9791472402837691,-1.1056723959156673
SSP585,Interactive,AFE,4,149,-0.47389382871345076,-0.4606101001354246,-0.40943098264908473,-0.5111068293886132,4,1.8269945006432988,1.608383284246731
SSP585,Interactive,IFE,4,149,0.3942582633433691,0.7606102085681389,2.2890432557171145,-0.747443731285517,47,-1.07632378821038,-1.7457950743393376
SSP585,Interactive,AFE,5,149,-0.40410112500644235,-0.30870899828040355,-0.4984097073774452,-0.12153763197132247,35,1.557923923792986,1.0779667931397308
SSP585,Interactive,IFE,5,149,-0.48628552824720983,-0.35452908990911486,0.07649917658122289,-0.779810312846248,14,1.327557924788707,0.8137349879098997
SSP370,Direct,AFE,0,147,-0.31194548794283494,-0.3037352362362855,0.18605257011621748,-0.7869042884488898,31,1,1
SSP370,Direct,IFE,0,147,-0.34045434886571124,-0.35804147297035954,-0.00926834381708812,-0.7021014517296679,28,1,1
SSP370,Direct,AFE,1,147,-0.245247711998424,-0.2708329562661933,0.07894612226980859,-0.6158852904976547,34,0.786187720219138,0.8916744715634625
SSP370,Direct,IFE,1,147,-0.38096194419277263,-0.3986074250964416,-0.1693702776209498,-0.6247467732817241,14,1.1189809895571028,1.1132995900992742
SSP370,Direct,AFE,2,147,-0.16169737607139878,-0.1896981910348227,0.11145574017837417,-0.4867824745289223,39,0.5183513861275351,0.6245511498285642
SSP370,Direct,IFE,2,147,-0.4026333993501393,-0.41260584596928784,-0.14828654916446504,-0.6733532603848563,17,1.1826355007406704,1.1523967951149765
SSP370,Direct,AFE,3,147,-0.34557537228394763,-0.36617328949200234,-0.17051861969539386,-0.5591839772643323,13,1.107806926661736,1.205567368572095
SSP370,Direct,IFE,3,147,0.19922886733693135,0.1629475942982092,0.797424448619273,-0.4629552484779753,58,-0.585185261990926,-0.4551081553384706
SSP370,Direct,AFE,4,147,-0.31276756774755243,-0.3328413649382994,-0.18596213577253057,-0.4777357396558822,8,1.002635331609182,1.0958273036170598
SSP370,Direct,IFE,4,147,0.216921190231133,0.19446225063776576,0.9382573482622847,-0.5392815618837192,56,-0.6371520615138194,-0.543127724909858
SSP370,Direct,AFE,5,147,-0.33521019548068276,-0.3291415110452272,-0.3659929612245584,-0.29278805343588704,0,1.074579400687184,1.0836461226025726
SSP370,Direct,IFE,5,147,-0.38201030331164565,-0.4028463884820765,-0.1793599548186889,-0.6233127352040669,14,1.1220602838071712,1.1251388984075208
SSP370,Interactive,AFE,0,147,-0.282346584805648,-0.273552270778614,0.24395007274417824,-0.7840613393889361,36,1,1
SSP370,Interactive,IFE,0,147,-0.3298869157089227,-0.3457296526672549,0.009398015897894527,-0.6960582986842266,27,1,1
SSP370,Interactive,AFE,1,147,-0.24112001837940567,-0.26070145035776515,0.08088496536689772,-0.5976718334375001,36,0.8539859568175033,0.9530224319313034
SSP370,Interactive,IFE,1,147,-0.3908847104058446,-0.37559053868958386,-0.1712502108850529,-0.5771695107129725,17,1.1849051653529163,1.0863706245384406
SSP370,Interactive,AFE,2,147,-0.1810523927565032,-0.17730153374653665,0.08817358199266985,-0.4391891479216998,39,0.641241660072247,0.6481449897742829
SSP370,Interactive,IFE,2,147,-0.36157706105485266,-0.31679343903923807,-0.03807713853184872,-0.5917433030532843,21,1.0960636625366855,0.9163039287929801
SSP370,Interactive,AFE,3,147,-0.39436974358600085,-0.4103432980795314,-0.2515840284763243,-0.56695717214756,6,1.3967576192127966,1.500054438998324
SSP370,Interactive,IFE,3,147,0.15990908462726217,0.22017645785601933,0.983466625527218,-0.5327989778196226,56,-0.4847390939516944,-0.6368457439429606
SSP370,Interactive,AFE,4,147,-0.35979691815090087,-0.3476091942310652,-0.26229309487079827,-0.4317723733297068,6,1.2743094392254308,1.2707231171639057
SSP370,Interactive,IFE,4,147,0.187981979642031,0.3288246375138897,1.278915703943793,-0.6084273604507447,54,-0.5698376343240537,-0.9511033692859566
SSP370,Interactive,AFE,5,147,-0.3189772650822602,-0.25653886768383954,-0.3713169501881346,-0.14331184034852143,28,1.1297365799619172,0.9378056594216927
SSP370,Interactive,IFE,5,147,-0.35714095122271594,-0.2514873626613291,0.11459703709701718,-0.6126246759364545,22,1.0826162973309343,0.7274104512619615
SSP245,Direct,AFE,0,148,-0.21767310591454703,-0.23170619983541418,0.1015692371103891,-0.5649816367812175,37,1,1
SSP245,Direct,IFE,0,148,-0.22032860547309407,-0.2375475203839136,0.004118808030532053,-0.47921384879835927,31,1,1
SSP245,Direct,AFE,1,148,-0.15496599793305355,-0.17481707157918175,0.05571135112154412,-0.4053454942799076,38,0.7119207367486605,0.7544773152524965
SSP245,Direct,IFE,1,148,-0.24271475596450554,-0.25331984925739104,-0.09130611903950878,-0.4153335794752733,19,1.1016034683437652,1.0663965207802923
SSP245,Direct,AFE,2,148,-0.09969558850188776,-0.11679520094750419,0.0737904380301348,-0.3073808399251432,43,0.45800599979046436,0.5040659293124927
SSP245,Direct,IFE,2,148,-0.26388380084259166,-0.2699455183984909,-0.07970370135671381,-0.4601873354402681,23,1.1976828895003215,1.1363853344468386
SSP245,Direct,AFE,3,148,-0.21493012245226017,-0.22664176361107125,-0.09190840655861858,-0.3613751206635239,16,0.9873986110927104,0.9781428540628593
SSP245,Direct,IFE,3,148,0.09662556614365303,0.06724730116903244,0.4131539883139755,-0.2786593859759106,61,-0.43855207060461643,-0.2830898889634814
SSP245,Direct,AFE,4,148,-0.1892509985984272,-0.1995959450051641,-0.10222764169704003,-0.29696424831328816,11,0.8694275657219793,0.8614182319978546
SSP245,Direct,IFE,4,148,0.09847113698459298,0.06891763041064027,0.47098386595648317,-0.3331486051352026,59,-0.44692851739860895,-0.2901214472761437
SSP245,Direct,AFE,5,148,-0.20743649314498092,-0.20268743254851634,-0.2304569709525676,-0.1749178941444651,0,0.9529725423517191,0.8747605057287613
SSP245,Direct,IFE,5,148,-0.23999355065910888,-0.2528085998146174,-0.09594727676869666,-0.40966992286053816,17,1.0892528010323028,1.0642443221719997
SSP245,Interactive,AFE,0,148,-0.20078475702961385,-0.21591975872570573,0.12146504057323435,-0.5533045580246458,40,1,1
SSP245,Interactive,IFE,0,148,-0.2149345210913709,-0.22918628634363264,0.005853318642023283,-0.46422589132928854,32,1,1
SSP245,Interactive,AFE,1,148,-0.1564117993281975,-0.17173613589987033,0.05319810738363876,-0.39667037918337944,40,0.7790023587553921,0.7953701732227101
SSP245,Interactive,IFE,1,148,-0.2556467851507518,-0.24605261457178804,-0.09875941993226453,-0.3933458092113115,17,1.1894170552624894,1.0735922227164443
SSP245,Interactive,AFE,2,148,-0.1161314540959455,-0.11104758550590937,0.05260865549180953,-0.2747038265036283,42,0.5783878010162754,0.5143002482092386
SSP245,Interactive,IFE,2,148,-0.24310793651872808,-0.2145370045625447,-0.029027070300726723,-0.4000469388243627,22,1.131079062052486,0.9360813335963593
SSP245,Interactive,AFE,3,148,-0.24929606278447303,-0.25633347476538,-0.14732729786920146,-0.3653396516615585,8,1.2416085088954447,1.1871700685392759
SSP245,Interactive,IFE,3,148,0.06569750311851452,0.06421855694695262,0.4525360127053367,-0.3240988988114315,57,-0.3056628725107673,-0.2802024413043018
SSP245,Interactive,AFE,4,148,-0.22616411605366304,-0.21347191583272304,-0.1565873733193452,-0.2703564583461009,7,1.126400825438686,0.988663182529338
SSP245,Interactive,IFE,4,148,0.061069674537616914,0.08227237711860404,0.5581137741735422,-0.39356901993633414,56,-0.28413153097754623,-0.35897600345619357
SSP245,Interactive,AFE,5,148,-0.21602060292030856,-0.16547293160380344,-0.24254375561444125,-0.08840210759316562,31,1.0758814868025444,0.766363081268595
SSP245,Interactive,IFE,5,148,-0.24391415215484502,-0.19088240517664318,0.028534770269675803,-0.4102995806229621,24,1.1348300445936954,0.8328700997861705
SSP126,Direct,AFE,0,148,-0.09560215499231095,-0.11377672400536508,0.03336654123786538,-0.26091998924859555,41,1,1
SSP126,Direct,IFE,0,148,-0.09031859954445232,-0.10344269936885477,0.004203046467763852,-0.2110884452054734,35,1,1
SSP126,Direct,AFE,1,148,-0.06154939918120683,-0.07490923425237529,0.022554275101158296,-0.1723727436059089,41,0.643807654609429,0.6583880394450713
SSP126,Direct,IFE,1,148,-0.09897938035225329,-0.1050960569462566,-0.03195527337425631,-0.17823684051825686,21,1.0958914426428676,1.0159833181799163
SSP126,Direct,AFE,2,148,-0.03872197729670257,-0.048958567353322234,0.02743332904749033,-0.1253504637541348,46,0.40503247337695353,0.4303038937121587
SSP126,Direct,IFE,2,148,-0.11190107608021105,-0.11681566027502273,-0.03157519510636952,-0.20205612544367593,22,1.2389593798466332,1.1292789243490526
SSP126,Direct,AFE,3,148,-0.08516058216797973,-0.09101326931876763,-0.030674956491889192,-0.15135158214564606,18,0.8907809889309397,0.7999287210490957
SSP126,Direct,IFE,3,148,0.03225383668532911,0.011289135026633234,0.1322382139246983,-0.10965994387143185,62,-0.3571117892439714,-0.10913418825603699
SSP126,Direct,AFE,4,148,-0.0728643305080453,-0.0772063305499646,-0.03368432705788723,-0.12072833404204199,15,0.7621620089411751,0.6785775493617129
SSP126,Direct,IFE,4,148,0.03071519636241349,0.006626013951633556,0.14758294872034486,-0.13433092081707776,61,-0.3400760919382537,-0.06405492115017797
SSP126,Direct,AFE,5,148,-0.08245661392488668,-0.0783640696344541,-0.08729336977449564,-0.06943476949441255,0,0.8624974398486986,0.6887530847764511
SSP126,Direct,IFE,5,148,-0.09599079172656333,-0.10301633819119271,-0.0314518774256592,-0.1745807989567262,22,1.0628020386799655,0.9958782864304252
SSP126,Interactive,AFE,0,148,-0.08980601438675084,-0.1095606746212941,0.03517547506417703,-0.25429682430676526,41,1,1
SSP126,Interactive,IFE,0,148,-0.0903997100119498,-0.10282441089848252,-0.0011252664476456595,-0.20452355534931937,32,1,1
SSP126,Interactive,AFE,1,148,-0.06402539433328669,-0.07396664035052777,0.019893210512100377,-0.1678264912131559,41,0.7129299164481394,0.6751203441033914
SSP126,Interactive,IFE,1,148,-0.10830508303511999,-0.10491465541071571,-0.037762582354554826,-0.1720667284668766,19,1.1980689210264426,1.0203282906653057
SSP126,Interactive,AFE,2,148,-0.04786809079257892,-0.04653272607528707,0.01904579016297685,-0.11211124231355099,41,0.5330165370265105,0.4247210619698304
SSP126,Interactive,IFE,2,148,-0.10545940212379323,-0.09363971056824898,-0.012507080350104395,-0.17477234078639356,26,1.1665900489045011,0.9106758769636765
SSP126,Interactive,AFE,3,148,-0.10182841496412343,-0.10597547256278364,-0.05560137718622533,-0.15634956793934196,11,1.1338707731265965,0.9672765609475935
SSP126,Interactive,IFE,3,148,0.018757576344728077,0.0019291596787748323,0.1382566815791254,-0.13439836222157575,58,-0.20749597916020462,-0.018761689582442363
SSP126,Interactive,AFE,4,148,-0.0915953736585432,-0.08465404232068532,-0.05528568174030177,-0.1140224029010689,11,1.019924715332388,0.7726681367497901
SSP126,Interactive,IFE,4,148,0.01295226728490384,0.0011751772082240672,0.16815972087940212,-0.165809366462954,57,-0.14327775258561892,-0.011428970980288986
SSP126,Interactive,AFE,5,148,-0.09620333539050463,-0.06559268582928901,-0.08963303855008044,-0.04155233310849757,33,1.0712348838486878,0.5986882250955078
SSP126,Interactive,IFE,5,148,-0.10294732795729222,-0.08120364599124912,0.016468595839264077,-0.1788758878217623,30,1.1388015287182203,0.7897312056708075
