year,estimator,L,cap,delta_bhm,delta_popgrowth
2021,AFE,0,no cap,-3.580295461824701e-5,-2.643023454470539e-4
2022,AFE,0,no cap,-1.1628852913803112e-4,-7.964497598081932e-4
2023,AFE,0,no cap,-2.501962541585634e-4,-0.0015997687724652598
2024,AFE,0,no cap,-4.461130653229395e-4,-0.0026773603281382563
2025,AFE,0,no cap,-7.124600653541924e-4,-0.004032090573857561
2026,AFE,0,no cap,-0.001120456238030032,-0.005702225722472809
2027,AFE,0,no cap,-0.0015758268081766946,-0.0076603031581771175
2028,AFE,0,no cap,-0.002130497069404602,-0.00990836707126952
2029,AFE,0,no cap,-0.0027924741713031276,-0.01244818173192308
2030,AFE,0,no cap,-0.003569547013051233,-0.015281223513137765
2031,AFE,0,no cap,-0.004605257833709908,-0.01846949910828055
2032,AFE,0,no cap,-0.0056578229476743624,-0.021958219620112907
2033,AFE,0,no cap,-0.006848694710859582,-0.02574784721751766
2034,AFE,0,no cap,-0.008184669163115,-0.029838517865304004
2035,AFE,0,no cap,-0.009672289138148216,-0.03423003554157156
2036,AFE,0,no cap,-0.011526046639014687,-0.039008461280622075
2037,AFE,0,no cap,-0.013349151181536678,-0.04409095616846603
2038,AFE,0,no cap,-0.015339683288931094,-0.049476143908447456
2039,AFE,0,no cap,-0.01750278505186753,-0.05516228862174022
2040,AFE,0,no cap,-0.019843311009874465,-0.061147292225812944
2041,AFE,0,no cap,-0.02254746710135558,-0.06752355193034931
2042,AFE,0,no cap,-0.025236211618313686,-0.07419668529749346
2043,AFE,0,no cap,-0.028107882081142677,-0.08116332149487993
2044,AFE,0,no cap,-0.031165583294699206,-0.08841971653159619
2045,AFE,0,no cap,-0.03441211195140448,-0.09596175462774759
2046,AFE,0,no cap,-0.0378334264237129,-0.10388020006823595
2047,AFE,0,no cap,-0.04140155788903199,-0.11207702805872988
2048,AFE,0,no cap,-0.045154608499535454,-0.12054684260549531
2049,AFE,0,no cap,-0.049093608515827,-0.12928388465087548
2050,AFE,0,no cap,-0.05321928278830712,-0.1382820379598232
2051,AFE,0,no cap,-0.05707165539324677,-0.14761862294765338
2052,AFE,0,no cap,-0.06143327209329441,-0.1572040015772609
2053,AFE,0,no cap,-0.06596603367172671,-0.16703087078562817
2054,AFE,0,no cap,-0.0706688368358449,-0.17709160019343073
2055,AFE,0,no cap,-0.07554029897306913,-0.18737824260186053
2056,AFE,0,no cap,-0.07951262904260692,-0.19794703224838417
2057,AFE,0,no cap,-0.08451044321449319,-0.20872509552958962
2058,AFE,0,no cap,-0.08965221421707925,-0.21970348604900203
2059,AFE,0,no cap,-0.09493487473083151,-0.23087299046429843
2060,AFE,0,no cap,-0.10035512756853582,-0.2422241431977855
2061,AFE,0,no cap,-0.10407693753617786,-0.25379351647786397
2062,AFE,0,no cap,-0.10948573428943797,-0.265524676929178
2063,AFE,0,no cap,-0.11500028169055898,-0.27740741529862545
2064,AFE,0,no cap,-0.12061598133652796,-0.2894313364583938
2065,AFE,0,no cap,-0.12632807844007377,-0.3015858774868434
2066,AFE,0,no cap,-0.1296555104488747,-0.3138952533497331
2067,AFE,0,no cap,-0.1352660357248031,-0.3263132827811679
2068,AFE,0,no cap,-0.1409407995101376,-0.33882895476716623
2069,AFE,0,no cap,-0.14667428525972903,-0.3514311686346753
2070,AFE,0,no cap,-0.15246089867630397,-0.36410875430865797
2071,AFE,0,no cap,-0.15512380069780873,-0.37687116536216947
2072,AFE,0,no cap,-0.16073587859089733,-0.3896861228736326
2073,AFE,0,no cap,-0.1663715452009018,-0.40254234030071
2074,AFE,0,no cap,-0.1720249619732972,-0.4154285455881148
2075,AFE,0,no cap,-0.17769028359158623,-0.4283335021199711
2076,AFE,0,no cap,-0.17940467170816365,-0.44124575535406385
2077,AFE,0,no cap,-0.18483698646397106,-0.4541545348727528
2078,AFE,0,no cap,-0.1902555684018291,-0.46704883294266175
2079,AFE,0,no cap,-0.19565468965734079,-0.4799177596608569
2080,AFE,0,no cap,-0.20102866711078082,-0.49275056298099773
2081,AFE,0,no cap,-0.20156082735723768,-0.5055200139315197
2082,AFE,0,no cap,-0.20662047111626425,-0.5182329405893855
2083,AFE,0,no cap,-0.21163141757053117,-0.5308791328511491
2084,AFE,0,no cap,-0.21658826653427543,-0.5434485926405899
2085,AFE,0,no cap,-0.2214856906103827,-0.555931551478777
2086,AFE,0,no cap,-0.22083422567473177,-0.5682908769672439
2087,AFE,0,no cap,-0.22536821325499712,-0.5805460805523722
2088,AFE,0,no cap,-0.22982253683127307,-0.5926881937669453
2089,AFE,0,no cap,-0.2341922189434974,-0.6047085381310326
2090,AFE,0,no cap,-0.23847235914436948,-0.6165987389909933
2091,AFE,0,no cap,-0.2365278254792733,-0.6283141265445974
2092,AFE,0,no cap,-0.24040719599090932,-0.639885348371976
2093,AFE,0,no cap,-0.24417990812795465,-0.651305018045724
2094,AFE,0,no cap,-0.24784139577402708,-0.662566095243862
2095,AFE,0,no cap,-0.25138715412069246,-0.6736618949688928
2096,AFE,0,no cap,-0.2479648179752485,-0.6845434222530025
2097,AFE,0,no cap,-0.25102177649082624,-0.6952497282517813
2098,AFE,0,no cap,-0.25394685406953144,-0.7057752227133605
2099,AFE,0,no cap,-0.25673579668279933,-0.7161146926114706
2100,AFE,0,no cap,-0.25938437611420784,-0.7262633063284892
2021,AFE,0,30 C cap,-3.580295461824701e-5,-2.643023454470539e-4
2022,AFE,0,30 C cap,-1.1628852913803112e-4,-7.964497598081932e-4
2023,AFE,0,30 C cap,-2.501962541585634e-4,-0.0015997687724652598
2024,AFE,0,30 C cap,-4.4559514399344913e-4,-0.0026744907220155323
2025,AFE,0,30 C cap,-7.100098486093609e-4,-0.004018713386631845
2026,AFE,0,30 C cap,-0.0011143156591710834,-0.0056698893900585245
2027,AFE,0,30 C cap,-0.001564447942618452,-0.007601064689173098
2028,AFE,0,30 C cap,-0.002112135762876055,-0.009814326173207655
2029,AFE,0,30 C cap,-0.0027653046262358094,-0.012311495121194005
2030,AFE,0,30 C cap,-0.0035316665941763636,-0.015094119401311556
2031,AFE,0,30 C cap,-0.004552688171248653,-0.018221914766246683
2032,AFE,0,30 C cap,-0.005587437531975881,-0.02164161612432758
2033,AFE,0,30 C cap,-0.006750639992338159,-0.02535216576917987
2034,AFE,0,30 C cap,-0.008049176151107007,-0.029353131935560328
2035,AFE,0,30 C cap,-0.009489350452201673,-0.03364402423148238
2036,AFE,0,30 C cap,-0.011276263256781882,-0.038305288809316274
2037,AFE,0,30 C cap,-0.01302964564497111,-0.04325655428423725
2038,AFE,0,30 C cap,-0.014940780835984824,-0.04849524449036979
2039,AFE,0,30 C cap,-0.017015113241960367,-0.05401849253417146
2040,AFE,0,30 C cap,-0.01925785687148107,-0.05982339900419842
2041,AFE,0,30 C cap,-0.02183088273052347,-0.06599128906071405
2042,AFE,0,30 C cap,-0.024400417779866013,-0.07243427327853624
2043,AFE,0,30 C cap,-0.02714466615061717,-0.07914963482024528
2044,AFE,0,30 C cap,-0.03006722189409694,-0.08613432844499114
2045,AFE,0,30 C cap,-0.033171371795566174,-0.09338498075613755
2046,AFE,0,30 C cap,-0.03640665851496239,-0.10098197135032383
2047,AFE,0,30 C cap,-0.039814927300096836,-0.10883853706600621
2048,AFE,0,30 C cap,-0.043402196843613794,-0.11695019044065069
2049,AFE,0,30 C cap,-0.047169964971687905,-0.12531212031398098
2050,AFE,0,30 C cap,-0.05111941112834928,-0.1339191957552378
2051,AFE,0,30 C cap,-0.054750769343806405,-0.1428366482892609
2052,AFE,0,30 C cap,-0.05892210787337615,-0.15198852762109294
2053,AFE,0,30 C cap,-0.06326017135797812,-0.16136727548860896
2054,AFE,0,30 C cap,-0.06776414997020119,-0.17096611824845298
2055,AFE,0,30 C cap,-0.07243248956512338,-0.18077817737920354
2056,AFE,0,30 C cap,-0.07616467463853582,-0.1908467173008358
2057,AFE,0,30 C cap,-0.08094758423873238,-0.20111395496456863
2058,AFE,0,30 C cap,-0.08587078497418776,-0.21157230745952638
2059,AFE,0,30 C cap,-0.0909277498026172,-0.2222085279200806
2060,AFE,0,30 C cap,-0.09611499643837074,-0.23301302182030748
2061,AFE,0,30 C cap,-0.09958215660176506,-0.24400800086354357
2062,AFE,0,30 C cap,-0.10474886328383348,-0.25515308801793013
2063,AFE,0,30 C cap,-0.11001707838763863,-0.2664397950359747
2064,AFE,0,30 C cap,-0.11538298585520235,-0.2778589367183619
2065,AFE,0,30 C cap,-0.12084262772768295,-0.2894017590810165
2066,AFE,0,30 C cap,-0.1239242955526676,-0.30107786217002086
2067,AFE,0,30 C cap,-0.12928641551582531,-0.31285930613060586
2068,AFE,0,30 C cap,-0.13471281191176632,-0.3247369738688086
2069,AFE,0,30 C cap,-0.14019851638688285,-0.33670164420260507
2070,AFE,0,30 C cap,-0.14573757312230584,-0.34874164648548467
2071,AFE,0,30 C cap,-0.14819514354350438,-0.36085120729005715
2072,AFE,0,30 C cap,-0.1535619347843734,-0.3729936042952311
2073,AFE,0,30 C cap,-0.1589448082024435,-0.38515990783861087
2074,AFE,0,30 C cap,-0.16433884542041588,-0.39734171584419076
2075,AFE,0,30 C cap,-0.16973905148931356,-0.40953069552796484
2076,AFE,0,30 C cap,-0.1712618724834699,-0.42169798145080095
2077,AFE,0,30 C cap,-0.17643274502997208,-0.4338553875567688
2078,AFE,0,30 C cap,-0.1815875733111142,-0.44599508306373836
2079,AFE,0,30 C cap,-0.1867213586396238,-0.4581086776248837
2080,AFE,0,30 C cap,-0.19182919708368407,-0.47018837467282426
2081,AFE,0,30 C cap,-0.19219882060750393,-0.48218682123676104
2082,AFE,0,30 C cap,-0.1970001789508794,-0.4941328941235269
2083,AFE,0,30 C cap,-0.20175342868728852,-0.5060177368430556
2084,AFE,0,30 C cap,-0.20645389903149447,-0.5178345115255
2085,AFE,0,30 C cap,-0.21109693141852615,-0.5295764982010576
2086,AFE,0,30 C cap,-0.21031040901378795,-0.5411770271516095
2087,AFE,0,30 C cap,-0.2145924048647394,-0.5526818089617205
2088,AFE,0,30 C cap,-0.21879470862830086,-0.5640852795792846
2089,AFE,0,30 C cap,-0.2229132816161693,-0.5753818586837718
2090,AFE,0,30 C cap,-0.22694272392975978,-0.5865616151539625
2091,AFE,0,30 C cap,-0.22489014125360085,-0.5975545785618259
2092,AFE,0,30 C cap,-0.22852544746479186,-0.6084193893574474
2093,AFE,0,30 C cap,-0.23204725386741165,-0.6191112621856016
2094,AFE,0,30 C cap,-0.23544989452431253,-0.6296161312614361
2095,AFE,0,30 C cap,-0.23872988389628003,-0.6399303440429593
2096,AFE,0,30 C cap,-0.23521497896268573,-0.6499924603240976
2097,AFE,0,30 C cap,-0.23800765715407524,-0.6598675725994898
2098,AFE,0,30 C cap,-0.240667673931247,-0.6695565660198242
2099,AFE,0,30 C cap,-0.2431924347763006,-0.6790603692433528
2100,AFE,0,30 C cap,-0.24557892482806076,-0.6883767467744571
2021,AFE,1,no cap,-3.0875785312911574e-5,-2.679459693000208e-4
2022,AFE,1,no cap,-9.095696676841847e-5,-7.141311947653772e-4
2023,AFE,1,no cap,-1.8631551069925312e-4,-0.0013408433169285194
2024,AFE,1,no cap,-3.230025653311319e-4,-0.002150268627569174
2025,AFE,1,no cap,-5.070399965672046e-4,-0.0031444878524706787
2026,AFE,1,no cap,-7.903329686240745e-4,-0.004350730907391687
2027,AFE,1,no cap,-0.001102246778650784,-0.005749331730884322
2028,AFE,1,no cap,-0.0014818507526286329,-0.007342000339219279
2029,AFE,1,no cap,-0.0019351191403689239,-0.009130320231543032
2030,AFE,1,no cap,-0.0024679677537415845,-0.011115744420486351
2031,AFE,1,no cap,-0.0031764443528591313,-0.01334102814817073
2032,AFE,1,no cap,-0.003898864205918895,-0.015769315363024616
2033,AFE,1,no cap,-0.004718436931263059,-0.018401598793523655
2034,AFE,1,no cap,-0.005640730732179855,-0.02123872118109349
2035,AFE,1,no cap,-0.006671235939673448,-0.024281371857943213
2036,AFE,1,no cap,-0.007947857531343638,-0.027588633992089107
2037,AFE,1,no cap,-0.009216599025537286,-0.031105520632237815
2038,AFE,1,no cap,-0.010607483530951867,-0.03483217473935596
2039,AFE,1,no cap,-0.012125403862674689,-0.038768568968353234
2040,AFE,1,no cap,-0.013775148085708566,-0.042914503115927816
2041,AFE,1,no cap,-0.015671133930634795,-0.047333737989134206
2042,AFE,1,no cap,-0.017582201238796724,-0.05196402505718056
2043,AFE,1,no cap,-0.01963361948394793,-0.05680455339273516
2044,AFE,1,no cap,-0.021829310107796873,-0.06185432721433437
2045,AFE,1,no cap,-0.024173060205327834,-0.06711216452698232
2046,AFE,1,no cap,-0.026642423127710146,-0.07264158245966479
2047,AFE,1,no cap,-0.029249147400063902,-0.07837787715234346
2048,AFE,1,no cap,-0.032007344768257395,-0.08431921941656428
2049,AFE,1,no cap,-0.03491983851150704,-0.09046358807973742
2050,AFE,1,no cap,-0.037989295158588066,-0.09680877009002486
2051,AFE,1,no cap,-0.04088877498900001,-0.10341005099343992
2052,AFE,1,no cap,-0.044184813916362975,-0.11020819069294374
2053,AFE,1,no cap,-0.047633943808045864,-0.11720032852083262
2054,AFE,1,no cap,-0.051237691854134515,-0.12438341350137017
2055,AFE,1,no cap,-0.05499741528127533,-0.13175420610415234
2056,AFE,1,no cap,-0.058165743479520415,-0.13935410618647204
2057,AFE,1,no cap,-0.06209902559527225,-0.14713516079738642
2058,AFE,1,no cap,-0.06617808860124241,-0.15509351910797942
2059,AFE,1,no cap,-0.07040309176205894,-0.16322515109032998
2060,AFE,1,no cap,-0.07477402348718509,-0.17152585098880901
2061,AFE,1,no cap,-0.07799958721909395,-0.1800235972340687
2062,AFE,1,no cap,-0.08246655011343884,-0.18868164617896976
2063,AFE,1,no cap,-0.08706321312280707,-0.19749524661838502
2064,AFE,1,no cap,-0.0917884430121716,-0.206459488414106
2065,AFE,1,no cap,-0.09664095330502331,-0.21556930763345106
2066,AFE,1,no cap,-0.09985434636960977,-0.22484397606008566
2067,AFE,1,no cap,-0.10475311485775896,-0.2342536529002951
2068,AFE,1,no cap,-0.10976121176075015,-0.24379281538436348
2069,AFE,1,no cap,-0.11487648007502271,-0.25345581045896715
2070,AFE,1,no cap,-0.1200966398666452,-0.26323686143266756
2071,AFE,1,no cap,-0.12312022780071408,-0.2731441723959228
2072,AFE,1,no cap,-0.12834210259015877,-0.2831575926431401
2073,AFE,1,no cap,-0.13365092997146488,-0.29327099938901824
2074,AFE,1,no cap,-0.13904385609029646,-0.30347817536102617
2075,AFE,1,no cap,-0.14451794204352975,-0.3137728166712893
2076,AFE,1,no cap,-0.14714313890851427,-0.32414634113733054
2077,AFE,1,no cap,-0.15258097124288017,-0.3345945668277417
2078,AFE,1,no cap,-0.1580832432658268,-0.3451109808440703
2079,AFE,1,no cap,-0.1636467116632332,-0.35568901680578835
2080,AFE,1,no cap,-0.1692680868822547,-0.3663220635553903
2081,AFE,1,no cap,-0.17131377150565952,-0.3769875622692167
2082,AFE,1,no cap,-0.17684153834311112,-0.3876950669883644
2083,AFE,1,no cap,-0.18241087923935417,-0.3984379007343285
2084,AFE,1,no cap,-0.1880184032489166,-0.4092093768884424
2085,AFE,1,no cap,-0.19366070928951373,-0.4200028082730721
2086,AFE,1,no cap,-0.1951134157205291,-0.4307854234888775
2087,AFE,1,no cap,-0.20062422235733113,-0.4415772678045009
2088,AFE,1,no cap,-0.20615514649432298,-0.4523717289289043
2089,AFE,1,no cap,-0.21170286115340775,-0.4631622291491849
2090,AFE,1,no cap,-0.21726405952256234,-0.4739422343029658
2091,AFE,1,no cap,-0.2180211919953119,-0.48466988503924135
2092,AFE,1,no cap,-0.22342134296230443,-0.49537512349669366
2093,AFE,1,no cap,-0.2288223806169538,-0.5060516234534389
2094,AFE,1,no cap,-0.2342212057123666,-0.516693135305676
2095,AFE,1,no cap,-0.23961476256891012,-0.5272934944519827
2096,AFE,1,no cap,-0.2395278020898124,-0.5378038592734493
2097,AFE,1,no cap,-0.2446925474921502,-0.5482624112165444
2098,AFE,1,no cap,-0.24984037133489645,-0.5586633106988934
2099,AFE,1,no cap,-0.25496854741644126,-0.5690008322948436
2100,AFE,1,no cap,-0.2600744095258496,-0.5792693720975118
2021,AFE,1,30 C cap,-3.0875785312911574e-5,-2.679459693000208e-4
2022,AFE,1,30 C cap,-9.095696676841847e-5,-7.141311947653772e-4
2023,AFE,1,30 C cap,-1.8631551069925312e-4,-0.0013408433169285194
2024,AFE,1,30 C cap,-3.224289833801963e-4,-0.0021470924156837823
2025,AFE,1,30 C cap,-5.045898468755139e-4,-0.003131129665835841
2026,AFE,1,30 C cap,-7.848358131030686e-4,-0.0043219260474008925
2027,AFE,1,30 C cap,-0.0010927703847746217,-0.005700287099321688
2028,AFE,1,30 C cap,-0.00146729372695531,-0.007267935350550037
2029,AFE,1,30 C cap,-0.0019143224884549115,-0.00902647265994938
2030,AFE,1,30 C cap,-0.0024397163520074594,-0.010977376346390844
2031,AFE,1,30 C cap,-0.0031380018923107267,-0.013161829017975912
2032,AFE,1,30 C cap,-0.0038472103270013047,-0.015543691185039177
2033,AFE,1,30 C cap,-0.004644563905168542,-0.018122510705747108
2034,AFE,1,30 C cap,-0.005538644114574165,-0.020899301407420134
2035,AFE,1,30 C cap,-0.00653448476919416,-0.02387468173976104
2036,AFE,1,30 C cap,-0.0077629364081753804,-0.027103624309730567
2037,AFE,1,30 C cap,-0.008982529329364386,-0.03053257816597943
2038,AFE,1,30 C cap,-0.01031783696512445,-0.03416094135835801
2039,AFE,1,30 C cap,-0.011773771298832614,-0.03798782875001161
2040,AFE,1,30 C cap,-0.013355191043128656,-0.042012457249204105
2041,AFE,1,30 C cap,-0.015158589325202865,-0.04628974488259541
2042,AFE,1,30 C cap,-0.016985538614130324,-0.050763328042210065
2043,AFE,1,30 C cap,-0.01894647376737013,-0.0554329457247098
2044,AFE,1,30 C cap,-0.02104545118644252,-0.06029788955387849
2045,AFE,1,30 C cap,-0.0232863969566679,-0.06535728592247514
2046,AFE,1,30 C cap,-0.025620293940595174,-0.07066735020306258
2047,AFE,1,30 C cap,-0.02810914905320172,-0.07617082903534855
2048,AFE,1,30 C cap,-0.030743676683290477,-0.08186628188705203
2049,AFE,1,30 C cap,-0.033526844179627036,-0.08775209703082276
2050,AFE,1,30 C cap,-0.03646146181921606,-0.09382649121710884
2051,AFE,1,30 C cap,-0.03919084109625026,-0.10013617502152805
2052,AFE,1,30 C cap,-0.04233731166454302,-0.10663100877962994
2053,AFE,1,30 C cap,-0.04563102852055423,-0.11330702667278492
2054,AFE,1,30 C cap,-0.04907371671284988,-0.12016206586937839
2055,AFE,1,30 C cap,-0.05266616695960502,-0.12719343691987683
2056,AFE,1,30 C cap,-0.055635364163011736,-0.13443317257653153
2057,AFE,1,30 C cap,-0.059386196705315863,-0.14184360121342854
2058,AFE,1,30 C cap,-0.06327696213049616,-0.14942151837106132
2059,AFE,1,30 C cap,-0.06730174244742249,-0.15715700786222242
2060,AFE,1,30 C cap,-0.07146234851695643,-0.165047827094282
2061,AFE,1,30 C cap,-0.07445539030710469,-0.17311200048998288
2062,AFE,1,30 C cap,-0.07869660728250694,-0.18132382165790095
2063,AFE,1,30 C cap,-0.08305992572680465,-0.18967955331358255
2064,AFE,1,30 C cap,-0.08754460701428068,-0.1981745664790655
2065,AFE,1,30 C cap,-0.0921498640929116,-0.20680488342540237
2066,AFE,1,30 C cap,-0.09511478000958662,-0.21557863830648394
2067,AFE,1,30 C cap,-0.09975955115838941,-0.2244788597449202
2068,AFE,1,30 C cap,-0.10450884597310839,-0.23350102837595166
2069,AFE,1,30 C cap,-0.10936093782082701,-0.2426405047862109
2070,AFE,1,30 C cap,-0.11431287947485036,-0.25188981675771627
2071,AFE,1,30 C cap,-0.11709764524274147,-0.2612458584646101
2072,AFE,1,30 C cap,-0.12203889933578482,-0.27067630399034526
2073,AFE,1,30 C cap,-0.12705530784510777,-0.28018370923393865
2074,AFE,1,30 C cap,-0.13214471342578848,-0.28976357487455906
2075,AFE,1,30 C cap,-0.13730474673830595,-0.29941123697344885
2076,AFE,1,30 C cap,-0.1396748316513795,-0.3091033655195321
2077,AFE,1,30 C cap,-0.14479018915550113,-0.3188532603415051
2078,AFE,1,30 C cap,-0.14996240145294304,-0.32865634503451535
2079,AFE,1,30 C cap,-0.15518881751292446,-0.3385072926106767
2080,AFE,1,30 C cap,-0.16046692263864093,-0.3484015425179815
2081,AFE,1,30 C cap,-0.16226115832686971,-0.3582990063879433
2082,AFE,1,30 C cap,-0.16744188453308784,-0.36822571578155616
2083,AFE,1,30 C cap,-0.1726592447642159,-0.3781763101142219
2084,AFE,1,30 C cap,-0.177910854133024,-0.3881472521287175
2085,AFE,1,30 C cap,-0.1831940676692574,-0.3981340038604879
2086,AFE,1,30 C cap,-0.1843980970512381,-0.40807521963348814
2087,AFE,1,30 C cap,-0.18953963048467426,-0.418015909037196
2088,AFE,1,30 C cap,-0.19469614858515538,-0.42795257095164085
2089,AFE,1,30 C cap,-0.19986524499742597,-0.43788084828000506
2090,AFE,1,30 C cap,-0.20504246985207863,-0.44779068419991175
2091,AFE,1,30 C cap,-0.20555761244064208,-0.4576174572822064
2092,AFE,1,30 C cap,-0.210570724672002,-0.46741693612040525
2093,AFE,1,30 C cap,-0.21556807055195815,-0.47712993512971236
2094,AFE,1,30 C cap,-0.22054801877601593,-0.4867539978999964
2095,AFE,1,30 C cap,-0.22550881799873979,-0.49628873271200324
2096,AFE,1,30 C cap,-0.22517216414628405,-0.5056751287476303
2097,AFE,1,30 C cap,-0.22989412208737559,-0.5149736741213826
2098,AFE,1,30 C cap,-0.23459214209317059,-0.524184023618725
2099,AFE,1,30 C cap,-0.23926526686720662,-0.53330540747568
2100,AFE,1,30 C cap,-0.24391125573573813,-0.5423318641872326
2021,AFE,2,no cap,-2.283323351759403e-5,-2.3764691511451996e-4
2022,AFE,2,no cap,-1.0879560608723082e-4,-6.838882233290988e-4
2023,AFE,2,no cap,-2.2702425935772208e-4,-0.0012458490689574164
2024,AFE,2,no cap,-3.8136239024577634e-4,-0.0019248681638688314
2025,AFE,2,no cap,-5.756647116520464e-4,-0.0027222359262440987
2026,AFE,2,no cap,-8.559972965639373e-4,-0.0036587117789809165
2027,AFE,2,no cap,-0.0011546691680186516,-0.00471836613604959
2028,AFE,2,no cap,-0.0015064751132123355,-0.005902318175899257
2029,AFE,2,no cap,-0.0019152187563192813,-0.007211630774511479
2030,AFE,2,no cap,-0.002384684282001226,-0.008647308993304459
2031,AFE,2,no cap,-0.002999565287811201,-0.010239896518507097
2032,AFE,2,no cap,-0.0036119959214248043,-0.011962867368018104
2033,AFE,2,no cap,-0.004296018480253405,-0.013817022075182761
2034,AFE,2,no cap,-0.005055151447414863,-0.015803095726681815
2035,AFE,2,no cap,-0.0058928795178391224,-0.01792175659491224
2036,AFE,2,no cap,-0.006930743969047137,-0.02021381587192006
2037,AFE,2,no cap,-0.007940750795684126,-0.022641664735546962
2038,AFE,2,no cap,-0.009037750353850793,-0.025205733663101082
2039,AFE,2,no cap,-0.010224851291842363,-0.027906379326220088
2040,AFE,2,no cap,-0.011505117408748822,-0.030743883449396492
2041,AFE,2,no cap,-0.012991365012482659,-0.03376145954919341
2042,AFE,2,no cap,-0.01445863177281359,-0.0369178554970776
2043,AFE,2,no cap,-0.016024632105669956,-0.04021308832615833
2044,AFE,2,no cap,-0.01769198442891695,-0.04364709449038262
2045,AFE,2,no cap,-0.01946325307159469,-0.04721972903379412
2046,AFE,2,no cap,-0.02136314263724337,-0.050973719695409425
2047,AFE,2,no cap,-0.023322120037516658,-0.054867028101696524
2048,AFE,2,no cap,-0.02538771231516912,-0.05889922609951659
2049,AFE,2,no cap,-0.027562019097949975,-0.0630698001964839
2050,AFE,2,no cap,-0.0298470802166253,-0.06737815111608803
2051,AFE,2,no cap,-0.03207492659455602,-0.07186155390084725
2052,AFE,2,no cap,-0.034529304863922694,-0.07648209239863257
2053,AFE,2,no cap,-0.03709346877940789,-0.08123887666016805
2054,AFE,2,no cap,-0.039768916839355795,-0.08613092907695752
2055,AFE,2,no cap,-0.042557082108183875,-0.09115718438200437
2056,AFE,2,no cap,-0.04502624312289283,-0.09634582267944514
2057,AFE,2,no cap,-0.04795829273850771,-0.10166673268788651
2058,AFE,2,no cap,-0.05099890540967389,-0.10711856240295814
2059,AFE,2,no cap,-0.054148913125588116,-0.11269987253494151
2060,AFE,2,no cap,-0.05740907704066556,-0.11840913699399258
2061,AFE,2,no cap,-0.060008756253625006,-0.12426588808631622
2062,AFE,2,no cap,-0.06337384263459567,-0.13024753035507408
2063,AFE,2,no cap,-0.06684164317604546,-0.13635226379006637
2064,AFE,2,no cap,-0.07041230961342515,-0.14257820416782785
2065,AFE,2,no cap,-0.074085922749899,-0.14892338403837402
2066,AFE,2,no cap,-0.07680231666397963,-0.1554019040421718
2067,AFE,2,no cap,-0.08056194280303419,-0.16199562745977947
2068,AFE,2,no cap,-0.0844163184484833,-0.16870233118567335
2069,AFE,2,no cap,-0.08836501120529883,-0.17551971359131213
2070,AFE,2,no cap,-0.09240752236745509,-0.18244539601167886
2071,AFE,2,no cap,-0.09515579526080953,-0.18948641811807
2072,AFE,2,no cap,-0.0992667516569622,-0.1966308421378684
2073,AFE,2,no cap,-0.10346321858205565,-0.2038760610151863
2074,AFE,2,no cap,-0.10774430101469223,-0.2112193973854628
2075,AFE,2,no cap,-0.11210904589929693,-0.21865810553696297
2076,AFE,2,no cap,-0.11478650947620928,-0.22618794276311494
2077,AFE,2,no cap,-0.11920603320528878,-0.2338075377096741
2078,AFE,2,no cap,-0.12370127184377888,-0.24151395406318632
2079,AFE,2,no cap,-0.12827097332670767,-0.24930419572104467
2080,AFE,2,no cap,-0.1329138371104166,-0.25717520917706604
2081,AFE,2,no cap,-0.13542066896188798,-0.26511286258461975
2082,AFE,2,no cap,-0.14008551459205798,-0.2731251574898308
2083,AFE,2,no cap,-0.14481509707643414,-0.28120889226762047
2084,AFE,2,no cap,-0.14960789962666743,-0.2893608179361731
2085,AFE,2,no cap,-0.15446236746911857,-0.29757764089679983
2086,AFE,2,no cap,-0.15680608678332875,-0.3058375054318204
2087,AFE,2,no cap,-0.16166189032915956,-0.3141558045448626
2088,AFE,2,no cap,-0.16657127596186516,-0.32252914159407575
2089,AFE,2,no cap,-0.17153255314982807,-0.33095408648992564
2090,AFE,2,no cap,-0.1765440035286654,-0.33942717870482764
2091,AFE,2,no cap,-0.1786671249779731,-0.34791945831990034
2092,AFE,2,no cap,-0.18366525731586136,-0.35645328442249913
2093,AFE,2,no cap,-0.18870618014996365,-0.36502514078873716
2094,AFE,2,no cap,-0.19378810948408753,-0.37363149262666895
2095,AFE,2,no cap,-0.19890924274941046,-0.38226878975899614
2096,AFE,2,no cap,-0.20069146877983057,-0.39090129018745223
2097,AFE,2,no cap,-0.20575488059659042,-0.39955819025006034
2098,AFE,2,no cap,-0.21084978941708488,-0.4082359322245577
2099,AFE,2,no cap,-0.21597439083408554,-0.4169309551282081
2100,AFE,2,no cap,-0.22112687046902446,-0.42563969796898793
2021,AFE,2,30 C cap,-2.283323351759403e-5,-2.3764691511451996e-4
2022,AFE,2,30 C cap,-1.0879560608723082e-4,-6.838882233290988e-4
2023,AFE,2,30 C cap,-2.2702425935772208e-4,-0.0012458490689574164
2024,AFE,2,30 C cap,-3.8079713818950367e-4,-0.001921737807183188
2025,AFE,2,30 C cap,-5.731943931650552e-4,-0.0027087670664313057
2026,AFE,2,30 C cap,-8.504152108083085e-4,-0.0036294583078751996
2027,AFE,2,30 C cap,-0.001145197493087835,-0.004669359620296576
2028,AFE,2,30 C cap,-0.0014921751775858194,-0.005829597595036429
2029,AFE,2,30 C cap,-0.0018951030324114715,-0.007111245665616828
2030,AFE,2,30 C cap,-0.0023577173022178988,-0.008515322647106638
2031,AFE,2,30 C cap,-0.0029632796161698227,-0.010070939213254193
2032,AFE,2,30 C cap,-0.003563520532268716,-0.011752141629897461
2033,AFE,2,30 C cap,-0.0042262709944759225,-0.013558180998660352
2034,AFE,2,30 C cap,-0.004957854072527912,-0.015489866472695901
2035,AFE,2,30 C cap,-0.0057621690997115005,-0.01754795071226989
2036,AFE,2,30 C cap,-0.006753824742745107,-0.01976951513034597
2037,AFE,2,30 C cap,-0.0077171573197039045,-0.02211807314067371
2038,AFE,2,30 C cap,-0.008761686733489094,-0.02459348633497649
2039,AFE,2,30 C cap,-0.009890556817641727,-0.027195541609539742
2040,AFE,2,30 C cap,-0.011106901248079892,-0.029924120607235816
2041,AFE,2,30 C cap,-0.012506287590002496,-0.03281441190442003
2042,AFE,2,30 C cap,-0.013895279918264114,-0.03583032780656614
2043,AFE,2,30 C cap,-0.015377331667460026,-0.03897328084058904
2044,AFE,2,30 C cap,-0.016955191403991376,-0.0422435578885656
2045,AFE,2,30 C cap,-0.018631533317631677,-0.04564117616414376
2046,AFE,2,30 C cap,-0.020405812476043783,-0.049202382838236525
2047,AFE,2,30 C cap,-0.022256298842872946,-0.05289153262682578
2048,AFE,2,30 C cap,-0.024208179512295147,-0.05670840246705777
2049,AFE,2,30 C cap,-0.02626366119197976,-0.06065269538260165
2050,AFE,2,30 C cap,-0.02842488861562098,-0.0647240399437129
2051,AFE,2,30 C cap,-0.03049582706219134,-0.06895222976415427
2052,AFE,2,30 C cap,-0.03281285274907897,-0.07330696715089557
2053,AFE,2,30 C cap,-0.035234209188882315,-0.07778598533008929
2054,AFE,2,30 C cap,-0.03776150086438512,-0.08238878775664349
2055,AFE,2,30 C cap,-0.04039559641388324,-0.08711485705274069
2056,AFE,2,30 C cap,-0.042680524590389624,-0.09198426043781549
2057,AFE,2,30 C cap,-0.04544379975568669,-0.09697542980113372
2058,AFE,2,30 C cap,-0.048310004114084815,-0.1020873997004369
2059,AFE,2,30 C cap,-0.05127351310376704,-0.10731216036647395
2060,AFE,2,30 C cap,-0.05433626724701557,-0.11264919687121788
2061,AFE,2,30 C cap,-0.05671689459791518,-0.11811016415106668
2062,AFE,2,30 C cap,-0.059868761214682875,-0.12368185778238006
2063,AFE,2,30 C cap,-0.06311568393639344,-0.12936331166743575
2064,AFE,2,30 C cap,-0.06645816246943403,-0.1351528110304102
2065,AFE,2,30 C cap,-0.06989665484908447,-0.14104902381515871
2066,AFE,2,30 C cap,-0.07237604634227923,-0.14705637524692627
2067,AFE,2,30 C cap,-0.07589239013593518,-0.153167517955468
2068,AFE,2,30 C cap,-0.07949807733093506,-0.15938080857367098
2069,AFE,2,30 C cap,-0.08319299145808601,-0.16569453712183702
2070,AFE,2,30 C cap,-0.08697572781931506,-0.1721042539516897
2071,AFE,2,30 C cap,-0.08949096505739451,-0.17860664227370182
2072,AFE,2,30 C cap,-0.0933250072727545,-0.1851772007360012
2073,AFE,2,30 C cap,-0.0972286840915133,-0.19181870055390626
2074,AFE,2,30 C cap,-0.101206945064229,-0.1985391778586807
2075,AFE,2,30 C cap,-0.10525908593040356,-0.20533691547100374
2076,AFE,2,30 C cap,-0.10768036835852679,-0.21219477406486975
2077,AFE,2,30 C cap,-0.11177810842023705,-0.21912551344120412
2078,AFE,2,30 C cap,-0.11594353311311811,-0.22612747263512345
2079,AFE,2,30 C cap,-0.12017550235013785,-0.23319799062814917
2080,AFE,2,30 C cap,-0.12447303322073111,-0.24033508478691545
2081,AFE,2,30 C cap,-0.12672203368315071,-0.24751044350059515
2082,AFE,2,30 C cap,-0.13103294105154406,-0.25474325434973766
2083,AFE,2,30 C cap,-0.135400797111062,-0.26203055997864
2084,AFE,2,30 C cap,-0.13982500965728972,-0.2693722788388402
2085,AFE,2,30 C cap,-0.14430457670413155,-0.2767669812915392
2086,AFE,2,30 C cap,-0.1463767614624648,-0.2841681540835813
2087,AFE,2,30 C cap,-0.1508355171890967,-0.2916094102842358
2088,AFE,2,30 C cap,-0.15533904144684696,-0.2990928655998033
2089,AFE,2,30 C cap,-0.15988654738549724,-0.30661686921527265
2090,AFE,2,30 C cap,-0.16447386420832488,-0.3141730099729304
2091,AFE,2,30 C cap,-0.166308319885891,-0.3217134638050959
2092,AFE,2,30 C cap,-0.17086713548676136,-0.32928131464072496
2093,AFE,2,30 C cap,-0.1754417019680523,-0.336814944917713
2094,AFE,2,30 C cap,-0.18002861124476344,-0.3443060140329556
2095,AFE,2,30 C cap,-0.18463251098934463,-0.3517758094884702
2096,AFE,2,30 C cap,-0.1860762834836387,-0.35918939386261217
2097,AFE,2,30 C cap,-0.19059862804484495,-0.36659106653975093
2098,AFE,2,30 C cap,-0.19513783945828522,-0.37398082695718204
2099,AFE,2,30 C cap,-0.199693294897907,-0.38135806000489725
2100,AFE,2,30 C cap,-0.20426235589363217,-0.38871501602115943
2021,IFE,0,no cap,-7.469157774575574e-5,-2.3171497871610214e-4
2022,IFE,0,no cap,-2.3033108799375146e-4,-6.97582987895129e-4
2023,IFE,0,no cap,-4.731004818310236e-4,-0.001399875323649935
2024,IFE,0,no cap,-8.090973811082369e-4,-0.002340690912700172
2025,IFE,0,no cap,-0.0012443246421254273,-0.003521950845418176
2026,IFE,0,no cap,-0.0018339456356137873,-0.004971266316231349
2027,IFE,0,no cap,-0.0025035060721474434,-0.006668539805225304
2028,IFE,0,no cap,-0.0032930993951424403,-0.008615086054631016
2029,IFE,0,no cap,-0.0042084708403600235,-0.010812015330338598
2030,IFE,0,no cap,-0.005255224024153349,-0.013260228877606806
2031,IFE,0,no cap,-0.00654765505646282,-0.01600535175904816
2032,IFE,0,no cap,-0.007892154661705453,-0.019006763319428965
2033,IFE,0,no cap,-0.009384842520579029,-0.022264645267038752
2034,IFE,0,no cap,-0.011030636562295304,-0.02577894825960647
2035,IFE,0,no cap,-0.012834286851531651,-0.029549388759243622
2036,IFE,0,no cap,-0.014970161641208346,-0.033640304758506545
2037,IFE,0,no cap,-0.017116651741841737,-0.03798963192366689
2038,IFE,0,no cap,-0.0194326050632061,-0.04259627019570833
2039,IFE,0,no cap,-0.02192180909828456,-0.04745886975988933
2040,IFE,0,no cap,-0.02458786069361718,-0.05257582976469799
2041,IFE,0,no cap,-0.027595357611512217,-0.05801636297269619
2042,IFE,0,no cap,-0.03061656911558641,-0.06370991773438262
2043,IFE,0,no cap,-0.03381938632770276,-0.06965402470321413
2044,IFE,0,no cap,-0.03720623299356329,-0.07584595756054857
2045,IFE,0,no cap,-0.04077932726288502,-0.08228273398509156
2046,IFE,0,no cap,-0.0445706319496707,-0.08903298124583847
2047,IFE,0,no cap,-0.04848415869489475,-0.0960231116551189
2048,IFE,0,no cap,-0.05258236256793436,-0.1032492706738023
2049,IFE,0,no cap,-0.05686627739746408,-0.11070735280886923
2050,IFE,0,no cap,-0.061336729137148494,-0.11839300507266226
2051,IFE,0,no cap,-0.06572119219549677,-0.12636537381217228
2052,IFE,0,no cap,-0.07047853622587275,-0.13455684028536574
2053,IFE,0,no cap,-0.07541321940356671,-0.14296223287151955
2054,IFE,0,no cap,-0.08052482377142456,-0.15157614918757079
2055,IFE,0,no cap,-0.08581273191842653,-0.16039296207811138
2056,IFE,0,no cap,-0.09058606931490731,-0.1694562465651801
2057,IFE,0,no cap,-0.09609088223096973,-0.17871087482959336
2058,IFE,0,no cap,-0.10175656063994187,-0.1881505082673588
2059,IFE,0,no cap,-0.10758129012170858,-0.1977686113847983
2060,IFE,0,no cap,-0.11356307811608235,-0.20755846014091928
2061,IFE,0,no cap,-0.11848272462335252,-0.21754966697880096
2062,IFE,0,no cap,-0.12459029335925076,-0.2276986637492563
2063,IFE,0,no cap,-0.1308342004374896,-0.23799815943809766
2064,IFE,0,no cap,-0.1372114611592372,-0.24844071182057104
2065,IFE,0,no cap,-0.14371895174593874,-0.25901873778335893
2066,IFE,0,no cap,-0.1486945753657849,-0.26975342783424694
2067,IFE,0,no cap,-0.15526894380479206,-0.28060790400997804
2068,IFE,0,no cap,-0.16195205996966078,-0.2915741836600333
2069,IFE,0,no cap,-0.16874013597789594,-0.30264418787492864
2070,IFE,0,no cap,-0.17562929156667995,-0.31380975326013927
2071,IFE,0,no cap,-0.18047488599811734,-0.3250814564028508
2072,IFE,0,no cap,-0.187380504822946,-0.33643201669477163
2073,IFE,0,no cap,-0.19436675629877154,-0.3478530637156372
2074,IFE,0,no cap,-0.20142942670598907,-0.3593361917859792
2075,IFE,0,no cap,-0.20856425736102857,-0.3708729725235891
2076,IFE,0,no cap,-0.2130811516156843,-0.3824576154341499
2077,IFE,0,no cap,-0.22019119491189965,-0.3940790574256545
2078,IFE,0,no cap,-0.22735501321235496,-0.405728872687644
2079,IFE,0,no cap,-0.23456827726926832,-0.41739866314913243
2080,IFE,0,no cap,-0.2418266551099686,-0.4290800710523732
2081,IFE,0,no cap,-0.24584721637719076,-0.4407544716305726
2082,IFE,0,no cap,-0.25302114839433953,-0.45242426853966744
2083,IFE,0,no cap,-0.26022302897097005,-0.46408130680390014
2084,IFE,0,no cap,-0.26744865053654343,-0.47571752009086965
2085,IFE,0,no cap,-0.27469383785999657,-0.48732494253783976
2086,IFE,0,no cap,-0.2782126962673296,-0.4988761823305071
2087,IFE,0,no cap,-0.28533545588179343,-0.5103836999245052
2088,IFE,0,no cap,-0.29246293119496614,-0.5218399111195147
2089,IFE,0,no cap,-0.2995912161888482,-0.5332373754305171
2090,IFE,0,no cap,-0.3067164631411464,-0.5445688064671842
2091,IFE,0,no cap,-0.30965319928504453,-0.5557997892611632
2092,IFE,0,no cap,-0.3166279732448817,-0.5669516997060018
2093,IFE,0,no cap,-0.32358739025972727,-0.5780177825400824
2094,IFE,0,no cap,-0.33052796926172456,-0.5889914721399356
2095,IFE,0,no cap,-0.3374463048526324,-0.5998664008743868
2096,IFE,0,no cap,-0.3396762523426251,-0.610603018530891
2097,IFE,0,no cap,-0.3463845977216512,-0.621230188480452
2098,IFE,0,no cap,-0.35306008751812,-0.6317421859004969
2099,IFE,0,no cap,-0.35969977509878404,-0.6421335098874517
2100,IFE,0,no cap,-0.36630079875769384,-0.652398889376337
2021,IFE,0,30 C cap,-7.469157774575574e-5,-2.3171497871610214e-4
2022,IFE,0,30 C cap,-2.3033108799375146e-4,-6.97582987895129e-4
2023,IFE,0,30 C cap,-4.731004818310236e-4,-0.001399875323649935
2024,IFE,0,30 C cap,-8.086578919819232e-4,-0.002338257632099494
2025,IFE,0,30 C cap,-0.0012422446155825329,-0.0035106081943646616
2026,IFE,0,30 C cap,-0.0018287301077531959,-0.00494384759699773
2027,IFE,0,30 C cap,-0.002493835612123907,-0.006618306796795981
2028,IFE,0,30 C cap,-0.0032774842901536205,-0.008535332447729527
2029,IFE,0,30 C cap,-0.004185347498381176,-0.010696077098900192
2030,IFE,0,30 C cap,-0.005222958137948264,-0.013101494745995756
2031,IFE,0,30 C cap,-0.006502836524193367,-0.015795255305601996
2032,IFE,0,30 C cap,-0.007832042248824056,-0.01873800552033933
2033,IFE,0,30 C cap,-0.009300818627986929,-0.02192859141162684
2034,IFE,0,30 C cap,-0.010914110793310172,-0.02536645113952174
2035,IFE,0,30 C cap,-0.012676408070598333,-0.029051019054808003
2036,IFE,0,30 C cap,-0.014753852806627554,-0.03304185273949334
2037,IFE,0,30 C cap,-0.01683913174813989,-0.037279014621641626
2038,IFE,0,30 C cap,-0.01908514669066841,-0.04176040623105748
2039,IFE,0,30 C cap,-0.02149589337350477,-0.046483729607780355
2040,IFE,0,30 C cap,-0.024075220143266685,-0.051446656379710576
2041,IFE,0,30 C cap,-0.026966178019099396,-0.05670897960353083
2042,IFE,0,30 C cap,-0.02988087848499077,-0.06220562496655657
2043,IFE,0,30 C cap,-0.03296940972347362,-0.06793458930155283
2044,IFE,0,30 C cap,-0.036234555680153324,-0.073893644333336
2045,IFE,0,30 C cap,-0.03967889665107238,-0.0800803369762294
2046,IFE,0,30 C cap,-0.04330175149424498,-0.08655432483773273
2047,IFE,0,30 C cap,-0.04706941779001961,-0.09325148024438579
2048,IFE,0,30 C cap,-0.05101564730202812,-0.10016859688378998
2049,IFE,0,30 C cap,-0.05514182334815265,-0.10730224642217334
2050,IFE,0,30 C cap,-0.059449112693932604,-0.11464878081481933
2051,IFE,0,30 C cap,-0.06362880463966591,-0.12225683545282184
2052,IFE,0,30 C cap,-0.06820815391350377,-0.13007033142267932
2053,IFE,0,30 C cap,-0.07295971803264478,-0.13808370577100726
2054,IFE,0,30 C cap,-0.07788328049213811,-0.1462921223029484
2055,IFE,0,30 C cap,-0.08297799764061464,-0.15469069772027355
2056,IFE,0,30 C cap,-0.08752264869606119,-0.16331162277106548
2057,IFE,0,30 C cap,-0.09282064960943515,-0.17211256122319551
2058,IFE,0,30 C cap,-0.09827471081041883,-0.1810881704281765
2059,IFE,0,30 C cap,-0.10387957624921185,-0.19022807094387006
2060,IFE,0,30 C cap,-0.10963292236690292,-0.1995251633519961
2061,IFE,0,30 C cap,-0.11430167718070694,-0.2089963916979205
2062,IFE,0,30 C cap,-0.12016831226180191,-0.21861194117982297
2063,IFE,0,30 C cap,-0.12616532016592363,-0.22836579171534688
2064,IFE,0,30 C cap,-0.1322903959929449,-0.23825140360063402
2065,IFE,0,30 C cap,-0.1385411142541384,-0.24826255050310886
2066,IFE,0,30 C cap,-0.14326370661970567,-0.25840732636893715
2067,IFE,0,30 C cap,-0.1495805877639088,-0.26866458734207055
2068,IFE,0,30 C cap,-0.15600410821641564,-0.2790278008909399
2069,IFE,0,30 C cap,-0.1625310009968266,-0.28949033891998277
2070,IFE,0,30 C cap,-0.16915709529856315,-0.30004360564107335
2071,IFE,0,30 C cap,-0.17377796195013484,-0.31068452065604923
2072,IFE,0,30 C cap,-0.18041887318882954,-0.3213843043728295
2073,IFE,0,30 C cap,-0.18713140969959074,-0.33213623456651686
2074,IFE,0,30 C cap,-0.19391196450486148,-0.34293395759880585
2075,IFE,0,30 C cap,-0.2007568338212371,-0.3537711419149856
2076,IFE,0,30 C cap,-0.20505353646436308,-0.36462666955305023
2077,IFE,0,30 C cap,-0.2118718176643255,-0.3755085095182933
2078,IFE,0,30 C cap,-0.2187387297662987,-0.3864106239053624
2079,IFE,0,30 C cap,-0.22565048291593204,-0.3973265191012696
2080,IFE,0,30 C cap,-0.23260335046630287,-0.4082500901875954
2081,IFE,0,30 C cap,-0.2364190495386007,-0.4191454552639742
2082,IFE,0,30 C cap,-0.24328855538108496,-0.4300333170138315
2083,IFE,0,30 C cap,-0.25018304230599764,-0.4409063766356124
2084,IFE,0,30 C cap,-0.2570989287840806,-0.45175907605349586
2085,IFE,0,30 C cap,-0.2640326323587723,-0.4625859039746222
2086,IFE,0,30 C cap,-0.2673573242197893,-0.4733350987564523
2087,IFE,0,30 C cap,-0.27416320765968616,-0.48404105380643114
2088,IFE,0,30 C cap,-0.28096949664419957,-0.4946989068810723
2089,IFE,0,30 C cap,-0.28777309327047573,-0.5053037408772239
2090,IFE,0,30 C cap,-0.2945694664036045,-0.5158470255786707
2091,IFE,0,30 C cap,-0.2973183997555855,-0.5262729727970838
2092,IFE,0,30 C cap,-0.30396170381532106,-0.5366263851184311
2093,IFE,0,30 C cap,-0.31057722720468783,-0.5468676578623877
2094,IFE,0,30 C cap,-0.3171598392274333,-0.5569835449053616
2095,IFE,0,30 C cap,-0.32370669431083055,-0.5669699518167133
2096,IFE,0,30 C cap,-0.32573815904454595,-0.5767767898589364
2097,IFE,0,30 C cap,-0.3320637061236039,-0.5864542858703772
2098,IFE,0,30 C cap,-0.3383486915244832,-0.5960019734794064
2099,IFE,0,30 C cap,-0.3445918795525139,-0.6054194244470517
2100,IFE,0,30 C cap,-0.35079164962569565,-0.6147028670694998
2021,IFE,1,no cap,-1.469976883595736e-4,-3.351956203113682e-4
2022,IFE,1,no cap,-4.4701310053707477e-4,-9.312672363589458e-4
2023,IFE,1,no cap,-9.044512020423001e-4,-0.0017896879325574044
2024,IFE,1,no cap,-0.001523636446462917,-0.0029117143074213203
2025,IFE,1,no cap,-0.002308802698992918,-0.004298382313490334
2026,IFE,1,no cap,-0.0033028288075861445,-0.0059717925000561944
2027,IFE,1,no cap,-0.004445551441571771,-0.007914324425936425
2028,IFE,1,no cap,-0.005768454227439546,-0.010126288590581733
2029,IFE,1,no cap,-0.007275358729713188,-0.012607756110848078
2030,IFE,1,no cap,-0.008969932668185798,-0.015358556142318958
2031,IFE,1,no cap,-0.010931735485519067,-0.018414959074872228
2032,IFE,1,no cap,-0.013025219742638261,-0.0217425231598688
2033,IFE,1,no cap,-0.01531664340780381,-0.025340276287522445
2034,IFE,1,no cap,-0.017808865102276195,-0.029206992724975844
2035,IFE,1,no cap,-0.020504549697199503,-0.033341192482910564
2036,IFE,1,no cap,-0.023515530207097957,-0.037794595305738254
2037,IFE,1,no cap,-0.026635310893356245,-0.042514481591925724
2038,IFE,1,no cap,-0.029963756573975653,-0.04749851919365733
2039,IFE,1,no cap,-0.03350247012864038,-0.05274411850663718
2040,IFE,1,no cap,-0.0372528339005338,-0.0582484340699706
2041,IFE,1,no cap,-0.041304442455458834,-0.0640654559360968
2042,IFE,1,no cap,-0.04547813700500736,-0.07013667334058904
2043,IFE,1,no cap,-0.04986320271220823,-0.0764583913006287
2044,IFE,1,no cap,-0.05445988133880719,-0.08302666642104839
2045,IFE,1,no cap,-0.059268183588952916,-0.08983731086425151
2046,IFE,1,no cap,-0.06426638896631298,-0.09694313459772663
2047,IFE,1,no cap,-0.06947466956055803,-0.10428349246013391
2048,IFE,1,no cap,-0.074888946546675,-0.11185339665729399
2049,IFE,1,no cap,-0.08050812742488977,-0.119647633126304
2050,IFE,1,no cap,-0.08633089490746793,-0.12766076783391245
2051,IFE,1,no cap,-0.09210967184542118,-0.13593726374112547
2052,IFE,1,no cap,-0.09828032880860038,-0.1444217931866545
2053,IFE,1,no cap,-0.10464325769122906,-0.15310822317077832
2054,IFE,1,no cap,-0.11119608543672832,-0.161990229037136
2055,IFE,1,no cap,-0.1179362336568982,-0.171061302859434
2056,IFE,1,no cap,-0.12432022606737336,-0.18035224986955312
2057,IFE,1,no cap,-0.13134287243888054,-0.18981891955039987
2058,IFE,1,no cap,-0.13853689849004458,-0.19945424985844307
2059,IFE,1,no cap,-0.14589877427709397,-0.20925103227900366
2060,IFE,1,no cap,-0.15342479534813214,-0.21920192187712695
2061,IFE,1,no cap,-0.16020549677741502,-0.22932658519944893
2062,IFE,1,no cap,-0.16793288721649713,-0.23959026764652536
2063,IFE,1,no cap,-0.1758045492271466,-0.249985238370656
2064,IFE,1,no cap,-0.18381602857468216,-0.26050367290903975
2065,IFE,1,no cap,-0.19196274094982602,-0.2711376643487362
2066,IFE,1,no cap,-0.19903870426129688,-0.2819005705369676
2067,IFE,1,no cap,-0.20732788239083932,-0.2927628891040075
2068,IFE,1,no cap,-0.21573160692074012,-0.30371650526603833
2069,IFE,1,no cap,-0.22424481739218216,-0.31475326799678993
2070,IFE,1,no cap,-0.2328623730522983,-0.32586500168345345
2071,IFE,1,no cap,-0.24006692490094483,-0.3370573594156687
2072,IFE,1,no cap,-0.2487716021130557,-0.34830818341639835
2073,IFE,1,no cap,-0.2575603939624256,-0.35960927686004285
2074,IFE,1,no cap,-0.26642795523394414,-0.37095246512534685
2075,IFE,1,no cap,-0.2753689097532944,-0.3823296072772083
2076,IFE,1,no cap,-0.2825369589889387,-0.3937338451730793
2077,IFE,1,no cap,-0.2915179429834448,-0.40515595641177515
2078,IFE,1,no cap,-0.30055358129877396,-0.41658796618568716
2079,IFE,1,no cap,-0.3096385117637187,-0.42802197769108674
2080,IFE,1,no cap,-0.31876738488395207,-0.43945018277911785
2081,IFE,1,no cap,-0.32574831300325935,-0.450856478314713
2082,IFE,1,no cap,-0.3348573700440859,-0.4622419582367403
2083,IFE,1,no cap,-0.3439928440201485,-0.4735991468768569
2084,IFE,1,no cap,-0.35314958995720047,-0.4849206964966867
2085,IFE,1,no cap,-0.3623225124289463,-0.49619939653572487
2086,IFE,1,no cap,-0.3690765143793868,-0.507413052277113
2087,IFE,1,no cap,-0.37818296938138085,-0.5185704359417025
2088,IFE,1,no cap,-0.38729002343506236,-0.5296648071606734
2089,IFE,1,no cap,-0.3963929287638258,-0.540689594972254
2090,IFE,1,no cap,-0.4054870154492023,-0.5516384052181528
2091,IFE,1,no cap,-0.41195411538879956,-0.5624849632938931
2092,IFE,1,no cap,-0.4209484432336822,-0.5732441228700289
2093,IFE,1,no cap,-0.4299207237131184,-0.5839100640654997
2094,IFE,1,no cap,-0.43886672549509853,-0.5944771675544182
2095,IFE,1,no cap,-0.4477823144902593,-0.6049400198139496
2096,IFE,1,no cap,-0.45385138177983375,-0.6152694611665137
2097,IFE,1,no cap,-0.4626199605140119,-0.6254855282485093
2098,IFE,1,no cap,-0.4713470632213478,-0.6355834494033802
2099,IFE,1,no cap,-0.4800290727233387,-0.6455586732811263
2100,IFE,1,no cap,-0.4886624798402913,-0.6554068718046488
2021,IFE,1,30 C cap,-1.469976883595736e-4,-3.351956203113682e-4
2022,IFE,1,30 C cap,-4.4701310053707477e-4,-9.312672363589458e-4
2023,IFE,1,30 C cap,-9.044512020423001e-4,-0.0017896879325574044
2024,IFE,1,30 C cap,-0.0015230408009442309,-0.0029084157328265192
2025,IFE,1,30 C cap,-0.00230621325800906,-0.004284262615352086
2026,IFE,1,30 C cap,-0.0032968967812390115,-0.005940685739132645
2027,IFE,1,30 C cap,-0.004435175753510601,-0.007860581807903388
2028,IFE,1,30 C cap,-0.005752351422738,-0.010044293605533494
2029,IFE,1,30 C cap,-0.007252181696151716,-0.012491933945721456
2030,IFE,1,30 C cap,-0.008938273078464842,-0.01520338311686864
2031,IFE,1,30 C cap,-0.010888476276888603,-0.018213134844663248
2032,IFE,1,30 C cap,-0.012967160613859496,-0.021487675682799523
2033,IFE,1,30 C cap,-0.01523412376468758,-0.025024514575580414
2034,IFE,1,30 C cap,-0.017694841405152317,-0.028822490234773013
2035,IFE,1,30 C cap,-0.020351549432602645,-0.03288003332103373
2036,IFE,1,30 C cap,-0.023308205527627246,-0.03724432027399727
2037,IFE,1,30 C cap,-0.026372311429469386,-0.04186442113950062
2038,IFE,1,30 C cap,-0.029637744709868352,-0.04673723280515274
2039,IFE,1,30 C cap,-0.03310620393740882,-0.05185932009519523
2040,IFE,1,30 C cap,-0.03677922004860246,-0.05722725372878412
2041,IFE,1,30 C cap,-0.040726318571635556,-0.06288552093282351
2042,IFE,1,30 C cap,-0.04480523476823006,-0.06878196124390612
2043,IFE,1,30 C cap,-0.049088635135982606,-0.07491355082494833
2044,IFE,1,30 C cap,-0.053576993991848676,-0.08127680003973381
2045,IFE,1,30 C cap,-0.05827055893386035,-0.08786800081955126
2046,IFE,1,30 C cap,-0.0631178906303862,-0.09473196064095069
2047,IFE,1,30 C cap,-0.06819565973989339,-0.10181650919949281
2048,IFE,1,30 C cap,-0.07347359353489136,-0.1091172368901443
2049,IFE,1,30 C cap,-0.0789508398108153,-0.11662953093547868
2050,IFE,1,30 C cap,-0.08462631931246667,-0.12434858049273179
2051,IFE,1,30 C cap,-0.09021953013857253,-0.13230954110693782
2052,IFE,1,30 C cap,-0.09622838750460605,-0.1404673080656581
2053,IFE,1,30 C cap,-0.1024240941924599,-0.14881484381183763
2054,IFE,1,30 C cap,-0.10880453020012781,-0.15734679763002224
2055,IFE,1,30 C cap,-0.11536664211792702,-0.16605738928431324
2056,IFE,1,30 C cap,-0.12153906241896795,-0.17496737847082033
2057,IFE,1,30 C cap,-0.12836956025070367,-0.1840439758771244
2058,IFE,1,30 C cap,-0.1353663208486402,-0.19328097034043867
2059,IFE,1,30 C cap,-0.14252028802538097,-0.20266555066383962
2060,IFE,1,30 C cap,-0.1498291822072384,-0.21219202760997347
2061,IFE,1,30 C cap,-0.15637077240947173,-0.22186949193573235
2062,IFE,1,30 C cap,-0.1638677857777855,-0.23167533404048346
2063,IFE,1,30 C cap,-0.1715026839995818,-0.24160305304505136
2064,IFE,1,30 C cap,-0.17927155334161082,-0.25164544060916827
2065,IFE,1,30 C cap,-0.18717043610609918,-0.2617958894109934
2066,IFE,1,30 C cap,-0.19400007105305528,-0.2720562122439443
2067,IFE,1,30 C cap,-0.20203845765689676,-0.28241064936296245
2068,IFE,1,30 C cap,-0.21018838654888994,-0.2928522740177245
2069,IFE,1,30 C cap,-0.21844529474248975,-0.30337411880378684
2070,IFE,1,30 C cap,-0.22680348566227448,-0.3139668501414904
2071,IFE,1,30 C cap,-0.233782697750187,-0.3246246388616225
2072,IFE,1,30 C cap,-0.24222092795954453,-0.335318692733121
2073,IFE,1,30 C cap,-0.25073442311843597,-0.34604909240567383
2074,IFE,1,30 C cap,-0.2593184455862291,-0.35680948957521363
2075,IFE,1,30 C cap,-0.26796809193299653,-0.3675934699716731
2076,IFE,1,30 C cap,-0.27490984613702496,-0.37838065643558383
2077,IFE,1,30 C cap,-0.2835967060239901,-0.3891785219593372
2078,IFE,1,30 C cap,-0.29233299718705663,-0.3999810096896317
2079,IFE,1,30 C cap,-0.3011138053144796,-0.41078162603618296
2080,IFE,1,30 C cap,-0.3099344144350362,-0.4215745399476769
2081,IFE,1,30 C cap,-0.31670344383772187,-0.43232860863843514
2082,IFE,1,30 C cap,-0.325504143790306,-0.4430596086948807
2083,IFE,1,30 C cap,-0.33432796408353405,-0.45376119893227207
2084,IFE,1,30 C cap,-0.343170558522369,-0.46442877895133494
2085,IFE,1,30 C cap,-0.35202739159281293,-0.47505705431863465
2086,IFE,1,30 C cap,-0.35857728348207507,-0.4856021395812937
2087,IFE,1,30 C cap,-0.36735983704767883,-0.4960943423071472
2088,IFE,1,30 C cap,-0.37613946058547376,-0.506529528069757
2089,IFE,1,30 C cap,-0.3849119545207418,-0.5169029096955711
2090,IFE,1,30 C cap,-0.3936712622204641,-0.5272056086040611
2091,IFE,1,30 C cap,-0.3999429668234703,-0.537393674757132
2092,IFE,1,30 C cap,-0.4085997561078468,-0.5475026229630252
2093,IFE,1,30 C cap,-0.4172198730464921,-0.5574844521983616
2094,IFE,1,30 C cap,-0.4258000224723505,-0.5673373185022643
2095,IFE,1,30 C cap,-0.4343367364641699,-0.5770617506528846
2096,IFE,1,30 C cap,-0.4401998986201705,-0.5866220421823096
2097,IFE,1,30 C cap,-0.44857904169447016,-0.5960557744878244
2098,IFE,1,30 C cap,-0.45690992002536235,-0.6053626366386131
2099,IFE,1,30 C cap,-0.4651901966691907,-0.6145419783435777
2100,IFE,1,30 C cap,-0.473416774438313,-0.6235887370180428
2021,IFE,2,no cap,-9.567761467776936e-5,-3.150918597640828e-4
2022,IFE,2,no cap,-2.054133062182606e-4,-7.966184848862135e-4
2023,IFE,2,no cap,-4.644420481114686e-4,-0.001538040687758424
2024,IFE,2,no cap,-8.776553554711297e-4,-0.002540905756258316
2025,IFE,2,no cap,-0.0014498890808323228,-0.0038065426401797664
2026,IFE,2,no cap,-0.0022320903161142658,-0.0053597295660677835
2027,IFE,2,no cap,-0.0031512187458914154,-0.007180929102321154
2028,IFE,2,no cap,-0.004245255273875981,-0.00927074673536643
2029,IFE,2,no cap,-0.00551859504508434,-0.011629548467134931
2030,IFE,2,no cap,-0.006975498234231714,-0.014257457670772355
2031,IFE,2,no cap,-0.008708800465645372,-0.0171934533297875
2032,IFE,2,no cap,-0.010557535771625881,-0.02040109790942224
2033,IFE,2,no cap,-0.012601148920269423,-0.023879706146565316
2034,IFE,2,no cap,-0.014843000840486398,-0.027628335967746942
2035,IFE,2,no cap,-0.017286265993219585,-0.031645787279338755
2036,IFE,2,no cap,-0.020059071273010876,-0.035986291616574406
2037,IFE,2,no cap,-0.022921605376972742,-0.04059525488420479
2038,IFE,2,no cap,-0.025991517404883036,-0.04547060835537753
2039,IFE,2,no cap,-0.02927084802345703,-0.050610019620783486
2040,IFE,2,no cap,-0.032761419338778075,-0.05601089364390688
2041,IFE,2,no cap,-0.036564040947105636,-0.06172929495227131
2042,IFE,2,no cap,-0.04047437046044777,-0.06770516596087461
2043,IFE,2,no cap,-0.044596192420223835,-0.07393503696435966
2044,IFE,2,no cap,-0.04893013176363137,-0.08041518088468003
2045,IFE,2,no cap,-0.05347658194803806,-0.08714161677346355
2046,IFE,2,no cap,-0.058208951522932484,-0.09416856701003185
2047,IFE,2,no cap,-0.06314972210994729,-0.10143437898506213
2048,IFE,2,no cap,-0.06829737272277425,-0.1089342396443721
2049,IFE,2,no cap,-0.07365113229290676,-0.11666309848568623
2050,IFE,2,no cap,-0.07921000386192123,-0.12461567350718072
2051,IFE,2,no cap,-0.08469830197709083,-0.1328371036175603
2052,IFE,2,no cap,-0.09059561218687806,-0.1412716554482495
2053,IFE,2,no cap,-0.09668618210669189,-0.14991331096659655
2054,IFE,2,no cap,-0.10296789059622524,-0.15875584778990304
2055,IFE,2,no cap,-0.10943840955452211,-0.1677928473721887
2056,IFE,2,no cap,-0.11550081925609668,-0.177054962028381
2057,IFE,2,no cap,-0.1222417133701551,-0.18649832428571889
2058,IFE,2,no cap,-0.12915471073803475,-0.196115922259107
2059,IFE,2,no cap,-0.13623646614238138,-0.20590058421850832
2060,IFE,2,no cap,-0.1434834572321836,-0.2158449886089382
2061,IFE,2,no cap,-0.14990582158167232,-0.22596763311036883
2062,IFE,2,no cap,-0.15734143692254954,-0.2362349320989089
2063,IFE,2,no cap,-0.16492172625898893,-0.24663913968147289
2064,IFE,2,no cap,-0.17264236501977837,-0.2571724031586953
2065,IFE,2,no cap,-0.18049889476062775,-0.26782677433223445
2066,IFE,2,no cap,-0.1871910794627748,-0.27861353410338485
2067,IFE,2,no cap,-0.19518077951012025,-0.28950514414330974
2068,IFE,2,no cap,-0.20328537291181736,-0.30049341305998456
2069,IFE,2,no cap,-0.2114998907363166,-0.3115701010331634
2070,IFE,2,no cap,-0.2198192787443114,-0.3227269317761795
2071,IFE,2,no cap,-0.22662186654458305,-0.33396667031197225
2072,IFE,2,no cap,-0.23502192880565786,-0.34526984084415246
2073,IFE,2,no cap,-0.24350656712394192,-0.3566281157137897
2074,IFE,2,no cap,-0.2520705007380113,-0.3680331790206717
2075,IFE,2,no cap,-0.2607084118866674,-0.37947673855167363
2076,IFE,2,no cap,-0.26746234498019483,-0.39094827981999825
2077,IFE,2,no cap,-0.27613489455840035,-0.4024419617674533
2078,IFE,2,no cap,-0.284862570489409,-0.41394963518407135
2079,IFE,2,no cap,-0.2936400393509213,-0.4254632207461425
2080,IFE,2,no cap,-0.30246197306788913,-0.43697472021948913
2081,IFE,2,no cap,-0.309018238284152,-0.4484636919747893
2082,IFE,2,no cap,-0.3178131556838394,-0.4599352563823361
2083,IFE,2,no cap,-0.32663474957008143,-0.471381732623084
2084,IFE,2,no cap,-0.335477863500245,-0.4827955623971466
2085,IFE,2,no cap,-0.34433738180686424,-0.49416931978722467
2086,IFE,2,no cap,-0.3506678225147656,-0.5054760417594293
2087,IFE,2,no cap,-0.3594566474672293,-0.5167289477868438
2088,IFE,2,no cap,-0.36824607344104665,-0.5279210753106537
2089,IFE,2,no cap,-0.377031289231069,-0.539045628634938
2090,IFE,2,no cap,-0.385807550482389,-0.5500959869564419
2091,IFE,2,no cap,-0.39184463832098526,-0.561040534000903
2092,IFE,2,no cap,-0.4005202092071072,-0.5718991731679689
2093,IFE,2,no cap,-0.4091734077101029,-0.5826658591036293
2094,IFE,2,no cap,-0.4177998769513469,-0.5933347472498618
2095,IFE,2,no cap,-0.4263953435612702,-0.603900199699446
2096,IFE,2,no cap,-0.4320099679187779,-0.6143271215482584
2097,IFE,2,no cap,-0.4404543893807623,-0.6246412558459159
2098,IFE,2,no cap,-0.4488562589513706,-0.6348376146161265
2099,IFE,2,no cap,-0.45721175822429116,-0.6449114329186063
2100,IFE,2,no cap,-0.46551716018770606,-0.6548581723576947
2021,IFE,2,30 C cap,-9.567761467776936e-5,-3.150918597640828e-4
2022,IFE,2,30 C cap,-2.054133062182606e-4,-7.966184848862135e-4
2023,IFE,2,30 C cap,-4.644420481114686e-4,-0.001538040687758424
2024,IFE,2,30 C cap,-8.769903676588697e-4,-0.0025372207666800595
2025,IFE,2,30 C cap,-0.0014470389220567759,-0.0037909868926047086
2026,IFE,2,30 C cap,-0.0022256648776292076,-0.005326007656714871
2027,IFE,2,30 C cap,-0.003140099636126603,-0.0071232705599117985
2028,IFE,2,30 C cap,-0.004228129666425051,-0.009183412032643279
2029,IFE,2,30 C cap,-0.00549408643164051,-0.011506838660181984
2030,IFE,2,30 C cap,-0.006942169171237245,-0.014093724079082381
2031,IFE,2,30 C cap,-0.008663424363808514,-0.016981197308749807
2032,IFE,2,30 C cap,-0.010496586059168034,-0.02013370952427107
2033,IFE,2,30 C cap,-0.012514034726996193,-0.02354887390143945
2034,IFE,2,30 C cap,-0.01472244462692196,-0.027225910726795366
2035,IFE,2,30 C cap,-0.017124440561310017,-0.03116352389593946
2036,IFE,2,30 C cap,-0.0198398112198106,-0.03541117766707347
2037,IFE,2,30 C cap,-0.022643714712500485,-0.03991618243507533
2038,IFE,2,30 C cap,-0.025647441245986058,-0.04467577757728558
2039,IFE,2,30 C cap,-0.02885316497330792,-0.049686825053638195
2040,IFE,2,30 C cap,-0.032262896570260935,-0.054946162311518276
2041,IFE,2,30 C cap,-0.03595622830037293,-0.06049985782214484
2042,IFE,2,30 C cap,-0.03976796908308988,-0.06629483773045974
2043,IFE,2,30 C cap,-0.04378431370054514,-0.07232837637807021
2044,IFE,2,30 C cap,-0.048006160617173,-0.07859720698737216
2045,IFE,2,30 C cap,-0.05243418045419068,-0.08509783096064605
2046,IFE,2,30 C cap,-0.057010653086464136,-0.0918762569812186
2047,IFE,2,30 C cap,-0.06181741369521121,-0.09887952582530901
2048,IFE,2,30 C cap,-0.06682543157139587,-0.10610340771930993
2049,IFE,2,30 C cap,-0.07203421403803778,-0.11354345935725563
2050,IFE,2,30 C cap,-0.07744303896530313,-0.12119502866316534
2051,IFE,2,30 C cap,-0.08274203339606545,-0.1290937753859419
2052,IFE,2,30 C cap,-0.08847537339481404,-0.1371943774050597
2053,IFE,2,30 C cap,-0.09439689296180753,-0.14548972659190285
2054,IFE,2,30 C cap,-0.10050478899203663,-0.15397472093674347
2055,IFE,2,30 C cap,-0.1067962143961797,-0.16264368614309122
2056,IFE,2,30 C cap,-0.1126455534372357,-0.1715170843738827
2057,IFE,2,30 C cap,-0.11919405454390142,-0.18056259253284912
2058,IFE,2,30 C cap,-0.12591005335845395,-0.18977406076116476
2059,IFE,2,30 C cap,-0.13278410497390636,-0.19913780716310414
2060,IFE,2,30 C cap,-0.13981459961729825,-0.20864866168081542
2061,IFE,2,30 C cap,-0.145998793362087,-0.21831452814480423
2062,IFE,2,30 C cap,-0.15320584953053595,-0.22811413681521364
2063,IFE,2,30 C cap,-0.16055184396744093,-0.23804103638891405
2064,IFE,2,30 C cap,-0.1680330332252291,-0.248088019116955
2065,IFE,2,30 C cap,-0.1756456172120502,-0.25824847204525136
2066,IFE,2,30 C cap,-0.18209638414274376,-0.26852200068892884
2067,IFE,2,30 C cap,-0.18984066752367934,-0.2788950032437273
2068,IFE,2,30 C cap,-0.19769761240401906,-0.2893605073168817
2069,IFE,2,30 C cap,-0.20566275813068702,-0.29991148863780004
2070,IFE,2,30 C cap,-0.21373044088979842,-0.3105384349701943
2071,IFE,2,30 C cap,-0.2203167391561629,-0.3212326057109056
2072,IFE,2,30 C cap,-0.22845919824248762,-0.3319674624260345
2073,IFE,2,30 C cap,-0.23667797596344753,-0.3427432251374062
2074,IFE,2,30 C cap,-0.24496860855578328,-0.35355383912170335
2075,IFE,2,30 C cap,-0.25332622753507006,-0.36439277706618445
2076,IFE,2,30 C cap,-0.25986603352853765,-0.37523591848036175
2077,IFE,2,30 C cap,-0.2682567392981423,-0.3860942685664913
2078,IFE,2,30 C cap,-0.2766980620687238,-0.3969616371385115
2079,IFE,2,30 C cap,-0.285185099478779,-0.407831351146588
2080,IFE,2,30 C cap,-0.2937131130909866,-0.4186973842557391
2081,IFE,2,30 C cap,-0.30007203922609815,-0.4295241863632515
2082,IFE,2,30 C cap,-0.3085737922276114,-0.4403313847368636
2083,IFE,2,30 C cap,-0.31709943996751455,-0.45111256124673016
2084,IFE,2,30 C cap,-0.32564462772709213,-0.46186313307481663
2085,IFE,2,30 C cap,-0.3342047799673864,-0.4725776303478857
2086,IFE,2,30 C cap,-0.3403470615431907,-0.483206852917309
2087,IFE,2,30 C cap,-0.3488291223116856,-0.49378504403890144
2088,IFE,2,30 C cap,-0.35730809780982054,-0.5043078847405273
2089,IFE,2,30 C cap,-0.3657797842679451,-0.514770463860106
2090,IFE,2,30 C cap,-0.3742381389273369,-0.5251636128087868
2091,IFE,2,30 C cap,-0.38009374646053384,-0.5354380472839088
2092,IFE,2,30 C cap,-0.3884484189098335,-0.5456344712360599
2093,IFE,2,30 C cap,-0.39676639190338947,-0.5557032472387029
2094,IFE,2,30 C cap,-0.4050448411853307,-0.5656439767808188
2095,IFE,2,30 C cap,-0.4132805470033323,-0.5754579741217207
2096,IFE,2,30 C cap,-0.41870470167572893,-0.5851035478122093
2097,IFE,2,30 C cap,-0.42678037525304313,-0.5946236535732057
2098,IFE,2,30 C cap,-0.4348072996057596,-0.6040177213515263
2099,IFE,2,30 C cap,-0.4427829837424455,-0.6132849303899497
2100,IFE,2,30 C cap,-0.45070402409423016,-0.6224194659282686
