ISO_C3,SSP126,SSP245,SSP370,SSP585
AFG,-0.14604725658508977,-0.13137676246492314,-0.14176806174942524,-0.23503174219249756
AGO,-0.11169843409854384,-0.18813625821849556,-0.2022477577037324,-0.4127027944254168
ALA,NA,NA,NA,NA
ALB,-0.12625748910086965,-0.13122414377435176,-0.1421134624919116,-0.2206781893951849
ARE,-0.09330799931052036,-0.11382988308410324,-0.14967082621636318,-0.2169129535036608
ARG,-0.1317680690123284,-0.1409225809534781,-0.15609542490183514,-0.23715966810192368
ARM,-0.21820744795519065,-0.21573606045631355,-0.22483547503359969,NA
AUS,-0.08372876539943241,-0.10629750977732756,-0.09931110803990228,-0.1646541266441589
AUT,-0.05226420901855089,-0.07287144097081288,-0.0994440219232331,-0.13737938462539157
AZE,-0.08499405730144438,-0.09862633063445592,-0.12264601087769178,-0.17455121077134084
BDI,-0.32617353409323047,-0.47378869825662184,-0.5496360799217106,NA
BEL,-0.10812806765232984,-0.12938312102678862,-0.10230720713776796,-0.22062412549616028
BEN,-0.14008951661877256,-0.2273276275030519,-0.22383727997480865,-0.4710403102711459
BFA,-0.1511235553958693,-0.1844209934263562,-0.20521196921901952,-0.41401112754294533
BGD,-0.2781992707197093,-0.3346225390021531,-0.35090142656719725,-0.6551373233153437
BGR,-0.1528988799669091,-0.1556189105720015,-0.16331723023796785,-0.23793844772475536
BHS,-0.1565355838001874,-0.14037997495051335,0.07682476368439572,0.02187829940091723
BIH,-0.1845006006709944,-0.191578029958164,-0.20381367057610267,-0.2749109543987732
BLR,-0.12658176501409746,-0.13450938829761205,-0.14738691998627207,-0.20669193331994629
BLZ,-0.13104640531495426,-0.1142394382605686,-0.06093021659289766,-0.2213701026058107
BOL,-0.2196205832125201,-0.3254119568031034,-0.4042682381957978,-0.5629365432136195
BRA,-0.16333106092459182,-0.19068047696811596,-0.20690568876958715,-0.3424725987240458
BRN,NA,NA,NA,-0.9179924840479105
BTN,-0.27169299617239295,-0.340883682158334,-0.3649348059202752,NA
BWA,-0.15284449887727214,-0.1987865397607187,-0.2131338467349444,-0.2953261598082977
CAF,-0.23418138610546144,-0.36131599195953823,-0.517632926192555,-0.6073725110163777
CAN,-0.07248682133798712,-0.1057754776886104,-0.1135722346439102,-0.19707938259565497
CHE,-0.06623887938637008,-0.09282127625451776,-0.13682192810412874,-0.18253053409223807
CHL,-0.12326094383907638,-0.1163809830323378,-0.10532205643088666,-0.16990604748597982
CHN,-0.2635597007566336,-0.28419023660271525,-0.3006441364976643,-0.4195619004858927
CIV,-0.2351450934674577,-0.3011084360406874,-0.2153326183208364,-0.5137000606882602
CMR,-0.34832494949333115,-0.4625834229471555,-0.6254286648900731,-0.6668858196799876
COD,-0.41841323588405055,-0.526662145497075,-0.567291266149342,-0.7106965511600996
COG,-0.31245509385879133,-0.4143473815229548,-0.5061439231011846,-0.6095048618308517
COL,-0.23538767391777293,-0.3589207124307211,-0.27567951043959626,-0.4881810622177519
CPV,-0.1386561651525554,-0.12323681711343382,-0.11534651276267638,-0.18807416177463432
CRI,-0.04505900632017978,0.048085843325955,0.7667225672309024,0.10038415660652555
CUB,-0.16099186488113104,-0.16102530291879158,-0.08200059977652463,-0.23660351581194697
CYM,NA,NA,NA,NA
CYP,NA,NA,NA,-0.1660352924453118
CZE,-0.07461312711162149,-0.09001913318278132,-0.11532628610600648,-0.15920770753869484
DEU,-0.04455184107400156,-0.06518358962521309,-0.0962747462298511,-0.14055709056897436
DJI,-0.13853058791316442,-0.14572234337978085,-0.14438634561757402,NA
DNK,-0.04561003933561447,-0.0636511800041627,-0.0880447761268568,-0.13616804798375726
DOM,-0.09640034144781472,-0.06129451213081682,0.0725882795628392,-0.13805096382493687
DZA,-0.11997965015496805,-0.12302770268841244,-0.12438070618914988,-0.2056453716800379
ECU,-0.4642754636009977,-0.8278705054018818,-0.90021832508407,-0.9555683682912316
EGY,-0.15828697543931314,-0.1604799148873585,-0.16784278957857224,-0.259359687250749
ERI,-0.23755958083884388,-0.2328246475151088,-0.238578753650434,-0.35302434204406763
ESP,-0.08900035986844557,-0.09926104764462196,-0.08486777004475132,-0.16233609368012314
EST,-0.11028179541911765,-0.12147524117279906,-0.13339516794707573,-0.1812924135829681
ETH,-0.21861283596780445,-0.27160362530532167,-0.3873625287238699,-0.5415630494875903
FIN,-0.06673714806968178,-0.07587577941989743,-0.0682858700272293,-0.12951872414051957
FJI,-0.1558460416033155,-0.16049960954787146,-0.34973891880409824,-0.45818018446696474
FLK,NA,NA,NA,NA
FRA,-0.10208376903213567,-0.12072229723697504,-0.10672146812687312,-0.19544916330235465
FRO,NA,NA,NA,NA
GAB,-0.17123172901385808,-0.3975191340366744,-0.4172726000404894,-0.6787391770076971
GBR,-0.10683836078981436,-0.120911826442339,-0.11522145902197722,-0.20328543503957064
GEO,-0.2553182828536823,-0.25120216760117564,-0.26481055365623385,-0.34051458820837277
GHA,-0.20845385776587033,-0.25900991472886326,-0.18734556178179773,-0.45145653609131575
GIN,-0.3006899031866268,-0.3301816012509192,-0.19330578511094387,-0.5290196734334844
GNB,-0.17071856518968245,-0.1383691618216102,-0.07783459261920134,-0.3433716618484838
GNQ,-0.0643491980032379,-0.4054698141188828,-0.5149702707343153,-0.8962203344539692
GRC,-0.11317880064926578,-0.12458405734497492,-0.09808855488277456,-0.19187766423183383
GRL,NA,NA,NA,NA
GTM,-0.1534169070288245,-0.1424489520772967,0.2625733150569136,-0.18456618323105656
GUY,-0.13010056316279583,-0.08879605987435901,-0.02399743913859187,-0.12669520299973558
HND,-0.1356180581745967,-0.04066847629633297,0.38260969951625334,-0.1133561184237416
HRV,-0.09761444757626968,-0.11074084162764464,-0.12925659156464075,-0.1838959350510716
HTI,-0.2110117231219717,-0.1584878977062888,-0.02183540582089549,-0.24156828864680813
HUN,-0.11078347662347554,-0.12567793403721306,-0.14682803060056115,-0.1943127445364208
IDN,-0.3119861885432601,-0.48942888937114504,-0.39790932522431166,-0.6519393830850222
IND,-0.2929961654675489,-0.3334859310785444,-0.3707994693567759,-0.6012674665903681
IRL,-0.08302527951071526,-0.10524845577591035,-0.10825041017177206,-0.2125992664558395
IRN,-0.09026737854702604,-0.10758473207584772,-0.11988884809209156,-0.19852837658712608
IRQ,-0.20031308211645504,-0.21091528165704976,-0.2191017853428092,-0.3183388579065273
ISL,-0.08750859387455767,-0.08789600298917932,-0.09292374771892652,-0.15094361648611243
ISR,-0.03292841270120084,-0.04667020606829419,-0.11544443752556766,-0.1296752176653143
ITA,-0.11483026662861062,-0.13242249687063223,-0.11330125881455078,-0.19307650031483192
JAM,NA,NA,NA,-0.2863659234981474
JOR,-0.18667236363893536,-0.1925358114087233,-0.18553749104325956,NA
JPN,-0.11977843463602487,-0.1985845431960087,-0.2854872805246652,-0.4035201683590528
KAZ,-0.16517129722220802,-0.16827664038329782,-0.1809383786577854,-0.23555868189898463
KEN,-0.2496703640130813,-0.28780727814704277,-0.353632136218189,-0.49211730566280854
KGZ,-0.30029646286987277,-0.2889535696196812,-0.28681367424010584,-0.35283937123173326
KHM,-0.3784749531544458,-0.5187876929340529,-0.53823967685375,-0.7626552144873162
KIR,NA,NA,NA,NA
KOR,-0.10972299611065096,-0.15275205179710272,-0.21111943427251145,-0.3127258060257926
KWT,-0.0159430597733724,-0.04182280255636639,-0.07624494011503291,NA
LAO,-0.29773900813583043,-0.3954858305118941,-0.415280210678968,-0.5999992757201087
LBN,-0.10516682755605113,-0.11054585352302382,-0.11311162167310372,-0.2000955560271257
LBR,-0.3431557007900886,-0.5106572935840066,-0.4233399919757671,-0.7131280263790729
LBY,-0.04635031270057643,-0.05796423856924837,-0.0791769496022835,-0.1465064772952981
LKA,-0.3429741410033449,-0.4015617306259358,-0.5663467911217455,-0.7334404547234712
LSO,-0.16710903937523058,-0.1878869564300771,-0.1929369914609651,NA
LTU,-0.11521624058657942,-0.12572298142969196,-0.13687057620917287,-0.19218907253244777
LVA,-0.14067365936242282,-0.14702437277792155,-0.15847348778389625,-0.21894676883456232
MAR,-0.16353577407415654,-0.15635922743854735,-0.13816837516245994,-0.24911084509670336
MDA,-0.31117937709294574,-0.3071349849710746,-0.3141933429412196,-0.3831447638977309
MDG,-0.23128322466186713,-0.19130778472507648,-0.25094964089732674,-0.3467992836310454
MEX,-0.12941829414058392,-0.16443009209898418,-0.09383689053929556,-0.25212829911021684
MLI,-0.19102945871722599,-0.20498413706175844,-0.1788239689034974,-0.3853594268108971
MMR,-0.3302361361446542,-0.4377244724708465,-0.48217435034055545,-0.7338718460384325
MNE,-0.1222066350998604,-0.1369155301963999,-0.15423829859728455,NA
MNG,-0.2047243427153168,-0.17356406977931227,-0.14911054611769814,-0.24572724778189192
MOZ,-0.21761959134972983,-0.22861304845509312,-0.25200715694347997,-0.35021968711902296
MRT,-0.15957025784072,-0.1634465666097441,-0.16590763305554102,-0.2737520899557082
MUS,NA,NA,NA,-0.18256837279967875
MWI,-0.22063529293237985,-0.23967727873512767,-0.2646665509164672,-0.39935892632317294
MYS,-0.27856624790096274,-0.507276002884135,-0.6640123915791007,-0.7796177082122975
NAM,-0.15637032109392157,-0.17558076663969624,-0.17174573823393224,-0.2679523147972216
NCL,NA,NA,NA,-0.2899755030544756
NER,-0.18853443604086872,-0.18840491887186503,-0.19787355463544257,-0.3687025277077982
NGA,-0.21430880949814224,-0.3058301094240573,-0.4228063685320075,-0.5711749440628864
NIC,-0.16658061977075644,-0.1313850159633888,0.21556384037376675,-0.1799411831844281
NLD,-0.0717021275744173,-0.09133987163417,-0.09697242089543878,-0.18010101230097164
NOR,-0.06374779466045322,-0.07688388646477862,-0.07315034714622892,-0.15211261465569992
NPL,-0.2072877382005831,-0.22464727982605937,-0.2601398085743011,-0.7093575762792194
NZL,-0.07990698317487954,-0.10053087661566296,-0.13806107191476202,-0.19134565734904815
OMN,-0.08930500039591971,-0.09578835178890356,-0.12008943938546036,-0.19656495990515263
PAK,-0.14566674974283222,-0.13523962373326548,-0.13341190828068072,-0.2662449472552032
PAN,-0.2337939520315012,-0.3363667639061466,0.25804433658304426,-0.2806261998587243
PER,-0.29002839479834763,-0.49272327390117654,-0.6432113509645643,-0.765290623792027
PHL,-0.2544904812899059,-0.4055775291670649,-0.45618121833996594,-0.6896029220716475
PNG,-0.5976039809953089,-0.7601525495836472,-0.8114057016095461,-0.9262949423387576
POL,-0.12041586193943,-0.133485226713136,-0.1551474106698002,-0.20069604033075672
PRI,NA,NA,NA,-0.15949777920678876
PRK,NA,NA,NA,NA
PRT,-0.1212759753759708,-0.11735307287632012,-0.11072091647742376,-0.1898658894604751
PRY,-0.19721377481251756,-0.2038592545745569,-0.2457774820839831,-0.3877876843330359
PYF,NA,NA,NA,-0.37714465679504183
QAT,NA,NA,NA,-0.20173652387526964
ROU,-0.1607286255598479,-0.16634450640864795,-0.17801513954588444,-0.2432744461397247
RUS,-0.12342362728061862,-0.12542203170284838,-0.13338827620769833,-0.19417435964109409
RWA,-0.244545584083661,-0.31857375259524734,-0.4104986372835595,NA
SAU,-0.05378636673706549,-0.08218122548874174,-0.12063018134782055,-0.18121482378515208
SDN,-0.18275952167617404,-0.1897386411123101,-0.19674608142945693,-0.3262197094544571
SEN,-0.17982291480405277,-0.15064051074812235,-0.12517848520278896,-0.27521509189431514
SLB,-0.5152583274510435,-0.6734054786932406,-0.7319461998148149,-0.8732083614559504
SLE,-0.27685677429357725,-0.4218493867015697,-0.2545149736849047,-0.6018796328354221
SLV,NA,NA,NA,-0.24520563971495235
SOM,-0.27505491912035407,-0.24466893355936437,-0.2485559936490127,-0.4624224252608078
SRB,-0.16359668463149724,-0.1702556188065134,-0.17762625503337692,-0.24848485919187757
SSD,NA,NA,NA,NA
SUR,-0.1322559262541474,-0.16332545447508515,-0.15923849640513033,-0.20384615885556143
SVK,-0.07366188963212861,-0.08898430286894077,-0.11393614747757996,-0.1597641932053081
SWE,-0.09707971758495348,-0.11220563776565916,-0.0828586936952771,-0.1671159057690882
SWZ,-0.16281565790304509,-0.19238801758266424,-0.1529743260506804,NA
SYR,-0.17024424516373227,-0.16276008228816077,-0.15535133848619775,-0.26115762102739715
TCD,-0.14787893953989528,-0.1836930637466193,-0.2568062580457404,-0.4092272524822429
TGO,-0.18680507895197596,-0.2706676589976066,-0.25516888652577985,-0.515105242755666
THA,-0.25788115589293026,-0.3760106210691168,-0.40950807084143626,-0.6278564823629067
TJK,-0.3129645783132574,-0.29692464928805096,-0.30521107953403603,-0.3952401605154141
TKM,-0.22007189419188544,-0.2386562215236823,-0.24976903159517527,-0.3106499921900193
TTO,NA,NA,NA,-0.03544985167736503
TUN,-0.14070023376359042,-0.14549043253646166,-0.15669199039191406,-0.228389130146758
TUR,-0.13192320521924417,-0.13115209311788256,-0.12805577768600374,-0.2173503413111082
TWN,-0.17638366662448202,-0.2284859567940738,-0.24745745616157555,-0.3963898329441844
TZA,-0.23219417515630836,-0.2558366527154686,-0.34611786397738953,-0.4889197440734816
UGA,-0.26421189974838366,-0.33461888229886516,-0.4965394140756588,-0.6133743595400009
UKR,-0.22121393822266663,-0.22109003410979175,-0.2300840380243736,-0.29702547937652357
URY,-0.14858793088809863,-0.1632095107882171,-0.20468481377025297,-0.28197497281591055
USA,-0.0857049095495438,-0.13086423288163251,-0.17261706282697087,-0.24822236562426625
UZB,-0.30906992945412404,-0.3066381526062488,-0.3135885831356551,-0.38073598204386194
VCT,NA,NA,NA,-0.17992626930414768
VEN,-0.14256563106132447,-0.13647967785970638,-0.08919861984316946,-0.2046929307151074
VIR,NA,NA,NA,NA
VNM,-0.34863871432835947,-0.44667150035130154,-0.4316159851645648,-0.6232348271437073
VUT,-0.3715911457650142,-0.17146432542621148,NA,-0.6268607937970192
WSM,NA,NA,NA,-0.8455049117087206
YEM,-0.2829608086417207,-0.2942571035617473,-0.3203074207886657,-0.3959129572760944
ZAF,-0.14775694119169858,-0.17445607392062223,-0.19452626623226343,-0.29288198818746036
ZMB,-0.20570356462017747,-0.265564563179283,-0.30429380783537374,-0.4585991280842844
ZWE,-0.2490185518652761,-0.25057577077411197,-0.27923153603440043,-0.42274123141901176
