item,estimate,std.error,t.stat,p.value,pval.symbol,bootstrap
tmp,0.00839389814653249,0.0028817910120108943,2.91273659732712,0.00358276672297445,***,1
tmp2,-5.156214762647115e-4,9.704149551827571e-5,-5.313412303787148,1.0759122550494843e-7,***,1
pre,0.047773243741724356,0.048577549607908894,0.9834428481330069,0.32538953056834713, ,1
pre2,-0.03133301437404046,0.02968452165631814,-1.0555337470756059,0.2911812836471515, ,1
tmp_pre,-0.004842439350210558,0.00412629270016248,-1.173556919512733,0.2405725454264209, ,1
tmp2_pre,1.7646750166149102e-4,1.0586081602878009e-4,1.6669765856850687,0.09551906075405692,*,1
pre2_tmp,0.0024737483816851323,0.002454942598485705,1.0076603759334444,0.31361753346590743, ,1
tmp2_pre2,-6.296406344639462e-5,5.3427383702931883e-5,-1.1784979739320345,0.23859813958578618, ,1
T_1,-0.006488922094299969,0.007487267883249984,-0.866660869556511,0.3861278515309716, ,1
T_2,6.418964277182112e-4,0.002302362733488717,0.27879899999317675,0.7803990819311446, ,1
tmp,0.006253130083381028,0.003304297893240817,1.892423227388869,0.058434613693127385,*,2
tmp2,-1.864218847807018e-4,1.0614843101164304e-4,-1.7562377795320767,0.07904781636765759,*,2
pre,0.04105547517928718,0.05342926741386002,0.7684079750013012,0.442244843885368, ,2
pre2,-0.04138033264461287,0.03095084570507242,-1.3369693687507607,0.18123263563884234, ,2
tmp_pre,-0.0025872551713889917,0.004618645217228427,-0.5601762096248564,0.5753592525276063, ,2
tmp2_pre,8.541877067069672e-5,1.1842044503051368e-4,0.7213177644171719,0.47071402969874737, ,2
pre2_tmp,0.002959668472297103,0.0025993221662488656,1.1386308748977663,0.2548571451675641, ,2
tmp2_pre2,-6.423394749175712e-5,5.7289785561111935e-5,-1.121211169890621,0.26219798624791846, ,2
T_1,-0.0014597098685874851,0.0063169034483984855,-0.23107997146253093,0.8172526745272557, ,2
T_2,-9.276008457263129e-4,0.001577244030282787,-0.5881149827905842,0.5564551170729006, ,2
tmp,0.015615023758314082,0.005818414430627674,2.6837249124293776,0.007280698517468643,***,3
tmp2,-4.7439269066145855e-4,1.723378634745083e-4,-2.7526898680139973,0.005910786055191777,***,3
pre,0.20106824862210343,0.0785972889193615,2.55820844951018,0.010521300354084013,**,3
pre2,-0.09078748717096552,0.030935759239922814,-2.9347101671842477,0.0033385937385868344,***,3
tmp_pre,-0.020757757353655162,0.008272076281680038,-2.5093769262774877,0.012094435305681009,**,3
tmp2_pre,5.452591530627953e-4,2.2113522226017293e-4,2.4657272934172365,0.013673539223710344,**,3
pre2_tmp,0.008217569797947941,0.0029954504989056093,2.7433502242651775,0.006081578451149262,***,3
tmp2_pre2,-1.914321353068026e-4,7.433197944533804e-5,-2.575367112987718,0.010013374272628868,**,3
T_1,-0.007603632542328446,0.005755595233739537,-1.3210853497403081,0.1864729073611993, ,3
T_2,-0.007321729346574794,0.005761403979179085,-1.2708238084040815,0.20379133675787167, ,3
tmp,0.01634806117622519,0.004929029581401376,3.3166896051732073,9.109075535360659e-4,***,4
tmp2,-6.026236889573758e-4,1.4560187325500355e-4,-4.138845713213836,3.4905758283394014e-5,***,4
pre,0.22271165060839937,0.07075288772115104,3.1477393754745844,0.0016453832415119956,***,4
pre2,-0.12848333540151044,0.031092519159690052,-4.132290945665248,3.591653868246563e-5,***,4
tmp_pre,-0.019433099227693203,0.007510754317061275,-2.587369844271084,0.009671172499947102,***,4
tmp2_pre,4.720417576573931e-4,1.9721953010376654e-4,2.393483837067402,0.016689216631621807,**,4
pre2_tmp,0.011209255427110017,0.002981819966363114,3.7591992654009214,1.7045803735933181e-4,***,4
tmp2_pre2,-2.5395593696673395e-4,7.188436874739132e-5,-3.5328394947608133,4.1112198926116525e-4,***,4
T_1,-0.007985761026971887,0.006322749218961569,-1.263020365100523,0.20658186100706183, ,4
T_2,-7.995831235431758e-4,0.001371560627978982,-0.5829732257052138,0.5599113244044719, ,4
tmp,0.029652752522760895,0.006165717521440455,4.809294687868432,1.5146377564120627e-6,***,5
tmp2,-9.839918467560212e-4,1.6941195866704493e-4,-5.808278556591846,6.311844057794692e-9,***,5
pre,0.24335649409547924,0.07970223440879401,3.053320849793244,0.0022632381246804737,***,5
pre2,-0.10071451332790148,0.03394569633042707,-2.9669302508202335,0.0030078918629463667,***,5
tmp_pre,-0.02637669390029005,0.007993801688237571,-3.2996432647437164,9.680780105761493e-4,***,5
tmp2_pre,7.274567147019528e-4,2.0346112741808817e-4,3.575408845578235,3.4968100036996953e-4,***,5
pre2_tmp,0.009241242352719658,0.002977974551021732,3.103197221597821,0.0019144201536117173,***,5
tmp2_pre2,-2.204655896608046e-4,6.754784576181438e-5,-3.2638433864820082,0.0010991190332309314,***,5
T_1,-0.004750600874985588,0.006244088967019935,-0.7608156930622448,0.44676715973303005, ,5
T_2,-5.81449202845184e-4,0.0024952288315101836,-0.23302440060909135,0.8157424583174754, ,5
tmp,0.008632720732369278,0.0029825904870765738,2.8943701020218686,0.0037992006756472755,***,6
tmp2,-4.591117836417789e-4,1.0600964954816006e-4,-4.330848989678104,1.4853552603320228e-5,***,6
pre,0.04784673340069274,0.04238745090882467,1.1287947818237756,0.258984414442417, ,6
pre2,-0.03529061938925987,0.02340375291083264,-1.5079042888427219,0.13157902482561135, ,6
tmp_pre,-0.004078673465916576,0.003918089680891543,-1.040985224459817,0.29788240577626834, ,6
tmp2_pre,1.1080189310121737e-4,1.0858027398252727e-4,1.0204606144118553,0.30751005927340935, ,6
pre2_tmp,0.0027479276285922046,0.002122824867750943,1.2944674194925632,0.1955040160343364, ,6
tmp2_pre2,-5.9690815527464495e-5,5.1146087115255345e-5,-1.1670651440637874,0.24318406274624874, ,6
T_1,-0.003600877778741679,0.0031514442819231357,-1.142611912701906,0.25319975727512556, ,6
T_2,-0.001429186768553487,0.00234532433098765,-0.6093770271643564,0.5422745614574107, ,6
tmp,0.014856059255064313,0.004153682997309315,3.5765991927375818,3.480932673188293e-4,***,7
tmp2,-5.74210754664706e-4,1.295324400035786e-4,-4.432949419070947,9.295267873608718e-6,***,7
pre,0.09060180182703656,0.05905330785199819,1.534237541004587,0.1249712251627114, ,7
pre2,-0.04898930892993186,0.02760359887170502,-1.7747435454928377,0.07594024170281474,*,7
tmp_pre,-0.01031646347939889,0.006323858447311136,-1.631355851076234,0.10281525482107878, ,7
tmp2_pre,3.166187665156217e-4,1.7192858990501585e-4,1.8415713564017584,0.06553787406805633,*,7
pre2_tmp,0.004396355781173225,0.002511307137887833,1.7506244914633726,0.08001061369770661,*,7
tmp2_pre2,-1.0686024102592521e-4,6.001207515568561e-5,-1.7806456575398253,0.07497035595912463,*,7
T_1,-0.00925620057260405,0.009723913151130888,-0.9519007861076543,0.34114730083966127, ,7
T_2,-0.009163600902743181,0.009720891669137399,-0.9426708181345601,0.3458493042065115, ,7
tmp,0.013455603825608795,0.006046067642327619,2.22551327931036,0.026046800674308968,**,8
tmp2,-5.309788041186488e-4,1.6853004825323804e-4,-3.150647671570028,0.0016290887921442602,***,8
pre,0.09908253986661625,0.08583161593335602,1.1543827852844915,0.2483432696606672, ,8
pre2,-0.04889079211133492,0.035430019844574764,-1.3799256203019414,0.16760954725955768, ,8
tmp_pre,-0.011570746095883174,0.008470123571477127,-1.366065795645213,0.1719183128935262, ,8
tmp2_pre,3.3553121297797247e-4,2.1110290265101658e-4,1.5894201773845515,0.11196556219169398, ,8
pre2_tmp,0.004690811890973446,0.003136338883251175,1.4956329866085392,0.13474932218448377, ,8
tmp2_pre2,-1.1664826873256434e-4,7.071873753411628e-5,-1.6494676347451853,0.09905186848365848,*,8
T_1,-7.466030057162172e-4,0.0017314113185097019,-0.4312106532599369,0.6663152084821742, ,8
T_2,-7.46603005716239e-4,0.001731411318510196,-0.4312106532598264,0.6663152084822546, ,8
tmp,0.009014416748354109,0.0027855510925007894,3.236134053553194,0.0012116046948489085,***,9
tmp2,-4.033899676848649e-4,9.768562026662484e-5,-4.129471324273166,3.635983466050472e-5,***,9
pre,0.08507408417540849,0.037426041513478885,2.273125362316752,0.023018626449289255,**,9
pre2,-0.06032586207201455,0.019678015732354996,-3.0656476187700945,0.002171991299036186,***,9
tmp_pre,-0.007624450344626383,0.0032987466599015878,-2.3113173367650623,0.020815333107857437,**,9
tmp2_pre,2.1638399786717586e-4,9.139594514842273e-5,2.36754483490245,0.017906550278658288,**,9
pre2_tmp,0.004711175019876494,0.0016032413987202517,2.938531292690592,0.0032977136577600724,***,9
tmp2_pre2,-1.008918458271576e-4,3.5610719753734714e-5,-2.833187493116492,0.0046086345760113535,***,9
T_1,0.0040537999052435115,0.006723990463975681,0.6028860283134055,0.5465845112170866, ,9
T_2,0.0039088130440188395,0.006727101718613207,0.5810545473399861,0.5612036909401172, ,9
tmp,0.023968094490130404,0.005169282465736396,4.636638575856195,3.5412081464506408e-6,***,10
tmp2,-9.834275593733639e-4,1.3850739113639569e-4,-7.100181090010784,1.245935227787331e-12,***,10
pre,0.11672182268389028,0.1043814906764125,1.1182233739670704,0.26347160380763324, ,10
pre2,-0.05386897829076626,0.0643218128438838,-0.8374916052430342,0.4023162936813855, ,10
tmp_pre,-0.020610754652455467,0.008894439285147618,-2.3172629540427963,0.02048941202989311,**,10
tmp2_pre,7.012424405320486e-4,2.001020323042883e-4,3.5044243801866704,4.575955055922891e-4,***,10
pre2_tmp,0.006479212204093547,0.005371836880149124,1.206144629602692,0.22776172916572238, ,10
tmp2_pre2,-1.8912732286558226e-4,1.1367514130888985e-4,-1.6637526963935407,0.09616186065883728,*,10
T_1,-0.0165365590898744,0.007218736134314134,-2.2907831484888552,0.02197595875194915,**,10
T_2,-0.01610214166173405,0.0072018603510164035,-2.2358308654876295,0.025362852292752067,**,10
tmp,0.01471458216488446,0.003516298007221564,4.184680062572776,2.855680125696281e-5,***,11
tmp2,-6.442103991725673e-4,1.141458730380804e-4,-5.643746742886194,1.6638877868779517e-8,***,11
pre,0.0321492263686502,0.045928240959849195,0.6999881923793965,0.4839346784285744, ,11
pre2,-0.014259406572315692,0.02147672245372743,-0.6639470525839419,0.506724199646134, ,11
tmp_pre,-0.005811152638532599,0.004609680887525925,-1.2606409815173822,0.2074382264440786, ,11
tmp2_pre,2.139011772810147e-4,1.2428388933683322e-4,1.721069226448984,0.0852382627049629,*,11
pre2_tmp,0.0013784342098678787,0.0019264257665071007,0.7155397492254202,0.4742755883279565, ,11
tmp2_pre2,-4.2120908623031114e-5,4.535597589127449e-5,-0.9286738471684889,0.3530581382215323, ,11
T_1,-0.006737541278502667,0.0077362448940692125,-0.8709058943658602,0.38380553812877705, ,11
T_2,-0.006935219315659757,0.007649494437760141,-0.9066245321292721,0.3646053842329846, ,11
tmp,0.012945548149712676,0.0027576935060895937,4.6943389905825494,2.6747017911463387e-6,***,12
tmp2,-4.906864227977763e-4,9.434835532193923e-5,-5.200794662752059,1.984382414113665e-7,***,12
pre,0.14925585166738842,0.05166233398551838,2.889065207724195,0.003863889399836958,***,12
pre2,-0.10937906470160708,0.03180361153746338,-3.439202638126897,5.834303460669812e-4,***,12
tmp_pre,-0.010228182650159512,0.00457810976160065,-2.234149721780244,0.025473223349296387,**,12
tmp2_pre,1.8316053710852308e-4,1.1839925737591781e-4,1.5469736987199854,0.12186958795185522, ,12
pre2_tmp,0.008461524773888434,0.0027061637142601854,3.1267601177638498,0.00176744074937906,***,12
tmp2_pre2,-1.6594321824447232e-4,6.0356420974112547e-5,-2.749387978383393,0.005970666755311189,***,12
T_1,-8.223747074283071e-4,0.0015364582899870512,-0.5352405026466666,0.592483562354752, ,12
T_2,-0.0034518705838467614,0.0021676434681933226,-1.5924531107155784,0.11128293077685183, ,12
tmp,0.009629215870092106,0.003533841133099303,2.7248581663451703,0.0064329115058658305,***,13
tmp2,-3.927507600917271e-4,1.186008955473577e-4,-3.3115328369076313,9.278634979187227e-4,***,13
pre,0.07912224758083411,0.04639086247223044,1.7055567274308958,0.08809064192931285,*,13
pre2,-0.05286867690014431,0.02397685556589959,-2.204987920740337,0.027454942171530064,**,13
tmp_pre,-0.0064262365710652455,0.004295698898426172,-1.4959699743898822,0.13466147978523577, ,13
tmp2_pre,1.5745410006552695e-4,1.156456947769463e-4,1.3615215021122866,0.1733489431788917, ,13
pre2_tmp,0.0040487715639633244,0.0020437237386193062,1.9810757625678819,0.04758277791013036,**,13
tmp2_pre2,-8.394336477447182e-5,4.634095714928966e-5,-1.8114292396690073,0.07007443321766654,*,13
T_1,-0.006661742170282754,0.005454656534345491,-1.2212945266740067,0.22197452499687376, ,13
T_2,-2.878972756015704e-4,0.002318530063915173,-0.12417232801174646,0.9011788316925107, ,13
tmp,0.009961262377358025,0.003298068037265971,3.0203325901110585,0.0025249725031016826,***,14
tmp2,-2.4747339451055135e-4,1.0716734634871087e-4,-2.3092238722166347,0.020931161527791602,**,14
pre,0.07805721690674852,0.04599929415106543,1.696922058203812,0.08971139710876061,*,14
pre2,-0.051544155093306225,0.022337434998838182,-2.3075234509238483,0.021025656441207147,**,14
tmp_pre,-0.0026156867534554277,0.003986792374934364,-0.6560880295399106,0.5117674859889441, ,14
tmp2_pre,6.586883580927804e-6,1.1046307593357727e-4,0.05962973170228008,0.952450538020809, ,14
pre2_tmp,0.003057956224532343,0.001831461983395228,1.6696804259422284,0.09498260850806159,*,14
tmp2_pre2,-4.642058090125181e-5,4.187217405108446e-5,-1.1086260017122171,0.26759155631990955, ,14
T_1,-0.011920916311496882,0.00860497096279764,-1.3853522996225387,0.16594476902361574, ,14
T_2,-0.011990588406286362,0.008655911435859297,-1.385248508506259,0.16597649260907751, ,14
tmp,0.005928340175191021,0.003669397577114934,1.6156167465102493,0.10617720091635266, ,15
tmp2,-2.1487952192927954e-4,1.1467417189450124e-4,-1.8738266723823906,0.060954318856561655,*,15
pre,0.08861650840964137,0.05305975790115988,1.670126512350789,0.0948943356622402,*,15
pre2,-0.06230172933335345,0.024395445926546275,-2.553826214980513,0.010654642028332236,**,15
tmp_pre,-0.004053038768008409,0.005012136095943575,-0.8086449949530734,0.4187193756451402, ,15
tmp2_pre,4.7281566133693294e-5,1.3652158173545607e-4,0.34633034229938003,0.729094468072639, ,15
pre2_tmp,0.004610067615008909,0.002121336172725772,2.1731904986493897,0.029765982597540753,**,15
tmp2_pre2,-9.243515617083979e-5,5.066071505324082e-5,-1.824592409990601,0.06806255964717862,*,15
T_1,-0.0011551758900828614,0.003038039127166987,-0.3802373312947021,0.7037692502357985, ,15
T_2,-0.001199966172699926,0.0023766557906854994,-0.5048969133026282,0.6136312422211764, ,15
tmp,0.019189456865128577,0.005582493115758287,3.4374349358283114,5.872517881567724e-4,***,16
tmp2,-6.405850655091426e-4,1.614294849872544e-4,-3.9682036126158726,7.241644960012253e-5,***,16
pre,0.07105212080227849,0.07728171982489611,0.9193910405108406,0.35789107391255714, ,16
pre2,-0.026694689722148158,0.03144013087942903,-0.8490642047426791,0.39584556702005097, ,16
tmp_pre,-0.010067587168873389,0.00792678256317078,-1.2700723261477063,0.20405886820370678, ,16
tmp2_pre,3.4633014851488545e-4,2.041522905657524e-4,1.6964303831964163,0.0898044038067072,*,16
pre2_tmp,0.003291844655012074,0.0029381743638804535,1.1203707633826494,0.26255579841375853, ,16
tmp2_pre2,-1.0137507666076419e-4,7.015259713316411e-5,-1.4450651979189504,0.14843957327097232, ,16
T_1,-0.00795705335531456,0.006713220894372594,-1.185281026874092,0.23590635254728068, ,16
T_2,-0.007694149574361164,0.0066895134409667234,-1.1501807481605504,0.25006943380775054, ,16
tmp,0.022410122105028178,0.0051576090969003355,4.345060217629988,1.392374618042522e-5,***,17
tmp2,-7.218666547316478e-4,1.459536913156563e-4,-4.945860897553154,7.580808008524094e-7,***,17
pre,0.07488614415366822,0.07117611258416934,1.0521246726577205,0.29274235370690227, ,17
pre2,-0.02997085215615766,0.028619088494704265,-1.0472329390121398,0.2949921568503205, ,17
tmp_pre,-0.009756770270565915,0.007586947109163233,-1.2859942385497916,0.1984450724206192, ,17
tmp2_pre,3.340351723079255e-4,1.946450711449155e-4,1.7161244841346766,0.08613926084604298,*,17
pre2_tmp,0.002688296147586084,0.0028717261486875994,0.9361255246481828,0.3492085625382799, ,17
tmp2_pre2,-7.572713235797286e-5,6.983045093775776e-5,-1.0844428374874884,0.2781684989653533, ,17
T_1,2.182679381506181e-4,0.007607535081019424,0.028691019604390675,0.9771110187383933, ,17
T_2,-6.729476043472235e-4,0.003097314972058139,-0.21726805649993539,0.8279994497101549, ,17
tmp,0.027902814814293922,0.004918385454767815,5.673165527774021,1.4018265690805977e-8,***,18
tmp2,-9.673887273996902e-4,1.4417763322111064e-4,-6.709700428471482,1.9502437548301518e-11,***,18
pre,0.2709547424170783,0.0705432000200677,3.840976059209091,1.2254606720234112e-4,***,18
pre2,-0.13360057491639118,0.03135466026020376,-4.260947935894585,2.0356165468213028e-5,***,18
tmp_pre,-0.030607007305712364,0.007021088992828785,-4.35929630531301,1.3048134223294117e-5,***,18
tmp2_pre,8.629255142964869e-4,1.817794726078322e-4,4.747100989549832,2.063529336173215e-6,***,18
pre2_tmp,0.013540943219756393,0.0027756849174038513,4.8784151021080175,1.069416764495007e-6,***,18
tmp2_pre2,-3.411525154327851e-4,6.364803945296608e-5,-5.359984665118966,8.322901645686603e-8,***,18
T_1,-0.0034347942959325993,0.00263863819999561,-1.3017299211154882,0.19300872737009528, ,18
T_2,-4.603389118383658e-4,0.00173604671377643,-0.2651650489502028,0.7908823183146543, ,18
tmp,0.010859158929346623,0.003345314375776045,3.2460802512252735,0.0011700585118411247,***,19
tmp2,-4.3225215413697504e-4,1.101715265822768e-4,-3.923447078807303,8.729094688872501e-5,***,19
pre,0.07797259380294017,0.054368662485821444,1.4341458891558034,0.15153063484389456, ,19
pre2,-0.06163405462742819,0.03039267835739383,-2.0279244199099704,0.04256796238495494,**,19
tmp_pre,-0.009686133487583492,0.004775191408175044,-2.0284283203812525,0.04251655212528367,**,19
tmp2_pre,3.10779831311327e-4,1.2375325971807159e-4,2.5112860220355397,0.012029218813712628,**,19
pre2_tmp,0.0052025545569474455,0.002490641669811376,2.088841048476255,0.036722033955253294,**,19
tmp2_pre2,-1.1850183184116851e-4,5.397709724362672e-5,-2.1954094957405377,0.02813423656618927,**,19
T_1,-0.004575744947121714,0.005890569333888304,-0.776791628747592,0.4372817164799207, ,19
T_2,-0.004494994609064361,0.005977867967330008,-0.7519394261683624,0.4520874869589102, ,19
tmp,0.021840839424591408,0.0038437456168597065,5.682176085948973,1.3299162925792624e-8,***,20
tmp2,-7.695174934816987e-4,1.2410856503807647e-4,-6.200357672700599,5.633498540812995e-10,***,20
pre,0.19598010740653315,0.05901034602510492,3.3211143571867354,8.965879260059093e-4,***,20
pre2,-0.1066975744783358,0.029857841645024672,-3.5735193369583445,3.5221521990563576e-4,***,20
tmp_pre,-0.022481263368351594,0.005963692173629933,-3.7696887622333257,1.6345124933455488e-4,***,20
tmp2_pre,6.506256540273094e-4,1.6008801313193195e-4,4.064174708015864,4.8202711727678885e-5,***,20
pre2_tmp,0.010190845240567206,0.0025527551630463463,3.992096613137743,6.549167840849807e-5,***,20
tmp2_pre2,-2.498995401796202e-4,5.750366765914672e-5,-4.3458017610442,1.3876785399566056e-5,***,20
T_1,-0.006008679771854587,0.007976428810305075,-0.7533045069106273,0.45126695114444, ,20
T_2,9.88647686070572e-6,0.0015699588546027664,0.006297284054114407,0.9949755274864889, ,20
tmp,0.010971958333377687,0.0031126161110325208,3.524995676302034,4.2348970352329744e-4,***,21
tmp2,-4.572881844407513e-4,9.946433196104328e-5,-4.597509231951159,4.275716881606422e-6,***,21
pre,0.05137907159461759,0.04458749862053023,1.1523201162704426,0.2491895536452433, ,21
pre2,-0.03639033285870097,0.023746451324224434,-1.5324535174473901,0.1254105596655091, ,21
tmp_pre,-0.006310281778716091,0.0038101198523881065,-1.6561898373776702,0.0976833806403152,*,21
tmp2_pre,2.1337283159870727e-4,1.0065913680123742e-4,2.1197562226272164,0.03402660889387201,**,21
pre2_tmp,0.002959103105560206,0.001954417298519746,1.5140590025484308,0.1300108755006964, ,21
tmp2_pre2,-6.863462772171103e-5,4.3285745009726684e-5,-1.585617336753433,0.11282614105726345, ,21
T_1,-0.0019002954896264544,0.007255277840128131,-0.2619190514133218,0.7933838513122803, ,21
T_2,-2.6481932827523063e-4,0.007317073730486347,-0.03619197209560287,0.971129287137222, ,21
tmp,0.024961132574228447,0.006256518431505639,3.9896202412723523,6.617916481564341e-5,***,22
tmp2,-7.238830621827824e-4,1.616195052557215e-4,-4.478933783626071,7.501679763539666e-6,***,22
pre,0.23688532855502173,0.08508538053408564,2.7840896646178157,0.005367819281956287,***,22
pre2,-0.09182364462682242,0.03322680793415237,-2.7635409579155192,0.0057177915819352065,***,22
tmp_pre,-0.02663916509224899,0.00824417581975719,-3.2312708601396096,0.0012324109310449926,***,22
tmp2_pre,7.229004965242331e-4,2.0071923503039548e-4,3.6015506755730824,3.1632474543141526e-4,***,22
pre2_tmp,0.009145614854037034,0.0029306836843733235,3.120642088671083,0.0018045721613157838,***,22
tmp2_pre2,-2.268157722707074e-4,6.56523885750609e-5,-3.454798480201328,5.50704272306873e-4,***,22
T_1,-0.005096428727119408,0.006380335832204024,-0.7987712341716812,0.4244230731799824, ,22
T_2,-0.0051922389450568636,0.0064808711379192065,-0.8011637378002118,0.4230368610608906, ,22
tmp,0.023569369916154582,0.004753967235629922,4.957831795622701,7.128423655201564e-7,***,23
tmp2,-8.632222534438382e-4,1.3775630202966864e-4,-6.2662995501862815,3.697287858620335e-10,***,23
pre,0.22869852285840472,0.06488993016030471,3.5244069810743466,4.244318049802425e-4,***,23
pre2,-0.09119097690892754,0.026955314021912365,-3.383042647353211,7.168749913867929e-4,***,23
tmp_pre,-0.02751686300073077,0.007039691312126717,-3.908816705262297,9.274929952879658e-5,***,23
tmp2_pre,7.780112581485349e-4,1.8353615017536784e-4,4.2390082684264065,2.245093903250743e-5,***,23
pre2_tmp,0.009046111462369952,0.002668365723568643,3.3901317883336404,6.985903117658711e-4,***,23
tmp2_pre2,-2.2583301284592898e-4,6.522504691866418e-5,-3.462366429993425,5.354476145256177e-4,***,23
T_1,-6.181657265061285e-4,0.0026317241739783146,-0.23489001340579782,0.8142941008991493, ,23
T_2,-6.181657265061649e-4,0.0026317241739799847,-0.23489001340566257,0.8142941008992544, ,23
tmp,0.010712649380968078,0.0026625801725737703,4.023409131982211,5.7361721779865926e-5,***,24
tmp2,-5.164672456990106e-4,9.428329125314731e-5,-5.47782368258989,4.305888650284443e-8,***,24
pre,0.032575351515999884,0.0420431548708857,0.7748074952043587,0.43845341968202883, ,24
pre2,-0.023463866576338747,0.024496847142270274,-0.957832101415652,0.33814742905455075, ,24
tmp_pre,-0.005750004048289058,0.0037195084157592155,-1.5459042985161209,0.12212768228194083, ,24
tmp2_pre,2.2461331240715058e-4,9.88063904029624e-5,2.2732670578401803,0.02301009142074698,**,24
pre2_tmp,0.0022334333687924,0.002076134849156557,1.075765078409886,0.2820323339697972, ,24
tmp2_pre2,-6.320970251293291e-5,4.644191875497348e-5,-1.3610484710251936,0.173498372177983, ,24
T_1,-0.004059953836498196,0.005967597421498279,-0.6803330636668294,0.49629359360143344, ,24
T_2,-0.0015747205813434393,0.0013829384649521465,-1.1386772595105517,0.2548377909590861, ,24
tmp,0.014738079486927274,0.0036019423070223007,4.091703372981322,4.282161720938344e-5,***,25
tmp2,-5.890184174970743e-4,1.2063266078979724e-4,-4.8827441394452915,1.046195846726371e-6,***,25
pre,0.052727956099498666,0.04945189860340655,1.0662473552808434,0.28631184046127095, ,25
pre2,-0.03616299297300054,0.026745854767585203,-1.3520971113934446,0.17634425127979853, ,25
tmp_pre,-0.008976659314257118,0.005119634526710213,-1.753378931137368,0.07953698502718545,*,25
tmp2_pre,3.321648555805384e-4,1.426858423621195e-4,2.327945436503392,0.01991500115866681,**,25
pre2_tmp,0.003927525436108773,0.0024158769708248567,1.625714174827285,0.10401047321223066, ,25
tmp2_pre2,-1.1284144852211983e-4,5.748447284317946e-5,-1.962990055244257,0.04964732958803781,**,25
T_1,-0.003639237920454806,0.005912093911757882,-0.6155582057343754,0.5381861425407259, ,25
T_2,-6.892780552960911e-4,0.002720491551104441,-0.25336526225059003,0.7999859687554484, ,25
tmp,0.013058490884133689,0.004398230437160096,2.9690329032794964,0.0029873860651076735,***,26
tmp2,-5.479610564931749e-4,1.362959453752928e-4,-4.020376798329227,5.8105130519059055e-5,***,26
pre,0.12709170811498846,0.05915961406210951,2.148284942859153,0.03169112630234001,**,26
pre2,-0.08230504498126154,0.030925071827639684,-2.6614342382125153,0.007780853839081645,***,26
tmp_pre,-0.014634090419720643,0.005602538308490568,-2.6120464714257974,0.009000201915949281,***,26
tmp2_pre,4.522406239528175e-4,1.4737469874905954e-4,3.0686449423918054,0.0021503198932775773,***,26
pre2_tmp,0.007678553689836198,0.0027388375522421795,2.8035812797842157,0.0050538491962928474,***,26
tmp2_pre2,-1.8928491267385808e-4,6.357098282662953e-5,-2.9775363579020784,0.0029057517821421243,***,26
T_1,-0.0016180494794065246,0.008352916574386665,-0.19371071948307278,0.8464023978975664, ,26
T_2,-3.7014666310872257e-4,0.0028987617797012442,-0.12769130105850612,0.8983932744858274, ,26
tmp,0.015105661301825675,0.005460590495458525,2.7663054598928047,0.005669540108311136,***,27
tmp2,-5.55012062491692e-4,1.6549140292882478e-4,-3.353721417966309,7.973259304850488e-4,***,27
pre,0.14447311080055256,0.07771390649437222,1.859038070760409,0.0630217422682598,*,27
pre2,-0.056886403817101285,0.036663520793124627,-1.5515804970855112,0.12076263268834787, ,27
tmp_pre,-0.017831193080240414,0.008045763495352128,-2.216221380424757,0.026676344302345483,**,27
tmp2_pre,5.080505008067411e-4,2.1284996007243516e-4,2.3868949781989435,0.016991344375770413,**,27
pre2_tmp,0.005887181011979774,0.0032550543985049845,1.8086275346684528,0.07050888781719893,*,27
tmp2_pre2,-1.5050786734634606e-4,7.458099438122314e-5,-2.0180458653718167,0.043586484812939176,**,27
T_1,-0.019488937982422377,0.010585476608133191,-1.841101605897305,0.06560667039548365,*,27
T_2,-0.004693884130593901,0.004310091931269586,-1.089045014687486,0.276134035516722, ,27
tmp,0.015958440804843828,0.004480898873278537,3.5614373937360306,3.688300611888962e-4,***,28
tmp2,-6.616877144457801e-4,1.4428858701502105e-4,-4.585863151996184,4.521146764326692e-6,***,28
pre,0.16253642524818435,0.060957792031568675,2.66637651777168,0.00766737675961563,***,28
pre2,-0.08637381820617424,0.028949240808551362,-2.983629822190713,0.0028485116585567913,***,28
tmp_pre,-0.014926422225715276,0.006716123770818893,-2.2224757516485294,0.026251170976743274,**,28
tmp2_pre,4.0560050992138484e-4,1.892298726221693e-4,2.1434274847885013,0.032078788096642885,**,28
pre2_tmp,0.007187507265109564,0.0027293401973330685,2.6334230053595817,0.008452899850224158,***,28
tmp2_pre2,-1.652291194084136e-4,6.783946084378837e-5,-2.435590102770438,0.014867521317163021,**,28
T_1,-0.008267517619007174,0.005438136816108364,-1.5202849612973823,0.12843937203132635, ,28
T_2,-7.427180754754996e-4,0.0013607162092289715,-0.5458287851927253,0.5851836345396639, ,28
tmp,0.008690070558594217,0.002448253683974682,3.549497593111386,3.859669937817374e-4,***,29
tmp2,-3.741210766603089e-4,8.804191612378765e-5,-4.249351821628821,2.143899720522392e-5,***,29
pre,0.09067458466766856,0.04187808853498812,2.1652035190649204,0.03037210297406537,**,29
pre2,-0.06803937843418116,0.026925200331510305,-2.5269776119197647,0.01150488364798064,**,29
tmp_pre,-0.007398675008750069,0.003744556813968659,-1.9758479778301459,0.048171997645421065,**,29
tmp2_pre,2.2820974690966947e-4,1.0042649053556067e-4,2.2724058731183203,0.02306200731554768,**,29
pre2_tmp,0.005910249330505547,0.002369518405222325,2.4942829384568572,0.012621189413617114,**,29
tmp2_pre2,-1.4239270170449475e-4,5.411857772879603e-5,-2.6311242401466295,0.008510291862464832,***,29
T_1,-0.00571784828665494,0.006507634912905893,-0.8786369185086498,0.37959817170626864, ,29
T_2,-0.004194646398371943,0.00232475209276223,-1.8043413796384358,0.07117780661852842,*,29
tmp,0.011375414016521344,0.0029197720360930055,3.8959938912706935,9.779685356549586e-5,***,30
tmp2,-5.314318858411248e-4,1.0557749784262552e-4,-5.033571515715219,4.814250972874027e-7,***,30
pre,0.049280457018174045,0.040152865813259345,1.2273210397326253,0.21970195077760749, ,30
pre2,-0.03717843960342031,0.022380754196584838,-1.6611790325231088,0.09667749535008514,*,30
tmp_pre,-0.006158678257067981,0.004071633606618234,-1.5125816446394789,0.13038595955232146, ,30
tmp2_pre,2.3256584643239825e-4,1.1930968151031271e-4,1.9492621511381378,0.05126412610471639,*,30
pre2_tmp,0.0031604475506128863,0.002207314914060365,1.4318063682174058,0.1521992442586027, ,30
tmp2_pre2,-8.04803604092715e-5,5.70292530089916e-5,-1.411211898507288,0.1581821427941, ,30
T_1,7.266463916693236e-4,0.0069138268794335465,0.10510046090839609,0.916296093578836, ,30
T_2,-0.0015964152488021095,0.0022386690116618898,-0.7131091020985727,0.47577824756543047, ,30
tmp,0.019398972836575278,0.0066802563250784285,2.9039264202706363,0.003685147554401685,***,31
tmp2,-6.22340300900064e-4,2.0810619370246084e-4,-2.990493890776999,0.002785267006826545,***,31
pre,0.20630109850957692,0.08713259146286957,2.3676685732168252,0.01790056324026057,**,31
pre2,-0.07170240869501837,0.035966509394623425,-1.9935881991855748,0.04619707605521472,**,31
tmp_pre,-0.02230696309305359,0.009396472866987186,-2.3739719582892733,0.01759788691166896,**,31
tmp2_pre,5.826747692735046e-4,2.4741731192583715e-4,2.355028291020154,0.018521295530881037,**,31
pre2_tmp,0.006675335677369673,0.003364002960913956,1.9843429851072634,0.04721761731365922,**,31
tmp2_pre2,-1.5836038027906705e-4,7.969419004602652e-5,-1.9871006931321809,0.04691123945980066,**,31
T_1,-0.010088046659231761,0.007462721547417692,-1.3517919160098508,0.17644189094727974, ,31
T_2,-0.0020137423265263825,0.0030520085230079054,-0.6598088803964872,0.5093764838034314, ,31
tmp,0.016688059462789732,0.004299167384221274,3.8816956799676943,1.0373063559842954e-4,***,32
tmp2,-6.26774181627414e-4,1.2528169370136963e-4,-5.002919126567986,5.646863479364212e-7,***,32
pre,0.10383927411155434,0.06400488733700369,1.6223647666905723,0.10472526853874993, ,32
pre2,-0.06696307334014097,0.03846787733763156,-1.740753011984722,0.08172688156749511,*,32
tmp_pre,-0.01157689931680005,0.005962598956170339,-1.9415861106707177,0.052187225659219974,*,32
tmp2_pre,3.691802418450681e-4,1.4680735130925303e-4,2.514725853662338,0.011912497442796908,**,32
pre2_tmp,0.005706845342822097,0.003302221487121373,1.7281836984825913,0.08395529537981944,*,32
tmp2_pre2,-1.3732691327770667e-4,7.210684587807733e-5,-1.9044920299233088,0.05684613368715029,*,32
T_1,-4.97183813596828e-4,0.002365666094148126,-0.21016652131367822,0.8335377081279212, ,32
T_2,-4.971838135967456e-4,0.002365666094148139,-0.21016652131364222,0.8335377081279493, ,32
tmp,0.011848368574362576,0.0033474455172697814,3.5395254420828497,4.008471302522442e-4,***,33
tmp2,-4.6617410413490044e-4,1.1014212232422824e-4,-4.2324779502851015,2.31130579184987e-5,***,33
pre,0.0588738409297095,0.048665005360874446,1.2097777549418032,0.22636418429737298, ,33
pre2,-0.04226738157312134,0.02577683560636993,-1.63974283804938,0.10105864790063013, ,33
tmp_pre,-0.006628460205324395,0.004340771951912168,-1.5270233679068235,0.12675520073629223, ,33
tmp2_pre,2.204899190225001e-4,1.157768854924691e-4,1.904438162113475,0.05685314305890727,*,33
pre2_tmp,0.0038786267735767847,0.002156156073651981,1.7988617897253494,0.07204054618259861,*,33
tmp2_pre2,-9.768351530810465e-5,4.8721374904264734e-5,-2.0049416811419687,0.044969282045917054,**,33
T_1,-8.373831310973448e-4,0.00686840287558612,-0.12191817315694169,0.9029638228964884, ,33
T_2,-6.021929367389456e-4,0.006770531407873803,-0.08894323066556108,0.9291270265729835, ,33
tmp,0.00928101788902837,0.004660401041433963,1.991463354014848,0.0464299701773315,**,34
tmp2,-4.6248705852741336e-4,1.5177382963676446e-4,-3.0472121553120792,0.002309746250712988,***,34
pre,0.1353457019915232,0.06522103194182023,2.075184920598266,0.037969399640021495,**,34
pre2,-0.08909739353303736,0.030818243487021234,-2.8910600816869967,0.003839447106333164,***,34
tmp_pre,-0.011172843286239666,0.007267014129999703,-1.5374737252974244,0.12417734445740854, ,34
tmp2_pre,2.812693354505186e-4,2.040254325849193e-4,1.378599382865903,0.16801830694039438, ,34
pre2_tmp,0.007297671496856528,0.0029447410829291005,2.4782048035264332,0.01320453262475577,**,34
tmp2_pre2,-1.5956222407630688e-4,7.301690697915003e-5,-2.1852777757604804,0.028868485885026003,**,34
T_1,-0.002932234749136432,0.006080017289078353,-0.48227408076678646,0.6296112572697496, ,34
T_2,-0.002724923034513057,0.006035668492788757,-0.45146996356223285,0.651650868444878, ,34
tmp,0.01884663379724443,0.0038046872620247836,4.953530342784233,7.28789876614148e-7,***,35
tmp2,-6.854675448068409e-4,1.2172707538579542e-4,-5.631183881107436,1.7897678043625303e-8,***,35
pre,0.08073205099342466,0.049623613525381534,1.6268877910741375,0.10376093142912764, ,35
pre2,-0.04323613037546249,0.024231514971569217,-1.784293323227679,0.07437601460965372,*,35
tmp_pre,-0.011398124471639624,0.0049223764827602545,-2.3155734860101664,0.020581567907610118,**,35
tmp2_pre,3.6222960214337085e-4,1.3482271821547932e-4,2.6867104219367564,0.007215948129378538,***,35
pre2_tmp,0.004700051517989853,0.002204237220304296,2.132280262167521,0.03298381366396436,**,35
tmp2_pre2,-1.255864951823284e-4,5.345547701949357e-5,-2.349366279839405,0.018805397468124454,**,35
T_1,-6.417151283802106e-4,0.008332122080492783,-0.07701700985426006,0.9386100132521878, ,35
T_2,-0.004076295296220135,0.002749528891866671,-1.482543176133972,0.1381958241120651, ,35
tmp,0.012848739164413162,0.004668229750549895,2.7523793495595714,0.005916394248513588,***,36
tmp2,-4.032937729480563e-4,1.3373636715087196e-4,-3.0155879177807234,0.0025648157073886657,***,36
pre,0.06685838351125718,0.06962402511894375,0.9602774817606161,0.336915580104796, ,36
pre2,-0.043459542843787044,0.029916993526629305,-1.4526707974550794,0.14631517877987443, ,36
tmp_pre,-0.0054852965256440974,0.00683840028026837,-0.8021315367384182,0.4224768740864805, ,36
tmp2_pre,1.3184775937714e-4,1.7104339888322846e-4,0.7708438924740536,0.4407994671866927, ,36
pre2_tmp,0.0031231825787938036,0.002714431399936421,1.1505844571599624,0.24990323031405448, ,36
tmp2_pre2,-6.176071413176302e-5,6.229953173028188e-5,-0.9913511773916438,0.32151413130863543, ,36
T_1,-0.0012856797846520517,0.001743314554425948,-0.737491568224422,0.4608234689015415, ,36
T_2,-0.003489751917524285,0.0026928264172391583,-1.295943880817309,0.19499481984767722, ,36
tmp,0.009591079643472927,0.004683148230008467,2.0479983063563174,0.04056016534867456,**,37
tmp2,-4.2189496414159504e-4,1.3800793720933916e-4,-3.0570340566835523,0.002235388765037961,***,37
pre,0.1590749720804464,0.07525522151133344,2.113806442739521,0.03453180247280267,**,37
pre2,-0.11348409617826452,0.039942128472266455,-2.8412130379346565,0.00449422786623253,***,37
tmp_pre,-0.011520451326226104,0.0073688228052139195,-1.5634045804541044,0.11795746347212506, ,37
tmp2_pre,2.2851112276968107e-4,1.8858764876843837e-4,1.2116971830443872,0.22562831783382184, ,37
pre2_tmp,0.009084400210332872,0.003425281854823814,2.652161368133644,0.007997830824532898,***,37
tmp2_pre2,-1.872417450762198e-4,7.574276994981431e-5,-2.472074168931009,0.013433164341149504,**,37
T_1,-0.005421296642534609,0.005673939505522114,-0.9554731130387233,0.33933849587766385, ,37
T_2,-9.362446496505791e-4,0.001695776309098439,-0.5521038621823502,0.5808771959766308, ,37
tmp,0.0194764273605037,0.003692885825705607,5.274039945922861,1.334528395182293e-7,***,38
tmp2,-8.356925904475795e-4,1.1683865986380545e-4,-7.1525348837594995,8.518987275185374e-13,***,38
pre,0.07858003108404749,0.05165840158748507,1.521147164241422,0.12822291096628927, ,38
pre2,-0.04140876504367483,0.024452562290094213,-1.693432555346137,0.09037316250358675,*,38
tmp_pre,-0.01489865277765378,0.004851990481163792,-3.0706269592845965,0.002136098493900375,***,38
tmp2_pre,5.670691371363574e-4,1.304218688472746e-4,4.347960523402723,1.3740932874454548e-5,***,38
pre2_tmp,0.004987415465325544,0.0021028818895773667,2.3717049873532865,0.017706221909676072,**,38
tmp2_pre2,-1.5237864204866372e-4,4.871477737671256e-5,-3.1279757448200156,0.0017601470606437126,***,38
T_1,-0.008173355120604872,0.005955554024004832,-1.372392070940979,0.16994141714168506, ,38
T_2,1.4795450994955714e-4,0.00264310860937457,0.05597746132141242,0.9553597622621353, ,38
tmp,0.022992860044453865,0.00421019466993149,5.461234419554289,4.728351957868192e-8,***,39
tmp2,-8.1406264851142e-4,1.2071798265663098e-4,-6.743507724337405,1.546077528687989e-11,***,39
pre,0.09950047181547028,0.057847853921873305,1.7200373923957684,0.08542564483744874,*,39
pre2,-0.04194525584010242,0.026549089918905235,-1.5799131333023129,0.1141267611484537, ,39
tmp_pre,-0.015225059863422237,0.00561098536088758,-2.7134378160298467,0.006658906455479075,***,39
tmp2_pre,4.959642416756195e-4,1.4426994915684393e-4,3.4377515523792765,5.865656138143861e-4,***,39
pre2_tmp,0.004977028576218309,0.0024107261385960086,2.064535036367465,0.038967015511428706,**,39
tmp2_pre2,-1.4246381280979758e-4,5.7381040709761014e-5,-2.482768019673844,0.013036595500601158,**,39
T_1,-9.073514643435589e-4,0.0025034581897434073,-0.36243923228314756,0.7170238263949189, ,39
T_2,-0.0020878791953033962,0.00132827035814759,-1.5718781816490726,0.11597880545278103, ,39
tmp,0.015224240974583409,0.0036853049418704444,4.131066822073204,3.6108359206058805e-5,***,40
tmp2,-6.289823318947473e-4,1.2970980524480116e-4,-4.849150229681324,1.2399149267958464e-6,***,40
pre,0.053370445797250005,0.056511703636423286,0.9444140304213258,0.34495811450597424, ,40
pre2,-0.03450015958498331,0.031230798670861246,-1.1046838714750007,0.26929659443443127, ,40
tmp_pre,-0.00954733659170405,0.0051010603784760935,-1.8716376367527434,0.06125675273219369,*,40
tmp2_pre,3.602475828606573e-4,1.3803856393676257e-4,2.6097604364074076,0.00906056487487429,***,40
pre2_tmp,0.004238335469004605,0.0025813265713005734,1.6419214508256372,0.10060628373528402, ,40
tmp2_pre2,-1.2708154294003885e-4,5.7828147958153815e-5,-2.1975724180549387,0.02797959056515411,**,40
T_1,-8.907109302975379e-4,0.009102031788306986,-0.09785847281282828,0.9220446755520167, ,40
T_2,-0.0017523093810985033,0.002932127826637905,-0.5976238024751368,0.5500909783927856, ,40
tmp,0.012725548549113546,0.004178957471541213,3.045149091794974,0.00232564990991539,***,41
tmp2,-5.257531575426125e-4,1.2169867839461227e-4,-4.320122161374993,1.5594284909789043e-5,***,41
pre,0.08841745657953946,0.0626755420524603,1.4107170625749486,0.1583280578338194, ,41
pre2,-0.04526805821915267,0.0329193024224468,-1.3751220374671604,0.1690936132684295, ,41
tmp_pre,-0.010759758702391228,0.0058684071252876465,-1.8335058343219202,0.066727381724933,*,41
tmp2_pre,3.310670504991074e-4,1.4988233407809434e-4,2.208846376295481,0.027185328074806173,**,41
pre2_tmp,0.004475486405515441,0.002875094562728661,1.556639723622829,0.11955604696775601, ,41
tmp2_pre2,-1.1465824717825388e-4,6.580657203614481e-5,-1.742352528487229,0.081446777132726,*,41
T_1,2.1237037187885012e-4,0.002761014082974595,0.07691752577011546,0.9386891553022454, ,41
T_2,-2.597153211999991e-4,0.001461643556405578,-0.17768717965594963,0.8589686541779918, ,41
tmp,0.01259333930447788,0.004578148778626583,2.750749246785249,0.005945913855168689,***,42
tmp2,-6.753026533174865e-4,1.3065869166379017e-4,-5.168447997743384,2.3604594555403775e-7,***,42
pre,0.048948262442561105,0.0629604657479658,0.7774444146983234,0.436896616991516, ,42
pre2,-0.01736794521716543,0.030100473235541447,-0.5769990751061698,0.5639400803169385, ,42
tmp_pre,-0.010361261008305197,0.005585814538761695,-1.854923921373544,0.06360709144097053,*,42
tmp2_pre,3.877351588539781e-4,1.374739690093968e-4,2.820426016997262,0.004795993115027135,***,42
pre2_tmp,0.0023556214979843807,0.0025204909600489035,0.9345883541429866,0.3500004830352408, ,42
tmp2_pre2,-7.789161605013616e-5,5.4930567266512915e-5,-1.418001304669229,0.15619038386655862, ,42
T_1,-2.6456331234337647e-4,0.007009395927263184,-0.037744095937618856,0.9698917175536423, ,42
T_2,9.446504530609742e-4,0.002594963408751065,0.3640322826423309,0.7158339028096059, ,42
tmp,0.011445364576489146,0.0034989800465808642,3.2710574007626407,0.0010714616025397433,***,43
tmp2,-5.484057533764111e-4,1.0733731936076645e-4,-5.109180633933946,3.235589056827492e-7,***,43
pre,0.026123568121109202,0.04641338267674371,0.562845597853804,0.5735400276572159, ,43
pre2,-0.016553157875173852,0.022111859902943815,-0.7486099291435039,0.45409234578729707, ,43
tmp_pre,-0.00509627779553756,0.004091228438653626,-1.2456595548144662,0.21288940807471202, ,43
tmp2_pre,2.1349638623855677e-4,1.0594383529236418e-4,2.015184608423784,0.04388530962421479,**,43
pre2_tmp,0.0016954383707425496,0.001861094246718992,0.910990066049323,0.36230060785437107, ,43
tmp2_pre2,-5.280304833253502e-5,4.23175199020982e-5,-1.2477822059207426,0.21211082680159657, ,43
T_1,-3.417751095504086e-4,0.001751785980802317,-0.19510095028496335,0.8453139186531682, ,43
T_2,-3.417751095504929e-4,0.001751785980802493,-0.19510095028499186,0.8453139186531458, ,43
tmp,0.015693683913410247,0.0035922476975634686,4.3687644156762575,1.2495146688892048e-5,***,44
tmp2,-6.012544090727095e-4,1.1866509006379262e-4,-5.066817955891525,4.045208035367002e-7,***,44
pre,0.11330843856953168,0.04956884378315087,2.2858802005796788,0.022261268059567088,**,44
pre2,-0.07127112289898167,0.026470484661715043,-2.6924751779125136,0.007092381481696969,***,44
tmp_pre,-0.011523799346675164,0.004656915074501408,-2.474556474042842,0.013340172802247098,**,44
tmp2_pre,3.428842203673318e-4,1.3063984151716985e-4,2.624652758188373,0.008673737490195078,***,44
pre2_tmp,0.006283959143087958,0.0023565623561573124,2.666578767444451,0.007662764766606988,***,44
tmp2_pre2,-1.496051514779122e-4,5.712323870783581e-5,-2.6189893091161567,0.00881907113438455,***,44
T_1,-0.004011999660474269,0.00588189034183234,-0.6820935834081601,0.49517977771528543, ,44
T_2,6.315341653238511e-4,0.003083743776168751,0.20479462989252312,0.837732582819467, ,44
tmp,0.012794800600087478,0.0032248430746123794,3.9675730893123817,7.260824809264232e-5,***,45
tmp2,-5.889789300188242e-4,1.077932823862407e-4,-5.463966927998516,4.6561031855694384e-8,***,45
pre,0.11491219023391287,0.04828420067268756,2.3799128624472417,0.017316732369520214,**,45
pre2,-0.07845612522541646,0.027385826167849247,-2.86484419876744,0.004172144597450413,***,45
tmp_pre,-0.013470785766902992,0.004421450091268871,-3.046689545021447,0.002313765479515574,***,45
tmp2_pre,4.049975281705313e-4,1.1941832519178415e-4,3.391418591075624,6.953181622794012e-4,***,45
pre2_tmp,0.007729632211516223,0.002393115238408967,3.2299456739305095,0.0012381374206812158,***,45
tmp2_pre2,-1.9262351279255717e-4,5.5852301011493326e-5,-3.4488017378714435,5.63079969692417e-4,***,45
T_1,-4.277361468345768e-5,0.007748234306774042,-0.005520433816264698,0.9955953534611527, ,45
T_2,0.0013929170640698985,0.001891796201010214,0.73629340376415,0.46155215962937735, ,45
tmp,0.014764467002037028,0.0025517261611712745,5.786070318478043,7.205206207042391e-9,***,46
tmp2,-6.390629714803371e-4,9.272348608082175e-5,-6.892137024737211,5.496039362109416e-12,***,46
pre,0.16595350287386093,0.04463523267591709,3.717993453261442,2.0081147300270378e-4,***,46
pre2,-0.11641577818556122,0.027125985844581174,-4.291669945290376,1.773344041558712e-5,***,46
tmp_pre,-0.018913658482417647,0.003739351468392107,-5.058005015653257,4.236652946009947e-7,***,46
tmp2_pre,5.221281199428238e-4,1.0078702542208395e-4,5.1805092744449395,2.2128092503961126e-7,***,46
pre2_tmp,0.011660604946865072,0.002302008783898687,5.065404193252749,4.0753470449109135e-7,***,46
tmp2_pre2,-2.880680828604734e-4,5.245575775028503e-5,-5.491638958526114,3.982208201505309e-8,***,46
T_1,-0.002132809742991521,0.005791037815108911,-0.36829490863053704,0.7126533484709953, ,46
T_2,-0.0020307671151750116,0.005642576359628786,-0.35990068822189797,0.7189214023456668, ,46
tmp,0.01511711019603555,0.005094637664107581,2.967259144362249,0.003004675930556024,***,47
tmp2,-5.770855388022066e-4,1.5065833820153386e-4,-3.8304254891637406,1.2792186613873316e-4,***,47
pre,0.12467126217012056,0.07593585607638319,1.6417970193779718,0.10063207698239025, ,47
pre2,-0.052791026014780904,0.03501468498475206,-1.507682449171539,0.13163581953331963, ,47
tmp_pre,-0.01513037366495788,0.007943214928790174,-1.9048173567755113,0.056803816882317386,*,47
tmp2_pre,4.5356880445757695e-4,2.0689833621045256e-4,2.1922303135208225,0.028362880665970366,**,47
pre2_tmp,0.0048744157535348725,0.003194877372919722,1.52569729118594,0.12708526944630255, ,47
tmp2_pre2,-1.2104648828561313e-4,7.431181089798388e-5,-1.6288997243222503,0.10333424847712912, ,47
T_1,-0.005936264906281897,0.007897221879599242,-0.7516902775160653,0.4522373385746396, ,47
T_2,-0.005486726989972376,0.007861821191549,-0.6978951640200476,0.48524275895046765, ,47
tmp,0.019633631501735176,0.0036916638161251327,5.318369298952891,1.047013906669268e-7,***,48
tmp2,-7.07269425326379e-4,1.1220431314077008e-4,-6.303406754418147,2.911734155502228e-10,***,48
pre,0.10128778986409086,0.05218892073586629,1.94079104215853,0.05228362799828281,*,48
pre2,-0.059174702876485796,0.025408524240017414,-2.3289311223863995,0.019862714871421175,**,48
tmp_pre,-0.012554451248896816,0.005142798274141491,-2.4411712417385423,0.014639711062622528,**,48
tmp2_pre,4.0386187485228874e-4,1.3663037135402972e-4,2.9558718961966535,0.003117865598924465,***,48
pre2_tmp,0.005568296177626097,0.0023235563371173666,2.3964541288179806,0.016554565444823328,**,48
tmp2_pre2,-1.403513989313633e-4,5.584634051839899e-5,-2.513170919142383,0.011965134988035517,**,48
T_1,6.850508754629753e-5,0.004580858358138507,0.014954639980210061,0.9880683683832647, ,48
T_2,-7.414143178296386e-4,0.003052315243405588,-0.2429022753896198,0.8080811028476691, ,48
tmp,0.01791024226089591,0.006681682083370026,2.680499017675884,0.007351248023042282,***,49
tmp2,-5.363580014303837e-4,1.9620832911152738e-4,-2.733614846317308,0.0062643272920047954,***,49
pre,0.1874353433897811,0.08212360216878117,2.282356575209186,0.022468296897542196,**,49
pre2,-0.07841810336917937,0.03144861942659202,-2.4935308703208556,0.012647958557397268,**,49
tmp_pre,-0.02062670037535189,0.008839338805759937,-2.333511683239363,0.019621305860354547,**,49
tmp2_pre,5.401182423682438e-4,2.3127390824062688e-4,2.335405002998793,0.019522273319879702,**,49
pre2_tmp,0.007439712345836674,0.0030187973282364937,2.464462346063745,0.013721898039263724,**,49
tmp2_pre2,-1.758211974453659e-4,7.237801643244218e-5,-2.4292071835027125,0.015131882491061914,**,49
T_1,-0.0011780989744590627,0.006420053095781543,-0.18350299551777263,0.8544033685998699, ,49
T_2,-0.0019713640815045693,0.0016386636550460682,-1.203031552835135,0.22896411063296415, ,49
tmp,0.01915883643046178,0.003669545616804203,5.22103781534324,1.7792320130024484e-7,***,50
tmp2,-8.179490650018659e-4,1.1883404393039415e-4,-6.883120677782971,5.855538120104924e-12,***,50
pre,0.18102823316520164,0.055242479442635065,3.2769751646137664,0.0010492559816916945,***,50
pre2,-0.10324170147561865,0.02950542923046359,-3.4990747183919724,4.6687573016342105e-4,***,50
tmp_pre,-0.018111465991691146,0.005111616412824678,-3.5431974015598624,3.9530668156876074e-4,***,50
tmp2_pre,4.7287771898897526e-4,1.3198122211529638e-4,3.5829166559457826,3.3977904225254333e-4,***,50
pre2_tmp,0.010042662996570046,0.002550274001087612,3.9378760840157425,8.22060259996961e-5,***,50
tmp2_pre2,-2.4508817673685196e-4,5.7626770619453185e-5,-4.253026399055529,2.109007027733398e-5,***,50
T_1,-0.008108024420389652,0.006454710323525483,-1.2561407118206893,0.20906495781216705, ,50
T_2,-0.0016491873285239943,0.0015485330963199188,-1.0649997293847189,0.28687605221473045, ,50
tmp,0.017152374138328163,0.0039097030329073995,4.387129660222051,1.148563264459029e-5,***,51
tmp2,-6.683414250368919e-4,1.2462400707836732e-4,-5.362862587275169,8.191332060506529e-8,***,51
pre,0.12425818253138654,0.05450943487733324,2.2795720192479383,0.022633084047815114,**,51
pre2,-0.053977792783189246,0.023007031028255017,-2.3461433470880673,0.018968810557316647,**,51
tmp_pre,-0.01703741851240238,0.005748066807735196,-2.964025833776855,0.0030364279458357417,***,51
tmp2_pre,5.283317432350056e-4,1.52135799907116e-4,3.4727640933795323,5.151279265057583e-4,***,51
pre2_tmp,0.00585529553161744,0.0021227229785218296,2.7583889140799753,0.0058087044050373305,***,51
tmp2_pre2,-1.5768629596231348e-4,5.034693026420304e-5,-3.131994247411532,0.0017362327715370743,***,51
T_1,-6.43682025861767e-4,0.00244416112557183,-0.2633549888046651,0.7922769800690299, ,51
T_2,-9.138434111849196e-4,0.0017415790468729184,-0.524721179222824,0.5997770319936159, ,51
tmp,0.012849373662313554,0.003263922353372537,3.936789013695926,8.25791506015001e-5,***,52
tmp2,-6.092816618689563e-4,1.0227901281752004e-4,-5.957054581236518,2.568244881053391e-9,***,52
pre,-0.02067446655923292,0.0427176218454801,-0.4839798112829743,0.6284001970318034, ,52
pre2,0.006855211440523033,0.020803496340216412,0.3295220826544833,0.7417611055755804, ,52
tmp_pre,-0.001762208109688604,0.004119873669712724,-0.42773353043407314,0.6688451350438498, ,52
tmp2_pre,1.8431378276650447e-4,1.0909448535038545e-4,1.6894876232701643,0.09112602172445206,*,52
pre2_tmp,-7.50351049801327e-4,0.0018646602052912967,-0.4024063192168073,0.6873850201522345, ,52
tmp2_pre2,9.863522878404166e-7,4.365424096656304e-5,0.022594649820985618,0.9819736115640348, ,52
T_1,0.0027061217211329833,0.0071809416426196985,0.37684775281724137,0.7062867508255988, ,52
T_2,0.0030196430824794753,0.007244794832991262,0.4168017386398108,0.6768234306116676, ,52
tmp,0.011493061189405986,0.0033536946659783666,3.426984962583986,6.103228667944499e-4,***,53
tmp2,-4.7577907244549807e-4,1.0886561191600492e-4,-4.370333882958235,1.2405670062900228e-5,***,53
pre,5.418004249088875e-4,0.04508008545963171,0.012018620181943948,0.9904107593717718, ,53
pre2,-0.010005160434449668,0.02396836918190512,-0.4174318393761661,0.6763625702327504, ,53
tmp_pre,-0.0030386555081972433,0.004620978628787798,-0.6575783513187035,0.5108091091992935, ,53
tmp2_pre,1.5477261476904862e-4,1.27803324283613e-4,1.2110218230754866,0.2258870409833865, ,53
pre2_tmp,9.61893004742601e-4,0.0023523783688391277,0.40890233369102286,0.6826113363464259, ,53
tmp2_pre2,-3.328392753974737e-5,5.903341950905471e-5,-0.5638150020200369,0.5728800409274801, ,53
T_1,-4.341476904980264e-4,0.0025090717840300304,-0.173031195544635,0.8626269069452773, ,53
T_2,-4.3414769049806163e-4,0.0025090717840299914,-0.17303119554465174,0.8626269069452642, ,53
tmp,0.011721241869910103,0.0031268850696948014,3.748536197735643,1.7786966911203012e-4,***,54
tmp2,-4.978840230257015e-4,1.1562429704477368e-4,-4.306050162042532,1.661953851261166e-5,***,54
pre,0.06119828463265477,0.046703260139284976,1.3103642968422484,0.19007262573344602, ,54
pre2,-0.04271541823919964,0.02748934729074737,-1.5538898682245978,0.12021068889388704, ,54
tmp_pre,-0.005870721680479532,0.004599195048168076,-1.2764672119783054,0.2017904101358746, ,54
tmp2_pre,1.7869784698177165e-4,1.2601721400817275e-4,1.4180431490112322,0.1561781675592937, ,54
pre2_tmp,0.0036647580098394857,0.002602306834698726,1.408272829696411,0.1590502978333252, ,54
tmp2_pre2,-8.834664592477962e-5,6.17501695927368e-5,-1.4307109843981896,0.15251306379667742, ,54
T_1,-1.1141416955679226e-4,0.001339051362067252,-0.08320380585311457,0.9336894866021059, ,54
T_2,-0.0011495524774998214,0.0016939857605105329,-0.678608111294495,0.4973862020187161, ,54
tmp,0.03260722153994134,0.004684054726199674,6.961323777358306,3.3709003664870876e-12,***,55
tmp2,-0.0010674965248639954,1.4068026442588463e-4,-7.588104338731823,3.246194783916566e-14,***,55
pre,0.2544355709911861,0.06432190766075878,3.9556595916450252,7.632377620422059e-5,***,55
pre2,-0.10847281631739815,0.026676285582293964,-4.066263872560862,4.777284194294998e-5,***,55
tmp_pre,-0.03348761456844359,0.006597519534198491,-5.075788619474225,3.858921069730512e-7,***,55
tmp2_pre,9.979820207617507e-4,1.7300674573167974e-4,5.768457273391783,8.00004894429571e-9,***,55
pre2_tmp,0.012100474816069231,0.0024588683126955516,4.921156108113818,8.603446982918048e-7,***,55
tmp2_pre2,-3.2244773902190407e-4,5.864724035886088e-5,-5.498088862303751,3.8392945646347745e-8,***,55
T_1,-4.5758173875129363e-4,0.002452967374433206,-0.18654212180748003,0.8520196500805302, ,55
T_2,-4.575817387515994e-4,0.0024529673744327143,-0.1865421218076421,0.852019650080403, ,55
tmp,0.021331176444829146,0.003746767260088448,5.693221639906609,1.2466438589619664e-8,***,56
tmp2,-8.674880350506075e-4,1.1152193689831203e-4,-7.7786313543101455,7.331335460568044e-15,***,56
pre,0.07112442821725821,0.052059040312868565,1.3662262652136683,0.1718679560021111, ,56
pre2,-0.027220963085123156,0.026281674447156456,-1.035739299634629,0.3003237827040612, ,56
tmp_pre,-0.015954399595113102,0.005028308416645975,-3.1729158741132153,0.0015091624692267545,***,56
tmp2_pre,5.608587996927983e-4,1.3182672560872977e-4,4.254515137980924,2.0950248679164627e-5,***,56
pre2_tmp,0.004242791409467962,0.0023097614665321883,1.8368959180178772,0.06622526202242669,*,56
tmp2_pre2,-1.3406837391291885e-4,5.3271527575188796e-5,-2.5166985069780723,0.011846014833404198,**,56
T_1,-0.002453852632866801,0.0021677764324956853,-1.1319675756608194,0.2576480664753685, ,56
T_2,-8.456215530381294e-4,0.0015956473954452008,-0.5299551488956574,0.5961430280196321, ,56
tmp,0.02097418580750349,0.004713840499437748,4.449489924405636,8.607446758021203e-6,***,57
tmp2,-6.364669421592042e-4,1.335561356693206e-4,-4.765538767421885,1.8834967679104142e-6,***,57
pre,0.07351169712118048,0.08992170996492799,0.8175077759292181,0.4136383073735436, ,57
pre2,-0.036000071453005184,0.056977846734100654,-0.6318257624056458,0.5275007374436496, ,57
tmp_pre,-0.011464359226682163,0.007728749883558239,-1.483339401507982,0.13798425884865423, ,57
tmp2_pre,4.262374181835909e-4,1.7607100097584102e-4,2.420826915399178,0.01548524846398442,**,57
pre2_tmp,0.0033897865818843507,0.004804056039331503,0.7056092922588073,0.4804311439925065, ,57
tmp2_pre2,-9.711053604056077e-5,1.0208311140578997e-4,-0.9512889517496901,0.34145771389202106, ,57
T_1,-0.006869303924659985,0.007560116628633632,-0.9086240678672572,0.36354859772674925, ,57
T_2,-0.0020202544307738987,0.0026131957399919492,-0.773097246354811,0.43946483064433, ,57
tmp,0.01954279542066217,0.005400782863997203,3.6185115959648573,2.963022254222779e-4,***,58
tmp2,-7.270432820633227e-4,1.5120514438140582e-4,-4.808323718334609,1.522011583946814e-6,***,58
pre,0.13185442463537717,0.08215298023432739,1.6049865051673702,0.1084967745288726, ,58
pre2,-0.053597065156165684,0.03678927519776406,-1.45686656961981,0.14515321568749237, ,58
tmp_pre,-0.015540327386577518,0.0080980871782248,-1.9190121129301239,0.05498280090379122,*,58
tmp2_pre,4.375877109927481e-4,2.0218812901191414e-4,2.164260152815217,0.03044438904241303,**,58
pre2_tmp,0.005194535817931855,0.0032919707335782164,1.5779410688398317,0.11457914892174462, ,58
tmp2_pre2,-1.2795612592077463e-4,7.519718024340494e-5,-1.7016080324633827,0.08882887075309012,*,58
T_1,-0.003584189894142985,0.0025028468254136966,-1.4320452445389074,0.15213087325388627, ,58
T_2,-0.0010986341160000373,0.0018698341938743993,-0.5875569714144584,0.5568296997032369, ,58
